group,phase,nll,alpha_gyro,alpha_acc,integration_covariance,ratio_acc,ratio_q
MH,sweep_q_zero,-18.966691922811115,716.9229850296477,13.13090250483641,0.0,0.00033546262790251185,0.0
MH,sweep,-18.9724671785945,716.3648610069257,13.120680106781105,8.184615220846917e-09,0.00033546262790251185,1.1253517471925912e-07
MH,sweep,-19.008901031022795,712.8514123018076,13.05632904904407,5.988481468517785e-08,0.00033546262790251185,8.315287191035679e-07
MH,sweep,-19.25616063705484,689.3507449679919,12.62589931251363,4.1379776778835925e-07,0.00033546262790251185,6.14421235332821e-06
MH,sweep,-20.44022818120498,584.8663423627405,10.712200724890728,2.200948435177863e-06,0.00033546262790251185,4.5399929762484854e-05
MH,sweep,-22.79519342698709,407.39316834142306,7.461666157078798,7.890655022632525e-06,0.00033546262790251185,0.00033546262790251185
MH,sweep,-23.975031361261763,298.3019377644082,5.463590571902558,3.12598353025098e-05,0.00033546262790251185,0.0024787521766663585
MH,sweep,-22.96138952969948,259.8001327351229,4.758405414421719,0.00017520328206835174,0.00033546262790251185,0.01831563888873418
MH,sweep,-20.573243486199182,250.4432052331416,4.587027309187365,0.0012030148014734242,0.00033546262790251185,0.1353352832366127
MH,sweep,-17.695616959243466,248.66087756177296,4.554382839177177,0.008763071432793515,0.00033546262790251185,1.0
MH,sweep,-14.713708312253106,248.39763469125666,4.549561377820767,0.06461380308349671,0.00033546262790251185,7.38905609893065
MH,sweep,-11.716189402999662,248.36152686761827,4.548900039961948,0.4772962230718821,0.00033546262790251185,54.598150033144236
MH,sweep,-8.716525794675645,248.35663114656438,4.548810371703025,3.5266295296029324,0.00033546262790251185,403.4287934927351
MH,sweep,-5.716571331725573,248.35596841271695,4.5487982333091965,26.058324361769582,0.00033546262790251185,2980.9579870417283
MH,sweep,-2.7165774949016157,248.3558787123266,4.548796590389238,192.5462814667083,0.00033546262790251185,22026.465794806718
MH,sweep,0.28342166871309793,248.3558665205635,4.548796367089309,1422.7351357141622,0.00033546262790251185,162754.79141900392
MH,sweep_q_zero,-20.672577667721924,511.53619811730465,15.447054708943329,0.0,0.0009118819655545162,0.0
MH,sweep,-20.675337090979163,511.3469653233478,15.441340373708135,4.170240322613966e-09,0.0009118819655545162,1.1253517471925912e-07
MH,sweep,-20.69288670623174,510.1448903198372,15.405040853924742,3.066943415059477e-08,0.0009118819655545162,8.315287191035679e-07
MH,sweep,-20.8184187238653,501.6176938775648,15.147541833440012,2.1910553033354801e-07,0.0009118819655545162,6.14421235332821e-06
MH,sweep,-21.57095900321292,452.99611661418334,13.6792974222198,1.3203393501392818e-06,0.0009118819655545162,4.5399929762484854e-05
MH,sweep,-23.84037008621324,327.4335289282175,9.887635818368203,5.097202297208495e-06,0.0009118819655545162,0.00033546262790251185
MH,sweep,-25.903814858823523,222.5438210835927,6.720241093529095,1.7398252029595573e-05,0.0009118819655545162,0.0024787521766663585
MH,sweep,-25.880000673262657,175.52791196114953,5.300483658809798,7.997529918761642e-05,0.0009118819655545162,0.01831563888873418
MH,sweep,-23.8907822446887,162.3478556091501,4.902480443620705,0.0005055284214600698,0.0009118819655545162,0.1353352832366127
MH,sweep,-21.09837583213895,159.76901785103502,4.824606291054954,0.003617650094257986,0.0009118819655545162,1.0
MH,sweep,-18.12935824452658,159.38575290028302,4.81303269238476,0.026602924888137775,0.0009118819655545162,7.38905609893065
MH,sweep,-15.13361412034128,159.33312798710503,4.811443557703957,0.19644072117571007,0.0009118819655545162,54.598150033144236
MH,sweep,-12.134191271860681,159.32599175110764,4.811228062049351,1.4513814907637512,0.0009118819655545162,403.4287934927351
MH,sweep,-9.134269402617052,159.32502570361953,4.811198889942949,10.72420920598984,0.0009118819655545162,2980.9579870417283
MH,sweep,-6.134279976419622,159.32489496734846,4.811194942049645,79.24165339397999,0.0009118819655545162,22026.465794806718
MH,sweep,-3.134281410474612,159.3248772256744,4.811194406297512,585.5208918983867,0.0009118819655545162,162754.79141900392
MH,sweep_q_zero,-22.577288006590088,347.26909060457604,17.289509955975966,0.0,0.0024787521766663585,0.0
MH,sweep,-22.578477385678823,347.2137447788947,17.286754449568893,1.9227531654672997e-09,0.0024787521766663585,1.1253517471925912e-07
MH,sweep,-22.58606158381553,346.86100284786755,17.26919246293263,1.4178478599473152e-08,0.0024787521766663585,8.315287191035679e-07
MH,sweep,-22.641320603880537,344.3000728854813,17.141691267809996,1.0322428285485239e-07,0.0024787521766663585,6.14421235332821e-06
MH,sweep,-23.011553361827907,327.54777109884304,16.30764327343955,6.903127674549677e-07,0.0024787521766663585,4.5399929762484854e-05
MH,sweep,-24.62040964180371,261.9560570525874,13.042024121853238,3.2624394671209364e-06,0.0024787521766663585,0.00033546262790251185
MH,sweep,-27.067518577278065,176.18116130080847,8.771543522813017,1.0904191577749857e-05,0.0024787521766663585,0.0024787521766663585
MH,sweep,-28.061025330571653,126.71645361685647,6.308840739555693,4.1680173691059346e-05,0.0024787521766663585,0.01831563888873418
MH,sweep,-26.768665403984436,109.24134100198617,5.438806113063024,0.00022888983680926787,0.0024787521766663585,0.1353352832366127
MH,sweep,-24.1626784608492,105.4604172360968,5.250565003037008,0.001576232937019788,0.0024787521766663585,1.0
MH,sweep,-21.22338856111339,104.88430088107361,5.221881858681624,0.011519970503664585,0.0024787521766663585,7.38905609893065
MH,sweep,-18.231771166017104,104.80488031286018,5.2179277414221685,0.08499284527058945,0.0024787521766663585,54.598150033144236
MH,sweep,-15.232908772912849,104.7941044721443,5.217391243903726,0.6278877653174514,0.0024787521766663585,403.4287934927351
MH,sweep,-12.233062789111868,104.79264561602288,5.217318611734269,4.6393687482207735,0.0024787521766663585,2980.9579870417283
MH,sweep,-9.233083633885178,104.79244817362692,5.217308781656203,34.280426766676776,0.0024787521766663585,22026.465794806718
MH,sweep,-6.233086454834675,104.79242145579438,5.217307451453648,253.29986731178272,0.0024787521766663585,162754.79141900392
MH,sweep_q_zero,-24.547912618824796,226.11059739266383,18.560288075825746,0.0,0.006737946999085467,0.0
MH,sweep,-24.548366822964823,226.09671458488708,18.559148505568498,8.153014612934332e-10,0.006737946999085467,1.1253517471925912e-07
MH,sweep,-24.551266439773038,226.00810362661235,18.551874875180452,6.019587112748227e-09,0.006737946999085467,8.315287191035679e-07
MH,sweep,-24.57256839942069,225.35798308221283,18.49850973118805,4.4223543596067934e-08,0.006737946999085467,6.14421235332821e-06
MH,sweep,-24.723541475985762,220.7931846038098,18.123808254369962,3.136663541144044e-07,0.006737946999085467,4.5399929762484854e-05
MH,sweep,-25.57964974561441,196.23328051431284,16.107808560980516,1.8307578333197898e-06,0.006737946999085467,0.00033546262790251185
MH,sweep,-27.773343413074386,141.0279941790139,11.576282708115562,6.986910732016451e-06,0.006737946999085467,0.0024787521766663585
MH,sweep,-29.514587500444783,96.54340389964976,7.924765176249257,2.4194057821120005e-05,0.006737946999085467,0.01831563888873418
MH,sweep,-29.166180780679248,76.14786192147828,6.250597141037379,0.00011121615886529197,0.006737946999085467,0.1353352832366127
MH,sweep,-26.926648159084472,70.8536791231754,5.816024153324019,0.0007114858057383646,0.006737946999085467,1.0
MH,sweep,-24.052744428642363,69.9989577659146,5.74586435188945,0.005131136158606721,0.006737946999085467,7.38905609893065
MH,sweep,-21.070377143741226,69.87996448733114,5.7360967887806735,0.03778545939214546,0.006737946999085467,54.598150033144236
MH,sweep,-18.072774352948827,69.86379706962826,5.73476968632078,0.2790697032987893,0.006737946999085467,403.4287934927351
MH,sweep,-15.073098980498733,69.86160787896753,5.734589986608406,2.0619324652986326,0.006737946999085467,2980.9579870417283
MH,sweep,-12.073142917728822,69.86131158296335,5.734565665151313,15.235605423433105,0.006737946999085467,22026.465794806718
MH,sweep,-9.07314886435971,69.86127148126072,5.734562373403105,112.57661393263389,0.006737946999085467,162754.79141900392
MH,sweep_q_zero,-26.431408897578926,143.30592814917176,19.394348375553825,0.0,0.01831563888873418,0.0
MH,sweep,-26.431573011161284,143.30271233431338,19.393913162339135,3.2752053778358914e-10,0.01831563888873418,1.1253517471925912e-07
MH,sweep,-26.432621214694045,143.28217402130875,19.391133603931443,2.4193739830771967e-09,0.01831563888873418,8.315287191035679e-07
MH,sweep,-26.44034894892397,143.1308271944258,19.370651038248283,1.7839143845576158e-08,0.01831563888873418,6.14421235332821e-06
MH,sweep,-26.49651184468182,142.0345181653206,19.222281745279478,1.2980290540713707e-07,0.01831563888873418,4.5399929762484854e-05
MH,sweep,-26.866535451628195,134.96639089271602,18.265714738889105,8.660377877835527e-07,0.01831563888873418,0.00033546262790251185
MH,sweep,-28.364961980975217,108.66600269751072,14.706344253258132,4.148221326579543e-06,0.01831563888873418,0.0024787521766663585
MH,sweep,-30.428394830215986,75.06757640736204,10.159291714976407,1.4627438796767045e-05,0.01831563888873418,0.01831563888873418
MH,sweep,-31.04240790621693,54.84416207485769,7.4223502082755575,5.769169186494026e-05,0.01831563888873418,0.1353352832366127
MH,sweep,-29.43747298511024,48.01205428213817,6.497724965044792,0.00032669463667672657,0.01831563888873418,1.0
MH,sweep,-26.705811746574376,46.76472063310313,6.328916712362077,0.002290166619117348,0.01831563888873418,7.38905609893065
MH,sweep,-23.744478022437697,46.586827907545505,6.304841549963004,0.01679367082479445,0.01831563888873418,54.598150033144236
MH,sweep,-20.749757714073844,46.56257375411475,6.301559107238788,0.12396020200945253,0.01831563888873418,403.4287934927351
MH,sweep,-17.750473109559394,46.55928799921131,6.301114428668284,0.915819620745827,0.01831563888873418,2980.9579870417283
MH,sweep,-14.75056994367881,46.55884326009251,6.301054239773674,6.766913275833556,0.01831563888873418,22026.465794806718
MH,sweep,-11.750583049123,46.55878306985359,6.301046093910643,50.000972531187585,0.01831563888873418,162754.79141900392
MH,sweep_q_zero,-28.17363961164022,89.25202572605397,19.914818793826203,0.0,0.049787068367863944,0.0
MH,sweep,-28.173698238463757,89.2513033409701,19.91465760792675,1.2704537255739341e-10,0.049787068367863944,1.1253517471925912e-07
MH,sweep,-28.17407276404807,89.2466886297298,19.91362792666866,9.386483123618513e-10,0.049787068367863944,8.315287191035679e-07
MH,sweep,-28.176837772810963,89.21262493971999,19.906027290061527,6.9304315903790666e-09,0.049787068367863944,6.14421235332821e-06
MH,sweep,-28.197139458321082,88.96280373105382,19.85028464376337,5.092294734108695e-08,0.049787068367863944,4.5399929762484854e-05
MH,sweep,-28.340452450668607,87.21343208457837,19.459947068126183,3.6161990489167677e-07,0.049787068367863944,0.00033546262790251185
MH,sweep,-29.134858206716295,77.92898226773845,17.388306293604625,2.1334012512125483e-06,0.049787068367863944,0.0024787521766663585
MH,sweep,-31.047958769944707,57.43300181268306,12.815034892269033,8.562222946534215e-06,0.049787068367863944,0.01831563888873418
MH,sweep,-32.40112479868629,40.46143740687356,9.028167008431366,3.1400392622713676e-05,0.049787068367863944,0.1353352832366127
MH,sweep,-31.696175132718608,32.71948537063729,7.300704010724505,0.00015172402535705042,0.049787068367863944,1.0
MH,sweep,-29.265940559220958,30.949715791430627,6.905815041090304,0.0010030988262976434,0.049787068367863944,7.38905609893065
MH,sweep,-26.35394535014163,30.68223710127048,6.8461324781185775,0.007284393511481339,0.049787068367863944,54.598150033144236
MH,sweep,-23.366092661440838,30.645442604876425,6.837922516245592,0.053695775072190075,0.049787068367863944,403.4287934927351
MH,sweep,-20.367741077249235,30.64045186779074,6.836808932280404,0.39663187643604053,0.049787068367863944,2980.9579870417283
MH,sweep,-17.367964247972196,30.63977624025477,6.836658179400102,2.9306059405473315,0.049787068367863944,22026.465794806718
MH,sweep,-14.367994452421973,30.639684800020333,6.836637776325947,21.654282449478277,0.049787068367863944,162754.79141900392
MH,sweep_q_zero,-29.79313040716233,54.95737065662651,20.21768680541158,0.0,0.1353352832366127,0.0
MH,sweep,-29.793151471629983,54.95720980840588,20.21762763265806,4.817026862133148e-11,0.1353352832366127,1.1253517471925912e-07
MH,sweep,-29.793286047706324,54.956182193549644,20.217249594279014,3.5591950648124904e-10,0.1353352832366127,8.315287191035679e-07
MH,sweep,-29.79428011693686,54.948591953294724,20.21445730093567,2.629182793586313e-09,0.1353352832366127,6.14421235332821e-06
MH,sweep,-29.80160787364371,54.89266310683251,20.193882228153793,1.9387651782652986e-08,0.1353352832366127,4.5399929762484854e-05
MH,sweep,-29.854817267458444,54.48772212677425,20.04491276670254,1.4115064844484835e-07,0.1353352832366127,0.00033546262790251185
MH,sweep,-30.20332692628471,51.88471277868445,19.08731914236323,9.456999592227296e-07,0.1353352832366127,0.0024787521766663585
MH,sweep,-31.57740921505905,42.28895777584837,15.557238154301817,4.642131771607215e-06,0.1353352832366127,0.01831563888873418
MH,sweep,-33.35067722951035,30.010578566052807,11.040274872111173,1.727432954248432e-05,0.1353352832366127,0.1353352832366127
MH,sweep,-33.633258087449306,22.556939787856304,8.298234403694451,7.21110448686189e-05,0.1353352832366127,1.0
MH,sweep,-31.78502732889355,20.206899084779053,7.433702743116248,0.0004275921630350963,0.1353352832366127,7.38905609893065
MH,sweep,-28.991486159691924,19.80276234503619,7.2850291451427935,0.0030343865625262843,0.1353352832366127,54.598150033144236
MH,sweep,-26.02076937014491,19.74588242474176,7.264104191851002,0.022292635379695433,0.1353352832366127,403.4287934927351
MH,sweep,-23.0247585391429,19.738142373868925,7.261256786261266,0.16459242263077334,0.1353352832366127,2980.9579870417283
MH,sweep,-20.02529889688303,19.737094093492995,7.260871145462378,1.216053466311411,0.1353352832366127,22026.465794806718
MH,sweep,-17.025372035198153,19.736952209910523,7.260818949409348,8.985358094817743,0.1353352832366127,162754.79141900392
MH,sweep_q_zero,-31.33157625538231,33.625173539045555,20.394698689589084,0.0,0.36787944117144233,0.0
MH,sweep,-31.3315838774093,33.62513778455565,20.394677003394737,1.8032579794984685e-11,0.36787944117144233,1.1253517471925912e-07
MH,sweep,-31.33163257415937,33.62490935150186,20.39453845174392,1.3324193333159768e-10,0.36787944117144233,8.315287191035679e-07
MH,sweep,-31.331992353974265,33.623221682000775,20.393514828448048,9.844332931959112e-10,0.36787944117144233,6.14421235332821e-06
MH,sweep,-31.334648430642133,33.61076422145013,20.385958996681925,7.268643744643718e-09,0.36787944117144233,4.5399929762484854e-05
MH,sweep,-31.354146595309842,33.51940967650531,20.330549664268794,5.3416852658323675e-08,0.36787944117144233,0.00033546262790251185
MH,sweep,-31.491600464997504,32.8800806686258,19.942777019346213,3.7978716644065076e-07,0.36787944117144233,0.0024787521766663585
MH,sweep,-32.24726836979413,29.497489803212556,17.89113195020919,2.2585703348516662e-06,0.36787944117144233,0.01831563888873418
MH,sweep,-34.01209462847235,22.070392677998242,13.386369831103147,9.342703892144082e-06,0.36787944117144233,0.1353352832366127
MH,sweep,-35.12149733112715,15.921408102784254,9.656822160135802,3.592562868132144e-05,0.36787944117144233,1.0
MH,sweep,-34.17376589977202,13.190310385634401,8.000327660013234,0.00018219666452340148,0.36787944117144233,7.38905609893065
MH,sweep,-31.65369990523726,12.59316286362406,7.638139379542538,0.0012271255410416656,0.36787944117144233,54.598150033144236
MH,sweep,-28.72643112018408,12.50419712407309,7.5841789308408645,0.00893963819550805,0.36787944117144233,403.4287934927351
MH,sweep,-25.736439302850457,12.491987125359241,7.576773192265865,0.0659265484417017,0.36787944117144233,2980.9579870417283
MH,sweep,-22.73779685234981,12.49033151335871,7.575769012826953,0.48700584959002424,0.36787944117144233,22026.465794806718
MH,sweep,-19.73798063344072,12.49010739246906,7.575633076635898,3.5983844040703787,0.36787944117144233,162754.79141900392
MH,sweep_q_zero,-32.81169534694939,20.54874371034683,20.54874371034683,0.0,1.0,0.0
MH,sweep,-32.811698103788295,20.548735777678047,20.548735777678047,6.734415890889584e-12,1.0,1.1253517471925912e-07
MH,sweep,-32.811715717278986,20.548685095771305,20.548685095771305,4.9760731348224504e-11,1.0,8.315287191035679e-07
MH,sweep,-32.811845858542505,20.548310623574306,20.548310623574306,3.6767143445301913e-10,1.0,6.14421235332821e-06
MH,sweep,-32.812807162728326,20.545544678359228,20.545544678359228,2.7160135189490484e-09,1.0,4.5399929762484854e-05
MH,sweep,-32.819893036894875,20.525164151392012,20.525164151392012,2.0028980828953536e-08,1.0,0.00033546262790251185
MH,sweep,-32.87132713369815,20.377624252697537,20.377624252697537,1.458752577167405e-07,1.0,0.0024787521766663585
MH,sweep,-33.20735416464694,19.43010879393561,19.43010879393561,9.799726720154597e-07,1.0,0.01831563888873418
MH,sweep,-34.514398878968755,15.950723117068984,15.950723117068984,4.879925779783253e-06,1.0,0.1353352832366127
MH,sweep,-36.11334892453336,11.529850555063359,11.529850555063359,1.8840342094968095e-05,1.0,1.0
MH,sweep,-36.15643159355428,8.88727935088947,8.88727935088947,8.271191090641806e-05,1.0,7.38905609893065
MH,sweep,-34.1706428788132,8.079245643853403,8.079245643853403,0.000505080941094102,1.0,54.598150033144236
MH,sweep,-31.34795144828275,7.942521428366072,7.942521428366072,0.0036068253193196013,1.0,403.4287934927351
MH,sweep,-28.372977263632308,7.923338978717462,7.923338978717462,0.026522457123014962,1.0,2980.9579870417283
MH,sweep,-25.376384058177187,7.920729871765794,7.920729871765794,0.19584687747358398,1.0,22026.465794806718
MH,sweep,-22.37684548529272,7.920376527017848,7.920376527017848,1.446994454607006,1.0,162754.79141900392
MH,sweep_q_zero,-34.21095045512959,12.629544713952948,20.82259900915259,0.0,2.718281828459045,0.0
MH,sweep,-34.21095143663236,12.629542966026351,20.82259612730883,2.543929004153275e-12,2.718281828459045,1.1253517471925912e-07
MH,sweep,-34.210957707494465,12.629531798454538,20.822577715095637,1.8797200880793776e-11,2.718281828459045,8.315287191035679e-07
MH,sweep,-34.21100404247194,12.629449282209102,20.82244166880661,1.3889175686829855e-10,2.718281828459045,6.14421235332821e-06
MH,sweep,-34.211346371957816,12.628839650702155,20.82143655637382,1.026179907298581e-09,2.718281828459045,4.5399929762484854e-05
MH,sweep,-34.21387355858786,12.624339720814213,20.814017426250906,7.577098245784712e-09,2.718281828459045,0.00033546262790251185
MH,sweep,-34.23242214555276,12.591342404907907,20.75961404964017,5.569530733224325e-08,2.718281828459045,0.0024787521766663585
MH,sweep,-34.36300851366362,12.360521985371365,20.379055514238345,3.965857663289715e-07,2.718281828459045,0.01831563888873418
MH,sweep,-35.074750543840445,11.142658636206836,18.371138305664687,2.381387752045948e-06,2.718281828459045,0.1353352832366127
MH,sweep,-36.668526641402025,8.495276736215603,14.006343455482627,1.0228135887880674e-05,2.718281828459045,1.0
MH,sweep,-37.44885795294229,6.353380670381766,10.474953852113458,4.2270768782533856e-05,2.718281828459045,7.38905609893065
MH,sweep,-36.20755213037922,5.435899024488803,8.962282347052765,0.00022864521503614414,2.718281828459045,54.598150033144236
MH,sweep,-33.5991362522031,5.240497667571726,8.640119973579912,0.0015701942525014477,2.718281828459045,403.4287934927351
MH,sweep,-30.657716607789226,5.211587840030051,8.592455725979681,0.011474596093453993,2.718281828459045,2980.9579870417283
MH,sweep,-27.665761387637687,5.207624427291154,8.585921163092499,0.0846575231116501,2.718281828459045,22026.465794806718
MH,sweep,-24.666852310747814,5.2070870893712655,8.585035242634424,0.6254101042025055,2.718281828459045,162754.79141900392
MH,sweep_q_zero,-35.43151936289562,7.907822020706736,21.49568890157541,0.0,7.38905609893065,0.0
MH,sweep,-35.431519695812895,7.907821642809374,21.495687874343876,9.973404841228733e-13,7.38905609893065,1.1253517471925912e-07
MH,sweep,-35.43152182283819,7.907819228404261,21.49568131131033,7.369400286886396e-12,7.38905609893065,8.315287191035679e-07
MH,sweep,-35.43153753944709,7.90780138835576,21.495632817030675,5.445266644390221e-11,7.38905609893065,6.14421235332821e-06
MH,sweep,-35.43165366485437,7.907669574132283,21.495274508822266,4.02340393624329e-10,7.38905609893065,4.5399929762484854e-05
MH,sweep,-35.43251142194504,7.906695967773497,21.4926279723491,2.9721837230632314e-09,7.38905609893065,0.00033546262790251185
MH,sweep,-35.43883309966094,7.899522418770756,21.47312824444939,2.1921799856013132e-08,7.38905609893065,0.0024787521766663585
MH,sweep,-35.48467011968932,7.8476097413346455,21.332014956708154,1.598594430223575e-07,7.38905609893065,0.01831563888873418
MH,sweep,-35.781842898749865,7.515034515929768,20.427981764894408,1.0832143962402674e-06,7.38905609893065,0.1353352832366127
MH,sweep,-36.88739301212458,6.308740303267261,17.148934126838604,5.640618511064157e-06,7.38905609893065,1.0
MH,sweep,-37.967181572575676,4.830353751763414,13.130262828447462,2.4433645400242223e-05,7.38905609893065,7.38905609893065
MH,sweep,-37.3596854813077,4.001576325533564,10.877412210889805,0.0001239029268508746,7.38905609893065,54.598150033144236
MH,sweep,-35.07008104198844,3.762345606140593,10.227115693554707,0.0008093301012061862,7.38905609893065,403.4287934927351
MH,sweep,-32.1889104023294,3.7227343335526624,10.119441091076798,0.005854925487537601,7.38905609893065,2980.9579870417283
MH,sweep,-29.205548715819077,3.717198560509064,10.10439329980591,0.04313380468894442,7.38905609893065,22026.465794806718
MH,sweep,-26.207811139661864,3.716446028411328,10.102347705479302,0.3185890692391691,7.38905609893065,162754.79141900392
MH,sweep_q_zero,-36.24424392034439,5.178419220751321,23.208064823269755,0.0,20.085536923187668,0.0
MH,sweep,-36.24424402034109,5.178419142645274,23.208064473222734,4.2768509609516994e-13,20.085536923187668,1.1253517471925912e-07
MH,sweep,-36.244244659224876,5.178418643621564,23.208062236753634,3.1601885586539996e-12,20.085536923187668,8.315287191035679e-07
MH,sweep,-36.24424937996154,5.178414956317168,23.208045711401816,2.3350777289112915e-11,20.085536923187668,6.14421235332821e-06
MH,sweep,-36.244284261081724,5.178387711156008,23.207923607060827,1.7253838777835257e-10,20.085536923187668,4.5399929762484854e-05
MH,sweep,-36.24454196320587,5.178186424491288,23.20702150281555,1.2747967166916198e-09,20.085536923187668,0.00033546262790251185
MH,sweep,-36.246444151761075,5.176700707139978,23.20036297960057,9.414139947147795e-09,20.085536923187668,0.0024787521766663585
MH,sweep,-36.260391889328886,5.165809328168279,23.151551205502194,6.926921159081904e-08,20.085536923187668,0.01831563888873418
MH,sweep,-36.35789577738746,5.089781204038013,22.81081679254928,4.968790561252719e-07,20.085536923187668,0.1353352832366127
MH,sweep,-36.86516303960849,4.6936999562677055,21.03570379345123,3.1222816439154564e-06,20.085536923187668,1.0
MH,sweep,-37.74942654114428,3.871944031432762,17.352849246632914,1.5699598056525178e-05,20.085536923187668,7.38905609893065
MH,sweep,-37.43878493349815,3.268665612372373,14.649142949559142,8.267236159002121e-05,20.085536923187668,54.598150033144236
MH,sweep,-35.456926492701605,3.036327669922958,13.607876532258766,0.0005271152656657263,20.085536923187668,403.4287934927351
MH,sweep,-32.65890241112252,2.989466052093377,13.39785733181357,0.003775587461123587,20.085536923187668,2980.9579870417283
MH,sweep,-29.68831643425326,2.9826185924372997,13.367169146713348,0.027770371423935982,20.085536923187668,22026.465794806718
MH,sweep,-26.692339507295188,2.981681590585125,13.362969795753571,0.20506792573969473,20.085536923187668,162754.79141900392
MH,sweep_q_zero,-36.277181164861105,3.6973315667403828,27.319790362991842,0.0,54.598150033144236,0.0
MH,sweep,-36.27718118774802,3.6973315519350116,27.31979025359412,2.1802510850822994e-13,54.598150033144236,1.1253517471925912e-07
MH,sweep,-36.27718133397392,3.697331457342694,27.319789554646185,1.6109996753113048e-12,54.598150033144236,8.315287191035679e-07
MH,sweep,-36.277182414444084,3.697330758395459,27.31978439008585,1.1903762475634697e-11,54.598150033144236,6.14421235332821e-06
MH,sweep,-36.277190398030555,3.697325593874214,27.319746229148645,8.795732299845294e-11,54.598150033144236,4.5399929762484854e-05
MH,sweep,-36.27724938548038,3.697287435070831,27.319464271609785,6.499081787899644e-10,54.598150033144236,0.00033546262790251185
MH,sweep,-36.27768504408613,3.6970055939828095,27.317381731999408,4.801475883646444e-09,54.598150033144236,0.0024787521766663585
MH,sweep,-36.280893102768765,3.694929391713486,27.30204055695865,3.543853723313949e-08,54.598150033144236,0.01831563888873418
MH,sweep,-36.3040080993846,3.679926088744842,27.191180309654086,2.5973510768566195e-07,54.598150033144236,0.1353352832366127
MH,sweep,-36.44731966626512,3.584733152685894,26.487794364892604,1.821189310652686e-06,54.598150033144236,1.0
MH,sweep,-36.847280029744105,3.2547260306851147,24.049353227382195,1.1093261900552991e-05,54.598150033144236,7.38905609893065
MH,sweep,-36.58697437453519,2.892070237725739,21.369669228603186,6.471977932821852e-05,54.598150033144236,54.598150033144236
MH,sweep,-34.852617041825134,2.715350176972226,20.06387478588905,0.0004215605955051221,54.598150033144236,403.4287934927351
MH,sweep,-32.16421715906374,2.6686556074591596,19.718845992241587,0.003008723967794167,54.598150033144236,2980.9579870417283
MH,sweep,-29.21319834410975,2.661126855122739,19.663215618872815,0.022106368357361107,54.598150033144236,22026.465794806718
MH,sweep,-26.21998439567956,2.660079380162155,19.655475767626836,0.16321662910134396,54.598150033144236,162754.79141900392
MH,sweep_q_zero,-35.24260477796927,2.9721020266024327,36.207614989678696,0.0,148.4131591025766,0.0
MH,sweep,-35.242604780679045,2.972102024109788,36.20761495931205,1.4088253071458506e-13,148.4131591025766,1.1253517471925912e-07
MH,sweep,-35.24260479799133,2.972102008184143,36.20761476529799,1.0409889116533659e-12,148.4131591025766,8.315287191035679e-07
MH,sweep,-35.242604925913206,2.9721018905086987,36.207613331717596,7.69192485747346e-12,148.4131591025766,6.14421235332821e-06
MH,sweep,-35.242605871130856,2.9721010210007677,36.207602738942484,5.6836031025107514e-11,148.4131591025766,4.5399929762484854e-05
MH,sweep,-35.24261285512795,2.9720945962960106,36.20752447001558,4.19962806036309e-10,148.4131591025766,0.00033546262790251185
MH,sweep,-35.24266444562127,2.9720471313325607,36.20694622838501,3.1030296188468e-09,148.4131591025766,0.0024787521766663585
MH,sweep,-35.24304485169372,2.9716968212381722,36.202678577775735,2.2923055172407075e-08,148.4131591025766,0.01831563888873418
MH,sweep,-35.24581249500165,2.9691306063096707,36.171415679907405,1.690873304882252e-07,148.4131591025766,0.1353352832366127
MH,sweep,-35.264064332491344,2.9513063222755234,35.95427144730755,1.2344400521405154e-06,148.4131591025766,1.0
MH,sweep,-35.32165276661397,2.8610757432933887,34.8550379637869,8.572136981171889e-06,148.4131591025766,7.38905609893065
MH,sweep,-35.03047951095337,2.6894411565323257,32.764100647122426,5.596847178533065e-05,148.4131591025766,54.598150033144236
MH,sweep,-33.573578940287945,2.5787661289480415,31.41580279197619,0.0003802176155036308,148.4131591025766,403.4287934927351
MH,sweep,-31.064264472210247,2.540032371116984,30.94392902112398,0.002725685764849195,148.4131591025766,2980.9579870417283
MH,sweep,-28.152973210542648,2.5324983456789316,30.852145801725126,0.020020945691751276,148.4131591025766,22026.465794806718
MH,sweep,-25.165631215443263,2.531405445664852,30.838831553903944,0.14780823491226092,148.4131591025766,162754.79141900392
MH,sweep_q_zero,-33.255047590404956,2.6559169868346255,53.345518703988205,0.0,403.4287934927351,0.0
MH,sweep,-33.255047589904336,2.6559169864571195,53.34551869640579,1.1250160298465396e-13,403.4287934927351,1.1253517471925912e-07
MH,sweep,-33.25504758670506,2.655916984045221,53.34551864796151,8.312806541634223e-13,403.4287934927351,8.315287191035679e-07
MH,sweep,-33.255047563065965,2.6559169662235593,53.345518290003874,6.142379305136442e-12,403.4287934927351,6.14421235332821e-06
MH,sweep,-33.25504738839545,2.6559168345384405,53.34551564503756,4.538638076588746e-11,403.4287934927351,4.5399929762484854e-05
MH,sweep,-33.255046097736205,2.6559158615176357,53.34549610139226,3.353622678800175e-10,403.4287934927351,0.00033546262790251185
MH,sweep,-33.25503656048269,2.6559086722454306,53.34535170099993,2.4779971954437087e-09,403.4287934927351,0.0024787521766663585
MH,sweep,-33.25496606193808,2.6558555739449132,53.34428519312433,1.8309328169044623e-08,403.4287934927351,0.01831563888873418
MH,sweep,-33.25444366471487,2.6554645136095956,53.336430536320115,1.3524881486654547e-07,403.4287934927351,0.1353352832366127
MH,sweep,-33.25050596908944,2.6526434098642007,53.27976715287784,9.972388123435334e-07,403.4287934927351,1.0
MH,sweep,-33.218194302118484,2.634943106735336,52.924247060831405,7.2706439362474704e-06,403.4287934927351,7.38905609893065
MH,sweep,-32.9514379455731,2.576326605515197,51.74690316126624,5.1359547933055516e-05,403.4287934927351,54.598150033144236
MH,sweep,-31.837224269028006,2.517094427342668,50.557193059541085,0.0003622491170719542,403.4287934927351,403.4287934927351
MH,sweep,-29.63164767072211,2.4903109592577257,50.01923272238995,0.0026200190117613765,403.4287934927351,2980.9579870417283
MH,sweep,-26.81187620003147,2.4834701930616676,49.88183226037613,0.019253254460414426,403.4287934927351,22026.465794806718
MH,sweep,-23.839392538825763,2.482376611828723,49.859867094143326,0.14213811522711609,403.4287934927351,162754.79141900392
MH,sweep_q_zero,-30.693397505583043,2.529671980147673,83.77123092983032,0.0,1096.6331584284585,0.0
MH,sweep,-30.693397505119158,2.5296719800940295,83.77123092805388,1.0206060491144626e-13,1096.6331584284585,1.1253517471925912e-07
MH,sweep,-30.693397502154788,2.529671979751323,83.77123091670501,7.54131534977142e-13,1096.6331584284585,8.315287191035679e-07
MH,sweep,-30.693397480250802,2.529671977219053,83.77123083284772,5.572320206762696e-12,1096.6331584284585,6.14421235332821e-06
MH,sweep,-30.69339731840148,2.5296719585079623,83.77123021322151,4.1174185999872573e-11,1096.6331584284585,4.5399929762484854e-05
MH,sweep,-30.693396122488558,2.5296718202510817,83.77122563478243,3.042383369251309e-10,1096.6331584284585,0.00033546262790251185
MH,sweep,-30.693387285865995,2.5296707986862357,83.77119180520084,2.2480323233249858e-09,1096.6331584284585,0.0024787521766663585
MH,sweep,-30.693321994025304,2.529663251540876,83.77094187807127,1.6610737834215514e-08,1096.6331584284585,0.01831563888873418
MH,sweep,-30.69283968320962,2.529607553671717,83.76909741796092,1.227322689098232e-07,1096.6331584284585,0.1353352832366127
MH,sweep,-30.689283186557937,2.5291996988610546,83.75559112157231,9.065832081517644e-07,1096.6331584284585,1.0
MH,sweep,-30.663401226393425,2.52637475990641,83.66204199133355,6.683838372315666e-06,1096.6331584284585,7.38905609893065
MH,sweep,-30.49185954882242,2.5122881585856955,83.19555782203618,4.88380435933978e-05,1096.6331584284585,54.598150033144236
MH,sweep,-29.73677845957822,2.486495970523655,82.3414378573581,0.00035349545869196153,1096.6331584284585,403.4287934927351
MH,sweep,-27.959468130546675,2.4705773755026823,81.81428638869122,0.0025786607099683445,1096.6331584284585,2980.9579870417283
MH,sweep,-25.333763243183448,2.465140817649917,81.63425231829731,0.01897010402728334,1096.6331584284585,22026.465794806718
MH,sweep,-22.399566705292848,2.4640915536911905,81.59950546808011,0.14005186318581142,1096.6331584284585,162754.79141900392
MH,sweep_q_zero,-27.866041888883508,2.4816132444889827,135.49149224684732,0.0,2980.9579870417283,0.0
MH,sweep,-27.866041888669443,2.4816132444815824,135.49149224644324,9.821954412565729e-14,2980.9579870417283,1.1253517471925912e-07
MH,sweep,-27.86604188730184,2.481613244434304,135.49149224386198,7.257497215282231e-13,2980.9579870417283,8.315287191035679e-07
MH,sweep,-27.86604187719648,2.4816132440849645,135.4914922247887,5.362605404645537e-12,2980.9579870417283,6.14421235332821e-06
MH,sweep,-27.866041802527228,2.4816132415036507,135.49149208385373,3.962459208892151e-11,2980.9579870417283,4.5399929762484854e-05
MH,sweep,-27.866041250792712,2.4816132224302048,135.49149104247888,2.927883293415975e-10,2980.9579870417283,0.00033546262790251185
MH,sweep,-27.866037174008234,2.481613081496627,135.49148334776626,2.163429144890126e-09,2980.9579870417283,0.0024787521766663585
MH,sweep,-27.86600705111796,2.4816120401946002,135.49142649460194,1.5985685902237344e-08,2980.9579870417283,0.01831563888873418
MH,sweep,-27.865784509564143,2.4816043494526165,135.49100659431727,1.1811839778874386e-07,2980.9579870417283,0.1353352832366127
MH,sweep,-27.86414221766119,2.4815477123926923,135.48791431562205,8.727436293766162e-07,2980.9579870417283,1.0
MH,sweep,-27.852119212194715,2.481139342283577,135.46561806313557,6.446629364553174e-06,2980.9579870417283,7.38905609893065
MH,sweep,-27.768820259310296,2.4785855085748523,135.3261834671469,4.753649621207654e-05,2980.9579870417283,54.598150033144236
MH,sweep,-27.32997406442172,2.470231901550042,134.87009197748833,0.0003488861838694038,2980.9579870417283,403.4287934927351
MH,sweep,-26.036634745093124,2.4619536113419014,134.4181126466864,0.0025606900520829473,2980.9579870417283,2980.9579870417283
MH,sweep,-23.748270615143646,2.4582646094173937,134.21669996613957,0.018864422065403806,2980.9579870417283,22026.465794806718
MH,sweep,-20.907170989463722,2.457327850717178,134.16555467408037,0.13928405963643645,2980.9579870417283,162754.79141900392
MH,refine_q_zero,-28.45184299661738,82.35563627161409,19.97814711969766,0.0,0.05884692312456978,0.0
MH,refine_q_zero,-36.15155821849124,5.531706014483591,22.803274285688833,0.0,16.9932419046473,0.0
MH,refine_q_zero,-32.44376654063601,2.599914288327055,61.72337747027882,0.0,563.6133912841095,0.0
MH,refine_q_zero,-35.971335276827865,6.147106266989516,22.289440834770318,0.0,13.147915533973283,0.0
MH,refine_q_zero,-36.37974560082777,4.384991412443034,24.65951455995177,0.0,31.62507408278088,0.0
MH,refine_q_zero,-35.83886338083804,3.2272009799033787,31.459508408025002,0.0,95.02805458530838,0.0
MH,refine_q_zero,-36.38108954699177,4.142138428571045,25.367054662133075,0.0,37.505146999939974,0.0
MH,refine_q_zero,-36.3840777743841,4.247802653418743,25.036827326540106,0.0,34.74000882931918,0.0
MH,refine_q_zero,-36.384077766876906,4.2489134294433635,25.033551687332043,0.0,34.71276240589874,0.0
MH,refine_q_zero,-36.38407784766258,4.2483445417842995,25.035228835525633,0.0,34.72671230212844,0.0
MH,refine_q_zero,-36.38407784766259,4.248344429421946,25.035229166882928,0.0,34.72671505832824,0.0
MH,refine_q_zero,-36.38407784766259,4.248344354458207,25.035229387951485,0.0,34.726716897156436,0.0
MH,refine_q_zero,-36.38407784766268,4.248344279494477,25.035229609020096,0.0,34.72671873598477,0.0
MH,refine_q_zero,-36.38407783696281,4.248137380437418,25.035839822717655,0.0,34.73179449970581,0.0
MH,refine_q_zero,-36.384077846098194,4.248265248707876,25.035462681145717,0.0,34.72865741764611,0.0
MH,refine_q_zero,-36.384077847433026,4.248314092073048,25.03531863337129,0.0,34.72745923371155,0.0
MH,refine_q_zero,-36.38407784762856,4.248332748874883,25.035263613109834,0.0,34.72700157908406,0.0
MH,refine_q_zero,-36.38407784765751,4.248339875182315,25.035242597399392,0.0,34.7268267721633,0.0
MH,refine_q_zero,-36.38407784766178,4.24834259719585,25.03523457013556,0.0,34.726760002093286,0.0
MH,refine_q_zero,-36.384077847662475,4.248343636913417,25.03523150399697,0.0,34.72673449822985,0.0
MH,refine_q_zero,-36.38407784766256,4.248344034050332,25.035230332836786,0.0,34.72672475662581,0.0
MH,refine_q_zero,-36.38407784766269,4.248344185743152,25.035229885493454,0.0,34.72672103566489,0.0
MH,refine_q_zero,-36.384077847662645,4.248344110779423,25.03523010656209,0.0,34.726722874493504,0.0
MH,refine,-37.967181572575676,4.830353751763414,13.130262828447462,2.4433645400242223e-05,7.38905609893065,7.38905609893065
MH,refine,-37.97775487078389,4.714010735180926,13.470998047951532,2.3270811383179238e-05,8.166169912567652,7.38905609893065
MH,refine,-37.98452337061646,4.771286445884565,12.969701244220955,2.6346978716066024e-05,7.38905609893065,8.166169912567652
MH,refine,-37.996695202996065,4.656885896577091,13.307755189046098,2.5098688799827572e-05,8.166169912567646,8.166169912567646
MH,refine,-38.00810348267315,4.574197213844557,13.402365362205586,2.545683068339684e-05,8.58485839717789,8.58485839717789
MH,refine,-38.0101226102373,4.629558607432832,12.903021779199605,2.8819283875003985e-05,7.767901106306767,9.487735836358526
MH,refine,-38.012909088932375,4.590316495672925,12.634724991614291,3.2105252026888215e-05,7.5761109446368415,10.751013186076355
MH,refine,-38.03430208264931,4.404893977560102,13.068649452630856,3.107967480160381e-05,8.802185122187598,11.302229419279573
MH,refine,-38.03817406924928,4.241252421061781,13.145882713378338,3.389741972563409e-05,9.607076861806487,13.296488795032776
MH,refine,-38.00131976874341,4.262476878314378,12.411213992370904,4.28764411436291e-05,8.478215573436358,16.651494963610144
MH,refine,-38.0265839514545,4.489496072087133,13.133654242788685,2.8940083469646533e-05,8.558072589309843,10.131252973503575
MH,refine,-38.03622685438953,4.1547363896661125,13.686863198323978,3.0653432478965305e-05,10.852277871223805,12.529990365586745
MH,refine,-38.010686250495944,3.9416302869791044,13.757641513075795,3.620910163432603e-05,12.182493960703436,16.444646771097034
MH,refine,-38.03789309344466,4.338615039415109,13.265057295005938,3.0506836162671914e-05,9.347942354084763,11.435456523189014
MH,refine,-38.027815933911135,4.433550232123899,12.75395340983759,3.380527215017431e-05,8.275350277710974,12.134998917818166
MH,refine,-38.03959428597088,4.220831962960804,13.441313184310442,3.138416232989502e-05,10.141151607766332,12.430053225092784
MH,refine,-38.03422316266612,4.128673197731985,13.328821917180043,3.4915550751997075e-05,10.422274685987025,14.452948432269197
MH,refine,-38.03962656501573,4.284066885796463,13.277614849447273,3.1537927966545504e-05,9.605669678224526,12.124930100200348
MH,refine,-38.03732182689864,4.263855320753076,13.57732734985929,2.9205295700487177e-05,10.139666196308733,11.334836498513999
MH,refine,-38.03958123249203,4.246640371886035,13.251656379050045,3.265419186311204e-05,9.737542439373525,12.776342451612445
MH,refine,-38.03914030599562,4.257950465143051,13.467388378665488,3.0310166730905577e-05,10.003812882716037,11.796296715340393
MH,refine,-38.039875162180515,4.24940274839422,13.30506806842477,3.2050775835325244e-05,9.803438135439162,12.523950139568804
MH,refine,-38.038551891068344,4.313564887023432,13.14455015593944,3.221526318939364e-05,9.28578844712483,12.216522107412992
MH,refine,-38.03990226246879,4.24361573244977,13.365835976236712,3.158676628554174e-05,9.920193714033525,12.376323067498761
MH,refine,-38.03951426502409,4.209592474270316,13.394469357577043,3.210519118011842e-05,10.124437819006475,12.783616212846342
MH,refine,-38.039858012840696,4.2652030154473355,13.306349927320785,3.167697535303823e-05,9.732814929980954,12.286349456693172
MH,refine,-38.0398026286345,4.227966875574618,13.364774214636002,3.196058234853674e-05,9.992176576534417,12.61566371320417
MH,refine,-38.03990909653706,4.255832730755529,13.320836178474053,3.1747183497431625e-05,9.797017278778371,12.367863222490561
MH,refine,-38.03984979401547,4.250043930665559,13.381698057137525,3.1287671811949286e-05,9.91369638717686,12.222076037540793
MH,refine,-38.03991307824611,4.249556405583189,13.32416354206133,3.185817304487996e-05,9.830887199326888,12.44778970797971
MH,refine,-38.03981861682827,4.261817294812677,13.279387515556639,3.202037116454705e-05,9.708819659567498,12.439281011895272
MH,refine,-38.039921466675494,4.248147907954753,13.344136959573792,3.169445104723047e-05,9.866922638937707,12.392032617541972
MH,refine,-38.039907236919184,4.241893315666891,13.347502866751645,3.180541219084753e-05,9.901034233959901,12.472115296123508
MH,refine,-38.03991787049059,4.252339289779108,13.327484378920682,3.176166645324014e-05,9.822918619518965,12.393844259062996
MH,refine,-38.03991747179503,4.250930566544503,13.347464962271413,3.159845077017713e-05,9.858924850039024,12.338328805200462
MH,refine,-38.039921229194746,4.250586228751685,13.34163341711295,3.166317089607317e-05,9.85190794969884,12.365603459028423
MH,refine,-38.039912204173724,4.246399617224931,13.358313247541128,3.1596209205296736e-05,9.896041833478428,12.36379594554103
MH,refine,-38.03992147876108,4.250852317659031,13.335180918049119,3.1720202053107604e-05,9.841148611637156,12.386325341247233
MH,refine,-38.039921404080324,4.248413790167219,13.337683080003668,3.175153773755149e-05,9.856146903228153,12.412798788898126
MH,refine,-38.03992198047925,4.248956631547494,13.338670039293733,3.172942048198424e-05,9.855086993887442,12.400983096169574
MH,refine,-38.03991936330752,4.2516622966575515,13.32971998874672,3.1755210962115564e-05,9.829343883241435,12.395271697641132
MH,refine,-38.03992209632879,4.2490258759836905,13.340530135731841,3.1709624794006995e-05,9.857514502541388,12.392842308205989
MH,refine,-38.03992077707436,4.247131828992572,13.344023247424536,3.1718852465832255e-05,9.871476064407421,12.40750777518997
MH,refine,-38.039922014873085,4.2499215762762095,13.337389966197604,3.171985996699051e-05,9.84872172866617,12.391617557016485
MH,refine,-38.039922060059155,4.249990858118771,13.339249952176372,3.1700070567157543e-05,9.851147669425647,12.383482917183885
MH,refine,-38.039921905968406,4.249095168127945,13.342390637825508,3.168984215115711e-05,9.859942609140163,12.38470686436941
MH,refine,-38.03992211989738,4.249714929279664,13.338639864544293,3.1712352402267216e-05,9.851525751060601,12.389889522421763
MH,refine,-38.03992200372197,4.248750075421035,13.339920195594848,3.172191131073562e-05,9.857892828531904,12.399253755532635
MH,refine,-38.03992213005197,4.249680592736861,13.339417397685203,3.170552880957555e-05,9.852833526394063,12.387423745221984
MH,refine,-38.03992192387219,4.250369858666763,13.33752761823471,3.1708257653917904e-05,9.846847618754166,12.384472250493946
MH,refine,-38.03992214327067,4.249361791294602,13.339779315814358,3.170928239882547e-05,9.854846698782145,12.390749263591797
MH,refine,-38.03992211438431,4.249327465320409,13.340556939597887,3.170245958183291e-05,9.856154914966462,12.388283315290398
MH,refine,-38.03992213805179,4.249618054825859,13.339119091307639,3.1709878830897253e-05,9.852682838166807,12.389487951116228
MH,refine,-38.03992213695515,4.249299263435139,13.339481018169783,3.171363301514977e-05,9.854695979765632,12.392814023641186
MH,refine,-38.039922144145564,4.2493945890293325,13.339465101960176,3.17116067169879e-05,9.854230333420247,12.3914662341826
MH,refine,-38.03992212096911,4.249138352372227,13.340125385657442,3.171101045240114e-05,9.856394533898756,12.392727748057375
MH,refine,-38.03992214498537,4.2494981190118555,13.339370641694758,3.171016165601949e-05,9.853610631041024,12.390297820939308
MH,refine,-38.03992213965259,4.249530919433342,13.339056442597489,3.171248606302802e-05,9.852994342988223,12.391014765408116
MH,refine,-38.03992214522936,4.249404071844121,13.339598591156461,3.171008327178636e-05,9.854383577188578,12.390815638512537
MH,refine,-38.03992214477926,4.249507602411152,13.339504131055353,3.17086382855146e-05,9.853763865172326,12.389647286615055
MH,refine,-38.03992214556407,4.249479348450238,13.33949437272338,3.170938036235205e-05,9.853880480164154,12.390101998473794
MH,refine,-38.03992214434218,4.249385302197388,13.339722325867388,3.170930198750434e-05,9.854653447479466,12.390619807863175
MH,refine,-38.03992214564047,4.249469914215263,13.339458560888719,3.170994673204668e-05,9.85387132480482,12.390378316885835
MH,refine,-38.03992214354741,4.249545193143749,13.339354347178334,3.1709243842890626e-05,9.853368253932477,12.38966470203431
MH,refine,-38.03992214574241,4.249439351291386,13.339537528366845,3.17098734059381e-05,9.854129736566641,12.390527894369983
MH,refine,-38.03992214555157,4.2494299172460295,13.33950171673282,3.171043978594381e-05,9.854120580975716,12.390804222280154
MH,refine,-38.03992214571178,4.249466990535931,13.33949620853906,3.170964521404599e-05,9.853940504818583,12.390277550694316
MH,refine,-38.03992214568965,4.249436427665689,13.339575176342409,3.1709571889121255e-05,9.854198918394603,12.390427126962003
MH,refine,-38.03992214575954,4.249444799249311,13.339546022292273,3.1709665599003896e-05,9.854117018976149,12.390414924424931
MH,refine,-38.03992214548727,4.249417160292482,13.339587342724458,3.1709893793182564e-05,9.85430625411393,12.390665270876212
MH,refine,-38.03992214577282,4.249454532865539,13.339518991855174,3.1709707357830354e-05,9.85403194086974,12.390374479602373
MH,refine,-38.03992214574143,4.2494599808634765,13.339527485833303,3.170949955229101e-05,9.854019223405464,12.390261511056071
MH,refine,-38.03992214576583,4.249444508665086,13.33953501770157,3.170977994196486e-05,9.85410210816015,12.390461298004594
MH,refine,-38.03992214576996,4.249454242281532,13.33950798728954,3.1709821700955065e-05,9.854017030182478,12.390420853030662
MH,refine,-38.03992214572813,4.249464266527838,13.339491961547479,3.170974911706662e-05,9.853946863497876,12.390334034911834
MH,refine,-38.03992214577547,4.249449448113434,13.339524253622622,3.1709772235607225e-05,9.85406329676529,12.390429482108859
MH,refine,-38.039922145771364,4.249449738697944,13.33953525820428,3.170965789267327e-05,9.854078207522562,12.390383108648269
MH,refine,-38.03992214577491,4.249450864592505,13.33952844046758,3.170969884465112e-05,9.854062913151934,12.390392544733087
MH,refine,-38.0399221457693,4.249445779849041,13.3395337022521,3.1709763722474026e-05,9.854094269146033,12.390447547319763
MH,refine,-38.03992214577544,4.249452344608046,13.339522669447618,3.1709721448956834e-05,9.854047522901855,12.390392746491324
MH,refine,-38.039922145775456,4.249450928128236,13.3395184826037,3.1709794839961594e-05,9.854047906514612,12.390429683867698
MH,refine,-38.03992214577215,4.2494480316357865,13.339520066781963,3.170984562674738e-05,9.854063680378658,12.390466419594741
MH,refine,-38.03992214577619,4.249451266364062,13.339522018779558,3.170975249335127e-05,9.854051562268571,12.390411164726107
MH,refine,-38.03992214577548,4.24944978634918,13.339527789800126,3.170972988902768e-05,9.854066952524954,12.390410962967577
MH,refine,-38.03992214577553,4.24945160460013,13.339525554957026,3.170971014680074e-05,9.854055218023884,12.390392645612202
MH,refine,-38.039922145775016,4.249453084616248,13.339519783939314,3.170973275111928e-05,9.854039827785822,12.39039284737044
MH,refine,-38.039922145775975,4.249450610915456,13.339525788333692,3.170973060454683e-05,9.854060171333174,12.39040643406581
MH,refine,-38.03992214577601,4.249450272679609,13.339522252156604,3.170977295112679e-05,9.85405651557603,12.390424953200323
MH,refine,-38.039922145775456,4.249450928128237,13.339518482603703,3.170979483996157e-05,9.854047906514616,12.390429683867685
MH,refine,-38.03992214577625,4.2494506902186036,13.339523961900674,3.1709746663387624e-05,9.854057105127104,12.390412246512188
MH,refine,-38.03992214577579,4.249451683903283,13.339523728524005,3.1709726205631014e-05,9.85405215181935,12.390398458052113
MH,refine,-38.03992214577625,4.249450625485423,13.339522621248248,3.1709761264745487e-05,9.854055424636677,12.390418329407963
MH,refine,-37.74942654114428,3.871944031432762,17.352849246632914,1.5699598056525178e-05,20.085536923187668,7.38905609893065
MH,refine,-37.65621166459702,3.7613816133857867,18.17026270137751,1.481580271065314e-05,23.336064580942722,7.38905609893065
MH,refine,-37.77407390690387,3.8326651652162678,17.176813581215182,1.7000496250901303e-05,20.085536923187668,8.166169912567652
MH,refine,-37.85188801948221,3.947806664186698,16.41441890037309,1.8037302613079452e-05,17.287781840567632,8.166169912567646
MH,refine,-37.924362390011865,4.048793982209863,15.61792127550859,1.994462713455046e-05,14.879731724872823,8.58485839717789
MH,refine,-37.942712062216835,4.005269608464027,15.450029245013804,2.1570863105026132e-05,14.879731724872823,9.487735836358526
MH,refine,-38.00253700800962,4.0767437960342665,14.589448771490687,2.5323146082677745e-05,12.807103782663019,10.751013186076355
MH,refine,-38.03784537682954,4.329616795322279,13.336158602310164,3.0026482961595612e-05,9.487735836358508,11.302229419279573
MH,refine,-37.961877610886226,4.650938915585482,11.87658858493369,4.07623929282181e-05,6.520819120330096,13.296488795032776
MH,refine,-38.01660482185946,4.373497221170401,12.497929223923725,3.836891468283424e-05,8.166169912567632,14.154038645375795
MH,refine,-37.91352776173609,4.6836740655709495,11.519979303323408,4.626045066024377e-05,6.049647464412929,14.879731724872823
MH,refine,-38.03610821135444,4.207358532524091,13.709445170975126,2.92547434261967e-05,10.617461955385988,11.661000693384118
MH,refine,-37.992391014057446,4.174867574492569,14.663078082448523,2.3000983123743642e-05,12.335730870632243,9.311498180631563
MH,refine,-38.03637322932641,4.318503654255661,12.993788894249919,3.369172011129897e-05,9.053260780008042,12.74721096713517
MH,refine,-38.023901355831974,4.448461846163301,12.652703197907863,3.4650111691597305e-05,8.089969815696755,12.355020516228734
MH,refine,-38.0393466397207,4.26463582869819,13.431764895314767,3.049425755147088e-05,9.919785023065337,11.83076243269279
MH,refine,-38.03090227215623,4.276942083534412,13.789968572236566,2.719379661998859e-05,10.395845446111828,10.489666450490947
MH,refine,-38.03894461116786,4.307462959813782,13.18654177037819,3.192539879030085e-05,9.37170752182377,12.14092565709858
MH,refine,-38.039732315265184,4.243139621206895,13.282093214166439,3.2427725474535724e-05,9.798473051840071,12.708679131667596
MH,refine,-38.03831294127209,4.20133176807097,13.257606783089196,3.371195563287599e-05,9.957637490886329,13.4762346034445
MH,refine,-38.03884175251269,4.201563830670798,13.531063559885862,3.098308853633072e-05,10.371508714095805,12.384011556167541
MH,refine,-38.03967016599318,4.280459886979675,13.270970873937694,3.168301317699542e-05,9.61223829885934,12.201246100852797
MH,refine,-38.03826225430819,4.259104618307381,13.123770995184655,3.369534535773749e-05,9.494687407059743,13.106655009296402
MH,refine,-38.0398261884774,4.263138209899946,13.353737784941538,3.126315258860103e-05,9.811758790374316,12.137591510169694
MH,refine,-38.039779205746136,4.226086006276592,13.365299635177749,3.1999768424041164e-05,10.00185920380755,12.642377234175935
MH,refine,-38.03959057076604,4.245990989624825,13.437351161519874,3.085037246932002e-05,10.015420713395333,12.074269009084773
MH,refine,-38.0398839124293,4.243824236221794,13.32065067310138,3.2025559681022684e-05,9.852265374655252,12.54701805576079
MH,refine,-38.03966106184828,4.281179483975425,13.309586079209371,3.129050657423716e-05,9.665008217479626,12.046039839711733
MH,refine,-38.03989789177709,4.239725094875646,13.35113700220579,3.181994728828142e-05,9.916561495712962,12.490580784271195
MH,refine,-38.039534648189594,4.220652046087861,13.318481869065494,3.2598015825735316e-05,9.957500744484264,12.911914402118345
MH,refine,-38.039916100693986,4.252424841182258,13.344752195155767,3.159088323753813e-05,9.847993067545868,12.32670627278759
MH,refine,-38.0398768464969,4.24831967136755,13.37530085914058,3.138809525513982e-05,9.912261307424513,12.271259977468803
MH,refine,-38.03991106799727,4.244943014777114,13.334277693330824,3.1864920438270685e-05,9.867230227573048,12.477502958210508
MH,refine,-38.03990531464167,4.257672652538873,13.327945592393544,3.163574457218583e-05,9.79900290226881,12.31380002580669
MH,refine,-38.039918704794076,4.253171527152363,13.33371732599995,3.1681588881182414e-05,9.828261248072007,12.357759258535408
MH,refine,-38.03987136901029,4.260685643141633,13.34424709437931,3.14093905674415e-05,9.809100061998766,12.20840973390033
MH,refine,-38.039921525045834,4.248866437959958,13.336748087386605,3.175032110461315e-05,9.85266546992084,12.409678641582847
MH,refine,-38.03991493767764,4.249613455176539,13.325722834875627,3.184149886310913e-05,9.832924288641015,12.440940648274994
MH,refine,-38.0399202232157,4.251721039079382,13.339989857698987,3.165333997740391e-05,9.844223709266641,12.355166152676745
MH,refine,-38.03992111260291,4.247418700932071,13.34302607484018,3.1722030077771076e-05,9.868667566960966,12.407074641155548
MH,refine,-38.03991402290244,4.24457021427686,13.33979370495263,3.1819270026588296e-05,9.877130289064462,12.461816156597376
MH,refine,-38.03992203467709,4.249930929777885,13.339936818804295,3.169472218281956e-05,9.852440061984048,12.381742778992862
MH,refine,-38.03992090801154,4.251380334411912,13.33366282939125,3.1723000963033866e-05,9.836464277929702,12.384341462761578
MH,refine,-38.039921865716494,4.248408407871373,13.340683531838895,3.1722267491761426e-05,9.8606068741617,12.401387437367552
MH,refine,-38.039921392991104,4.249472853895545,13.343873420736209,3.166671872322902e-05,9.860381284542546,12.373470239398015
MH,refine,-38.039921988883684,4.249017953855674,13.33852881289036,3.172939864543267e-05,9.854593857359433,12.400616619715734
MH,refine,-38.039921850027255,4.25054088872699,13.337782830842597,3.17018500458812e-05,9.846432025319366,12.380973182369708
MH,refine,-38.03992207574793,4.248941327506937,13.33995798268332,3.171716040103213e-05,9.857061250034745,12.396280720172294
MH,refine,-38.03992186447308,4.249854314392944,13.341366225563819,3.1682497722319914e-05,9.854906915392187,12.377413478724272
MH,refine,-38.0399221173403,4.249226994073434,13.339238001225127,3.171766639485037e-05,9.85467212093528,12.394811759765108
MH,refine,-38.03992159311123,4.248237752298137,13.339259781257313,3.174012379386349e-05,9.859294355910805,12.409365045801646
MH,refine,-38.039922140613086,4.249507496543257,13.339767318847432,3.170606536525642e-05,9.854153188600343,12.388642576124887
MH,refine,-38.039922116430446,4.249793236918906,13.339047459872027,3.170657171542856e-05,9.851764764349312,12.387174520838474
MH,refine,-38.039922141536984,4.249580227372619,13.339275033955305,3.1709218313893416e-05,9.853088618902564,12.389450443354802
MH,refine,-38.03992207019772,4.249860783277436,13.33980444758125,3.169762082352118e-05,9.852569769952483,12.383283928165392
MH,refine,-38.039922142328244,4.249385420948322,13.339379574256697,3.1712653641270725e-05,9.85414649113691,12.39192879617944
MH,refine,-38.039922130510995,4.249458150172259,13.338887305192715,3.171580725228954e-05,9.853081922162678,12.392736877704786
MH,refine,-38.039922144939645,4.249495158834173,13.33954730665536,3.170850054058942e-05,9.853885361072136,12.38966602468942
MH,refine,-38.039922139669606,4.2493003598661385,13.339651860255675,3.171193584328922e-05,9.854943318848335,12.392144420638376
MH,refine,-38.03992214475871,4.24951025704033,13.339369234109263,3.170989764862586e-05,9.853552261162585,12.390123882765627
MH,refine,-38.03992213556293,4.2496200021216755,13.339536978844976,3.170574496813442e-05,9.853291146844615,12.387861440853566
MH,refine,-38.03992214525016,4.249444063507303,13.33941892045708,3.171092630917742e-05,9.853932648103084,12.390911832166585
MH,refine,-38.0399221455945,4.2494289656698125,13.339596994085502,3.170952915781136e-05,9.854265760871643,12.390453944972913
MH,refine,-38.03992214448715,4.249388321191073,13.339710877488805,3.170934492331316e-05,9.854622530100237,12.39061897937376
MH,refine,-38.039922143324006,4.249377872069654,13.339468610330979,3.1711955018983615e-05,9.854313049728065,12.391699831677151
MH,refine,-38.039922145689054,4.249465836459462,13.339527631337587,3.170936411923512e-05,9.853992281495884,12.3901744451403
MH,refine,-38.039922144468676,4.249450738726137,13.339705706987056,3.1707967039406465e-05,9.854325396280348,12.389716585195638
MH,refine,-38.039922145706015,4.249445732212945,13.339490616203657,3.1710186464379486e-05,9.854030833679895,12.390613009614297
MH,refine,-38.0399221454224,4.249482603302859,13.339421254494766,3.171002142469221e-05,9.85375736082393,12.390333506193556
MH,refine,-38.03992214574694,4.249442374942432,13.339553058744205,3.170965222273804e-05,9.85413865840064,12.390423835168322
MH,refine,-38.03992214546647,4.2494222709272575,13.339516043917502,3.1710474577150174e-05,9.854177211157323,12.390862408469767
MH,refine,-38.03992214576934,4.249454944985582,13.33952473432794,3.170964172933757e-05,9.85403851358588,12.39034643239162
MH,refine,-38.03992214560787,4.249451587733163,13.339587177107846,3.17091074972523e-05,9.854146338390658,12.390157262015629
MH,refine,-38.03992214576522,4.249447196079179,13.339514756323165,3.170991671896082e-05,9.854059709730661,12.390499071143052
MH,refine,-38.03992214573712,4.249459766153768,13.339486432042147,3.170990622572917e-05,9.853959565718231,12.390421667896351
MH,refine,-38.0399221457698,4.249446722730284,13.339536402011412,3.170971572317109e-05,9.854093884924888,12.390423293350297
MH,refine,-38.03992214573939,4.2494544716404326,13.339546380046839,3.1709440735359643e-05,9.854072688706593,12.390270655532373
MH,refine,-38.03992214577492,4.249449014965101,13.339522662236936,3.1709797722342594e-05,9.854062954473042,12.39044196684562
MH,refine,-38.03992214574982,4.249440792732914,13.339534329955123,3.170987171671379e-05,9.854118325949385,12.390518828396926
MH,refine,-38.0399221457751,4.249451406913409,13.339527133219692,3.170969922595679e-05,9.854058466616156,12.390389531168072
MH,refine,-38.03992214577335,4.24945369915349,13.339513393463351,3.170978122512648e-05,9.854027536275481,12.390408204612518
MH,refine,-38.039922145775726,4.249451955045392,13.339519145592806,3.1709764849606695e-05,9.854044123395951,12.39041197679524
MH,refine,-38.03992214577165,4.249454346997106,13.339523616579879,3.1709666353349124e-05,9.85403963554764,12.390359541244608
MH,refine,-38.03992214577608,4.249450347971753,13.3395229008204,3.170976488003244e-05,9.854057124736517,12.390421360393962
MH,refine,-38.03992214577376,4.249450896103959,13.339514913197187,3.1709830503823594e-05,9.85404278151827,12.390443806078784
MH,refine,-38.03992214577601,4.249451279210846,13.339524078212404,3.170973204536963e-05,9.854054545339345,12.390403099873465
MH,refine,-38.03992214577544,4.249449672137777,13.339527833442368,3.170973207580001e-05,9.854067546693665,12.390412483465463
MH,refine,-38.039922145776096,4.2494513843182276,13.339521317554212,3.170975665614968e-05,9.854049979215162,12.390412103462793
MH,refine,-37.44885795294229,6.353380670381766,10.474953852113458,4.2270768782533856e-05,2.718281828459045,7.38905609893065
MH,refine,-37.493008678212085,6.258205766051719,10.579239312199178,4.1013805587404356e-05,2.857651118063164,7.38905609893065
MH,refine,-37.438056464266275,6.278671722110283,10.351779619986628,4.5624213759106365e-05,2.718281828459045,8.166169912567652
MH,refine,-37.496391075043135,6.3356204269082435,10.710105610638356,3.8034634239812825e-05,2.8576511180631634,6.6858944422792685
MH,refine,-37.513898830254504,6.3688687502202805,10.901734048285403,3.477731854905664e-05,2.929992900533701,6.049647464412945
MH,refine,-37.551551764110826,6.275820809350318,11.014408537698625,3.3768561846253325e-05,3.080216848918031,6.049647464412945
MH,refine,-37.58411089127909,6.244050037357346,11.306513960262475,3.024647696956134e-05,3.2788737679386735,5.4739473917271955
MH,refine,-37.560001014965685,6.369769999967558,11.679245318573383,2.577096332598011e-05,3.361878852558428,4.481689070338061
MH,refine,-37.59064863027613,6.2563654377019695,12.13506766875099,2.249561749591403e-05,3.7621853549999096,4.055199966844669
MH,refine,-37.56603972078672,6.216374885888176,12.835142555943932,1.81831533161922e-05,4.263114515168816,3.3201169227365392
MH,refine,-37.6332351483708,6.128510732379835,11.73941252892343,2.6364679782075716e-05,3.6692966676192444,4.953032424395109
MH,refine,-37.667960205688296,6.012569210500176,11.772039037150389,2.6677645678808402e-05,3.833391804758412,5.2069798271798415
MH,refine,-37.63920864581699,6.032564832844669,12.651771763466616,1.9894955611415516e-05,4.398440296439161,3.857425530696966
MH,refine,-37.72949901788265,5.797045657684804,12.27234575362317,2.3589896787040424e-05,4.481689070338069,4.953032424395104
MH,refine,-37.790708774215126,5.585203643932381,12.352653453273973,2.4200262260625514e-05,4.891504867459011,5.473947391727187
MH,refine,-37.77629703904912,5.57666885234109,11.514321613643071,3.256717625561886e-05,4.263114515168824,7.389056098930637
MH,refine,-37.89502594797172,5.189323951969078,12.103303464751104,2.964603943270279e-05,5.439841911176012,7.767901106306749
MH,refine,-37.9704498583477,4.841186497826124,12.32383059706423,3.1514298107613536e-05,6.480191095657768,9.487735836358492
MH,refine,-37.95762375313121,4.853067261430039,13.233294044485701,2.3461095566532963e-05,7.435382318182754,7.0286875805892635
MH,refine,-38.03985442992323,4.257669643069723,13.362763272040906,3.129835806610444e-05,9.850281170450629,12.18249396070341
MH,refine,-37.972507874759444,3.7968585551160157,14.195486029274704,3.713165123468979e-05,13.978214353505722,18.17414536944294
MH,refine,-38.00562624255818,4.255564957337892,12.468775112760056,4.220660551497995e-05,8.584858397177932,16.444646771096973
MH,refine,-37.960000258540866,3.795334440201329,13.710302170711557,4.3106196121442346e-05,13.049502363806942,21.115344422540478
MH,refine,-38.01697980552705,4.530783565663082,12.588326258593455,3.3713942487887146e-05,7.719503125627414,11.58834671922334
MH,refine,-38.009416524185646,4.540619104001822,13.51348896621753,2.5084457214437835e-05,8.857371055601636,8.584858397177852
MH,refine,-38.028240394708625,4.463266416668559,13.231490446946108,2.8513664772746073e-05,8.788442447195015,10.099642225480004
MH,refine,-38.02472407854783,4.200315057888778,14.065897998986536,2.654763731776569e-05,11.214274772141913,10.617461955385934
MH,refine,-38.03452317721904,4.2774706398452595,13.670988030392646,2.8140797932650606e-05,10.214702714427247,10.852277871223766
MH,refine,-38.031137149264154,4.087890703187732,13.831857263517348,3.100209907724039e-05,11.448865303975163,13.090345843392027
MH,refine,-38.036889614239186,4.175668486411699,13.669446145613955,3.031679517874801e-05,10.716422133711161,12.268453970379586
MH,refine,-38.03706196607837,4.1573808592112345,13.364606201052995,3.373542529632073e-05,10.334101158832825,13.772257601109786
MH,refine,-38.036436446087286,4.239308561754244,13.065643067484485,3.483236708170955e-05,9.498860794048541,13.675761058064309
MH,refine,-38.03880125633104,4.191130017983643,13.514772952008764,3.138224075935783e-05,10.398129940468898,12.606085675823959
MH,refine,-38.03716885494502,4.293482877941432,13.516844415152525,2.913212873109999e-05,9.911312264729949,11.150935965753355
MH,refine,-38.03902421529948,4.2584802412694325,13.476834954812112,3.021241744145209e-05,10.015359584305124,11.755328658324862
MH,refine,-38.0380344926647,4.327147841856898,13.328513014791161,3.0146411372924575e-05,9.487677927991372,11.360324217117926
MH,refine,-38.03947244886251,4.224326033471841,13.466682979553882,3.106269694011966e-05,10.162637008385211,12.282389689466179
MH,refine,-38.03972305464319,4.223610843638814,13.352978306541715,3.2180554391881476e-05,9.995131090719285,12.728707343198167
MH,refine,-38.03966896563543,4.257009354940113,13.25012449004333,3.2425618650290856e-05,9.687923665664979,12.625181602002435
MH,refine,-38.03986853095947,4.2487616483384665,13.30376869734925,3.207857795840554e-05,9.80448157141201,12.538596981693141
MH,refine,-38.03961472912413,4.283221081916304,13.314132515193743,3.120205927585117e-05,9.662394553142367,12.000541601484485
MH,refine,-38.03988346585587,4.238354073264439,13.343000930917976,3.193186875179635e-05,9.910887871654957,12.542624994678853
MH,refine,-38.03952397488522,4.2295701975653675,13.284356511926038,3.272917655033562e-05,9.86480647734916,12.909254903641154
MH,refine,-38.03992072659845,4.250592888745172,13.34301019343966,3.164957613712218e-05,9.85391049085654,12.360255485098659
MH,refine,-38.03986979996165,4.240187511386355,13.382379241950366,3.150492825821076e-05,9.960853234398893,12.36422620603924
MH,refine,-38.03990395961937,4.242323199383973,13.362663565025263,3.164727888021831e-05,9.921528048797187,12.407590235464047
MH,refine,-38.03987739143874,4.25459094143965,13.36272769549345,3.1367759702944446e-05,9.86448949795703,12.227184128506883
MH,refine,-38.039909409313545,4.242399385757118,13.347904448933178,3.178977628818682e-05,9.899267858384949,12.463009938926508
MH,refine,-38.03991836457388,4.250670466254259,13.328276680909807,3.179210247683408e-05,9.831802008901668,12.415463763314245
MH,refine,-38.03989998191052,4.2588952940842795,13.32343764478464,3.1652120237700494e-05,9.786753762550141,12.313101316018576
MH,refine,-38.03991976402288,4.246511386676384,13.341764761916181,3.175521686799772e-05,9.87101864352527,12.425362542497727
MH,refine,-38.03991403592946,4.246435130410635,13.356517101631308,3.1612874431185265e-05,9.893215310764809,12.370110247033525
MH,refine,-38.039921530102475,4.249610335686854,13.335328356761998,3.174718696959495e-05,9.847119501258126,12.404109818960391
MH,refine,-38.03991711489339,4.253697653409107,13.336582082662984,3.164161516044759e-05,9.83005276986407,12.339114122681492
MH,refine,-38.03992178953324,4.248305636592419,13.340465204858736,3.172676066970663e-05,9.860761197682232,12.403744083140401
MH,refine,-38.0399170242243,4.2473248099751455,13.332788593170843,3.182462749672435e-05,9.853965486802977,12.447752715066603
MH,refine,-38.039922038256975,4.249775136414632,13.340452498909245,3.169324108800688e-05,9.853924239814372,12.382071963804046
MH,refine,-38.039921106315965,4.248470528852392,13.345591767320657,3.167285161634264e-05,9.867575363175726,12.381706877771355
MH,refine,-38.0399220109437,4.249325248489769,13.337893133889636,3.172858519609275e-05,9.852229487757162,12.39850528637431
MH,refine,-38.03992168688843,4.250795426886965,13.337881452942893,3.169506854659123e-05,9.845398445349595,12.37684232038939
MH,refine,-38.03992206662052,4.248927809013343,13.339818785440348,3.1718832602938516e-05,9.856918263681408,12.39701316561485
MH,refine,-38.03992185047444,4.249377662452639,13.342378543806113,3.168349947198861e-05,9.858613822288307,12.380581820742805
MH,refine,-38.03992212418084,4.249338328950817,13.3390142728821,3.1717307411014025e-05,9.853825183682716,12.394021988813051
MH,refine,-38.039921639781916,4.248491225086087,13.338381056110784,3.1742920397831465e-05,9.856819177452456,12.408977610483138
MH,refine,-38.03992213897322,4.249454067304757,13.33993443568806,3.170565280224401e-05,9.854647894504117,12.388792901347651
MH,refine,-38.03992210049481,4.249864687108931,13.339130070018314,3.170412897546401e-05,9.851555526942446,12.385803707948108
MH,refine,-38.03992213759697,4.249630428203743,13.339302182710565,3.170780394451097e-05,9.852895937536351,12.38860512178826
MH,refine,-38.039922070866446,4.24974619219934,13.340222420894232,3.169615309162931e-05,9.853718570773587,12.383378319720723
MH,refine,-38.039922143796495,4.249440283642237,13.339316276238433,3.1712017396711984e-05,9.853798530347294,12.391360214187552
MH,refine,-38.039922136397045,4.249263937310186,13.339948550841893,3.1709866068229845e-05,9.855550647806334,12.391548035507103
MH,refine,-38.03992214360378,4.249538799559555,13.339463762523337,3.170831941873226e-05,9.853559548057767,12.38934078468743
MH,refine,-38.039922132116644,4.24952501786231,13.338845631915751,3.1714684581933454e-05,9.852710277704647,12.391908211064456
MH,refine,-38.03992214450256,4.249471803677776,13.339662222786526,3.170791048876325e-05,9.854163454583896,12.389571655345579
MH,refine,-38.03992214360872,4.249373290534989,13.339514738141501,3.171160843728112e-05,9.854402451520208,12.391591122477003
MH,refine,-38.039922145211115,4.249414666534575,13.339501992171297,3.1710786140927244e-05,9.854191718895036,12.39102849971313
MH,refine,-38.03992214181571,4.2494461868626,13.339847945050465,3.170667939963418e-05,9.854556657692925,12.389239988750559
MH,refine,-38.03992214545211,4.249441759124446,13.339449190443696,3.1710682808389615e-05,9.853988056715652,12.390830123814146
MH,refine,-38.03992214019772,4.249384623556125,13.339288966062941,3.171355872945791e-05,9.854016320523707,12.392287116160396
MH,refine,-38.03992214569747,4.249450008024353,13.339568906197135,3.170932244782565e-05,9.85412667086289,12.390250464760541
MH,refine,-38.03992214555821,4.2494771010503225,13.339516104866313,3.170921912320315e-05,9.85392301002789,12.390052101317611
MH,refine,-38.039922144382835,4.24948535027908,13.339635822037222,3.17078588293137e-05,9.854061623260126,12.389472478660911
MH,refine,-38.039922145752634,4.24945265675735,13.339495847739947,3.170997678834354e-05,9.854006448300279,12.39049069857915
MH,refine,-38.03992214560824,4.249425564035923,13.339548649457365,3.1710080117654074e-05,9.854210110859785,12.390689069043976
MH,refine,-38.03992214573737,4.249438448169808,13.3395405131103,3.170986486593752e-05,9.854138334867612,12.390529824042494
MH,refine,-38.03992214555609,4.24944109692617,13.33946745490458,3.171051921810478e-05,9.854018112162699,12.390770063277582
MH,refine,-38.03992214576386,4.24944778023162,13.339543543250066,3.1709621635915694e-05,9.85409953107572,12.390380362347047
MH,refine,-38.03992214574414,4.249461988876855,13.339498877952726,3.170973355785857e-05,9.853967645027733,12.390341237355655
MH,refine,-38.039922145768365,4.249456103675667,13.339509286691639,3.1709766384645244e-05,9.85401031721052,12.39038838375827
MH,refine,-38.03992214572883,4.249451227150888,13.339556982265215,3.1709411234647136e-05,9.854103400022511,12.390278048437265
MH,refine,-38.03992214577235,4.249452299351842,13.339511131332923,3.170983539891638e-05,9.85403068614141,12.390437535701526
MH,refine,-38.0399221457162,4.249460622819744,13.339476874904825,3.170998014884563e-05,9.853941472899496,12.390445557149764
MH,refine,-38.03992214577536,4.249450990869053,13.339526876113812,3.170971126367923e-05,9.854060016293985,12.390396661015563
MH,refine,-38.039922145772714,4.249447186553903,13.339528720770392,3.170978027789157e-05,9.854080385327608,12.390445812991661
MH,refine,-38.039922145762276,4.2494458780757665,13.339544465581707,3.1709656142916134e-05,9.854109715628109,12.390404938278387
MH,refine,-38.03992214577567,4.249450694030416,13.339519464882606,3.1709790584798965e-05,9.854050443453668,12.390429386337704
MH,refine,-38.039922145773,4.249454498351656,13.339517620236569,3.1709721570608234e-05,9.854030074481932,12.39038023442677
MH,refine,-38.039922145775385,4.249452670399866,13.339520395365476,3.1709736247401374e-05,9.854042652169268,12.39039662903545
MH,refine,-38.03992214577353,4.2494523735613505,13.339512984138622,3.1709815568587177e-05,9.854033079345818,12.390429354357508
MH,refine,-38.039922145775954,4.249451336541894,13.33952340311806,3.170973733987119e-05,9.85405328205004,12.39040483434296
MH,refine,-38.03992214577522,4.249449360173647,13.339522472636812,3.170979167727936e-05,9.854061073342844,12.390437591666906
MH,refine,-38.03992214577595,4.249451842842815,13.339520914682478,3.170975010485798e-05,9.854047257459431,12.390406869680618
MH,refine,-38.0399221457747,4.249452485354825,13.33952485291948,3.170969686000352e-05,9.854050096054886,12.390382317730491
MH,refine,-38.03992214577615,4.249451141861306,13.33952081189118,3.170976715357205e-05,9.854050356603969,12.390417619169138
MH,refine,-38.039922145776124,4.249450635560524,13.339523300326912,3.17097543885792e-05,9.854056381196472,12.390415583829713
MH,refine,-38.039922145775854,4.249450440880045,13.339520709100292,3.1709784202297206e-05,9.854053455749481,12.390428368666983
MH,refine,-38.03992214577617,4.2494511126263745,13.339522729613446,3.170974905547062e-05,9.854053325474903,12.390410717919774
V,sweep_q_zero,-25.296848988468767,353.4300548320704,6.4732972567297224,0.0,0.00033546262790251185,0.0
V,sweep,-25.298170509795156,353.32990985533644,6.471463037499343,1.9910883103749805e-09,0.00033546262790251185,1.1253517471925912e-07
V,sweep,-25.306367699050064,352.7030521248531,6.459981737673199,1.4660106218374298e-08,0.00033546262790251185,8.315287191035679e-07
V,sweep,-25.355865191355974,348.6615365213284,6.385958797315855,1.0585605978680677e-07,0.00033546262790251185,6.14421235332821e-06
V,sweep,-25.47353803512894,333.0703763735256,6.100396738192277,7.137869842940603e-07,0.00033546262790251185,4.5399929762484854e-05
V,sweep,-25.30349977027612,307.2483464062347,5.627449761937304,4.488122282189373e-06,0.00033546262790251185,0.00033546262790251185
V,sweep,-24.43105234813236,282.6806479372115,5.177476668451367,2.807156934793891e-05,0.00033546262790251185,0.0024787521766663585
V,sweep,-22.577990205069504,270.13046895115326,4.9476121221537435,0.00018941337623948427,0.00033546262790251185,0.01831563888873418
V,sweep,-20.02005482877231,265.1797469456425,4.856936485662299,0.0013487553107777337,0.00033546262790251185,0.1353352832366127
V,sweep,-17.116451474797955,264.002259983711,4.8353700596713685,0.009877720135559372,0.00033546262790251185,1.0
V,sweep,-14.130889340623026,263.8218700088583,4.832066102032819,0.07288731974622145,0.00033546262790251185,7.38905609893065
V,sweep,-11.132872831472818,263.7970023553414,4.8316106350709935,0.5384669691580483,0.00033546262790251185,54.598150033144236
V,sweep,-8.133141820582429,263.79362835489263,4.831548838097163,3.978660865322717,0.00033546262790251185,403.4287934927351
V,sweep,-5.133178234558068,263.7931715738229,4.8315404718600385,29.39844652041155,0.00033546262790251185,2980.9579870417283
V,sweep,-2.133183163544805,263.7931097320656,4.831539339188744,217.2266687106093,0.00033546262790251185,22026.465794806718
V,sweep,0.8668161634830103,263.79310117792835,4.8315391825142555,1605.099937187922,0.00033546262790251185,162754.79141900392
V,sweep_q_zero,-27.73861676774856,232.6970042936272,7.026840659879555,0.0,0.0009118819655545162,0.0
V,sweep,-27.7389821868287,232.67284464797365,7.026111101796407,8.634180361640276e-10,0.0009118819655545162,1.1253517471925912e-07
V,sweep,-27.741287077537926,232.51964768513722,7.021484954370501,6.371445809773293e-09,0.0009118819655545162,8.315287191035679e-07
V,sweep,-27.756826935206583,231.44614160577208,6.989067879685723,4.6645261841549566e-08,0.0009118819655545162,6.14421235332821e-06
V,sweep,-27.81850579582126,225.69847876068303,6.815503500970355,3.2775843149243763e-07,0.0009118819655545162,4.5399929762484854e-05
V,sweep,-27.739681133274736,211.80370033002714,6.395917549131678,2.1328124099895477e-06,0.0009118819655545162,0.00033546262790251185
V,sweep,-27.052126496605517,195.46627585085847,5.902570078001048,1.3422030260827513e-05,0.0009118819655545162,0.0024787521766663585
V,sweep,-25.420464354846025,184.32174903607097,5.566034528714601,8.818945644934854e-05,0.0009118819655545162,0.01831563888873418
V,sweep,-22.928965161073904,180.2226895765569,5.4422536585447725,0.0006229761168821937,0.0009118819655545162,0.1353352832366127
V,sweep,-20.03822840744774,179.29410211697535,5.414212746986632,0.004555892156169555,0.0009118819655545162,1.0
V,sweep,-17.054613307221132,179.15208625864452,5.409924239660566,0.03361043486841423,0.0009118819655545162,7.38905609893065
V,sweep,-14.056865104596275,179.1325066902713,5.409332987927157,0.248295107406935,0.0009118819655545162,54.598150033144236
V,sweep,-11.057170496308567,179.12985011127643,5.409252766192657,1.8346120610159677,0.0009118819655545162,403.4287934927351
V,sweep,-8.057211838432464,179.1294904575565,5.409241905591377,13.555997003479547,0.0009118819655545162,2980.9579870417283
V,sweep,-5.057217433757151,179.12944178091723,5.409240435684237,100.16596789743322,0.0009118819655545162,22026.465794806718
V,sweep,-2.057218191107106,179.12943518437118,5.409240236485807,740.1319014862408,0.0009118819655545162,162754.79141900392
V,sweep_q_zero,-29.659000465412177,157.82238833425257,7.857514037977006,0.0,0.0024787521766663585,0.0
V,sweep,-29.65907428681321,157.81680241774743,7.857235931570067,3.972246553565085e-10,0.0024787521766663585,1.1253517471925912e-07
V,sweep,-29.659542558633085,157.78121688530172,7.855464232233286,2.933791754771795e-09,0.0024787521766663585,8.315287191035679e-07
V,sweep,-29.66282654061532,157.52367611821825,7.84264203245499,2.16072412882398e-08,0.0024787521766663585,6.14421235332821e-06
V,sweep,-29.679137408198073,155.87176417876302,7.760398179787641,1.5632610619687156e-07,0.0024787521766663585,4.5399929762484854e-05
V,sweep,-29.639613076165794,149.72293049557726,7.454265776820246,1.0657668567485347e-06,0.0024787521766663585,0.00033546262790251185
V,sweep,-29.106917541004286,140.2384229872632,6.982059953068296,6.9088947262244965e-06,0.0024787521766663585,0.0024787521766663585
V,sweep,-27.72506667073742,131.3461880269876,6.539341643157944,4.478148038683806e-05,0.0024787521766663585,0.01831563888873418
V,sweep,-25.393196701043152,127.09699639480431,6.327786848858279,0.0003098296943562289,0.0024787521766663585,0.1353352832366127
V,sweep,-22.542549087372244,126.07865486786963,6.277086609634948,0.0022528099792079627,0.0024787521766663585,1.0
V,sweep,-19.56523714836471,125.92064300876365,6.269219662402706,0.016604440915235056,0.0024787521766663585,7.38905609893065
V,sweep,-16.568362049306707,125.89880494678955,6.268132409318178,0.12264859314560189,0.0024787521766663585,54.598150033144236
V,sweep,-13.568785982818143,125.89584092140868,6.267984839183897,0.9062146638238131,0.0024787521766663585,403.4287934927351
V,sweep,-10.568843374804151,125.8954396267224,6.267964859897916,6.696028301103089,0.0024787521766663585,2980.9579870417283
V,sweep,-7.568851142361533,125.89538531380043,6.267962155816756,49.477286066567316,0.0024787521766663585,22026.465794806718
V,sweep,-4.568852193913765,125.89537795584351,6.267961789485652,365.5903996348336,0.0024787521766663585,162754.79141900392
V,sweep_q_zero,-31.065920233212573,109.46331943720517,8.98529642537038,0.0,0.006737946999085467,0.0
V,sweep,-31.06592042381434,109.46212133821467,8.985198079416394,1.9109857041145557e-10,0.006737946999085467,1.1253517471925912e-07
V,sweep,-31.06592132383487,109.45447501268488,8.984570430795804,1.4118407921434108e-09,0.006737946999085467,8.315287191035679e-07
V,sweep,-31.065911141523323,109.39842186556584,8.979969308291672,1.0421488634576857e-08,0.006737946999085467,6.14421235332821e-06
V,sweep,-31.064990983679664,109.00707078949699,8.9478452557511,7.645500973461502e-08,0.006737946999085467,4.5399929762484854e-05
V,sweep,-31.03117948995081,106.95282282177226,8.779222314147269,5.438386580117242e-07,0.006737946999085467,0.00033546262790251185
V,sweep,-30.667799903155803,102.12759060030311,8.38314313388798,3.66404423980961e-06,0.006737946999085467,0.0024787521766663585
V,sweep,-29.535129940458063,96.22601004622202,7.898711902227406,2.4035239668728507e-05,0.006737946999085467,0.01831563888873418
V,sweep,-27.454119679645906,92.01870185670572,7.553355015280642,0.00016240697173003943,0.006737946999085467,0.1353352832366127
V,sweep,-24.689584337349068,90.76712045129983,7.450618957340204,0.0011676119834213114,0.006737946999085467,1.0
V,sweep,-21.726873109328075,90.56189180481095,7.433772764175578,0.008588579975053265,0.006737946999085467,7.38905609893065
V,sweep,-18.732044767101193,90.53327420938727,7.431423688894605,0.06342139786261039,0.006737946999085467,54.598150033144236
V,sweep,-15.732747050873224,90.5293851923606,7.431104458937324,0.46858400637460607,0.006737946999085467,403.4287934927351
V,sweep,-12.732842138383552,90.52885857561749,7.4310612316026905,3.4623532282355907,0.006737946999085467,2980.9579870417283
V,sweep,-9.732855007861561,90.52878730061255,7.431055380994008,25.583481953024283,0.006737946999085467,22026.465794806718
V,sweep,-6.732856749836236,90.52877765185596,7.4310545889758375,189.03774306075584,0.006737946999085467,162754.79141900392
V,sweep_q_zero,-32.08486048017163,76.40536600809203,10.340341849502193,0.0,0.01831563888873418,0.0
V,sweep,-32.08485155845789,76.4051205502157,10.340308630390979,9.310535234688452e-11,0.01831563888873418,1.1253517471925912e-07
V,sweep,-32.08479453407033,76.40355294344856,10.340096477885144,6.879324420608493e-10,0.01831563888873418,8.315287191035679e-07
V,sweep,-32.084371948629304,76.3920038556153,10.338533478812105,5.081634788172003e-09,0.01831563888873418,6.14421235332821e-06
V,sweep,-32.081185001311454,76.30848050414991,10.327229822384668,3.7466421987691395e-08,0.01831563888873418,4.5399929762484854e-05
V,sweep,-32.054995140774075,75.77493062960399,10.255021698992133,2.7298366963451965e-07,0.01831563888873418,0.00033546262790251185
V,sweep,-31.841579157150086,73.79165062741433,9.986613938158287,1.9128855505275082e-06,0.01831563888873418,0.0024787521766663585
V,sweep,-30.98690473066751,70.50272433709955,9.541506167114195,1.2902542508089312e-05,0.01831563888873418,0.01831563888873418
V,sweep,-29.21938640451834,67.11876743016926,9.083537400654292,8.640530530580494e-05,0.01831563888873418,0.1353352832366127
V,sweep,-26.615015409891903,65.66150223376654,8.886318002548272,0.0006110307363371496,0.01831563888873418,1.0
V,sweep,-23.68410941625995,65.38786585505242,8.849285345731154,0.00447738786281761,0.01831563888873418,7.38905609893065
V,sweep,-20.69386723552728,65.34877847533537,8.84399544412617,0.03304412858531741,0.01831563888873418,54.598150033144236
V,sweep,-17.695195715457935,65.34344850528053,8.843274111119158,0.24412509237549224,0.01831563888873418,403.4287934927351
V,sweep,-14.695375651595297,65.34272643194683,8.843176389120021,1.8038141362074571,0.01831563888873418,2980.9579870417283
V,sweep,-11.695400005975776,65.34262869640708,8.843163162053067,13.328443972695464,0.01831563888873418,22026.465794806718
V,sweep,-8.695403302104053,65.34261546828328,8.843161371821187,98.48458035076344,0.01831563888873418,162754.79141900392
V,sweep_q_zero,-32.92797257633639,52.60308668013579,11.737335155240435,0.0,0.049787068367863944,0.0
V,sweep,-32.92796687660981,52.60303691254337,11.737324050589567,4.413177071171111e-11,0.049787068367863944,1.1253517471925912e-07
V,sweep,-32.92793045971906,52.602718992028464,11.737253112934162,3.2608818789598413e-10,0.049787068367863944,8.315287191035679e-07
V,sweep,-32.92766131887456,52.600372398231265,11.736729517084388,2.4092689454387122e-09,0.049787068367863944,6.14421235332821e-06
V,sweep,-32.92566973600517,52.58317061810963,11.732891281131012,1.7790581657919685e-08,0.049787068367863944,4.5399929762484854e-05
V,sweep,-32.91082718092145,52.46308255902669,11.706096013275923,1.308558618299606e-07,0.049787068367863944,0.00033546262790251185
V,sweep,-32.80135614088192,51.83081170877459,11.565017317201987,9.437360758636256e-07,0.049787068367863944,0.0024787521766663585
V,sweep,-32.242503187283525,50.27398041404589,11.217641301085083,6.560697948241083e-06,0.049787068367863944,0.01831563888873418
V,sweep,-30.832217709367413,48.14976518031197,10.7436648157923,4.4467305180263384e-05,0.049787068367863944,0.1353352832366127
V,sweep,-28.49168217214762,46.69836010217674,10.419812568267744,0.0003090613430034825,0.049787068367863944,1.0
V,sweep,-25.630615428458306,46.338933942126495,10.339613751614197,0.0022486531332302764,0.049787068367863944,7.38905609893065
V,sweep,-22.65112515185905,46.28433643333402,10.327431400733625,0.016576293928120437,0.049787068367863944,54.598150033144236
V,sweep,-19.653936040664696,46.276823405752936,10.32575501768626,0.12244340522406005,0.049787068367863944,403.4287934927351
V,sweep,-16.654317108884207,46.2758043133861,10.32552762744324,0.9047013427817501,0.049787068367863944,2980.9579870417283
V,sweep,-13.654368692900809,46.27566635171857,10.32549684403427,6.684849115444718,0.049787068367863944,22026.465794806718
V,sweep,-10.654375674286479,46.275647679661255,10.32549267773513,49.3946852657444,0.049787068367863944,162754.79141900392
V,sweep_q_zero,-33.775101044196646,35.30085070927046,12.986457231802932,0.0,0.1353352832366127,0.0
V,sweep,-33.775098366913696,35.300840515721056,12.98645348180567,1.9874664658279572e-11,0.1353352832366127,1.1253517471925912e-07
V,sweep,-33.77508126165411,35.30077539212655,12.986429524174117,1.468544702666845e-10,0.1353352832366127,8.315287191035679e-07
V,sweep,-33.77495487272793,35.30029438118561,12.986252570137967,1.0850863476433847e-09,0.1353352832366127,6.14421235332821e-06
V,sweep,-33.77402113298507,35.296750554307835,12.984948869086562,8.016154155316162e-09,0.1353352832366127,4.5399929762484854e-05
V,sweep,-33.76713108678658,35.27111825419688,12.975519272845805,5.9145816374568564e-08,0.1353352832366127,0.00033546262790251185
V,sweep,-33.71701920874851,35.10717152293288,12.915206640966522,4.329783874588988e-07,0.1353352832366127,0.0024787521766663585
V,sweep,-33.41064160725596,34.488631673507314,12.687658546817575,3.087560161731018e-06,0.1353352832366127,0.01831563888873418
V,sweep,-32.38787091116341,33.39281979132928,12.284531883972896,2.1387432484176113e-05,0.1353352832366127,0.1353352832366127
V,sweep,-30.41503514062687,32.248113222578645,11.863417871155633,0.0001473839011360901,0.1353352832366127,1.0
V,sweep,-27.700961563767287,31.806019991271814,11.700780860276797,0.0010593733582552655,0.1353352832366127,7.38905609893065
V,sweep,-24.747621505221282,31.728335217040723,11.672202228945135,0.007789577922357544,0.1353352832366127,54.598150033144236
V,sweep,-21.75412562458822,31.71738462380478,11.668173730825,0.05751790468313446,0.1353352832366127,403.4287934927351
V,sweep,-18.755009473446826,31.71589424922342,11.667625452656875,0.42496308422941087,0.1353352832366127,2980.9579870417283
V,sweep,-15.755129155909371,31.71569239465273,11.66755119451021,3.1400360996898065,0.1353352832366127,22026.465794806718
V,sweep,-12.755145354400751,31.71566507372455,11.667541143702419,23.201862919546173,0.1353352832366127,162754.79141900392
V,sweep_q_zero,-34.593679025472476,23.399811694147168,14.192703224002477,0.0,0.36787944117144233,0.0
V,sweep,-34.5936778835828,23.39980959873034,14.192701953067925,8.732817105617669e-12,0.36787944117144233,1.1253517471925912e-07
V,sweep,-34.593670588011626,23.39979621126394,14.1926938331591,6.452720166062175e-11,0.36787944117144233,8.315287191035679e-07
V,sweep,-34.593616682028646,23.399697304963706,14.192633843455566,4.767910823490007e-10,0.36787944117144233,6.14421235332821e-06
V,sweep,-34.59321844424245,23.39896726814912,14.192191053744802,3.5228162310860737e-09,0.36787944117144233,4.5399929762484854e-05
V,sweep,-34.590280043465356,23.39361557625775,14.188945088531353,2.6018381091772652e-08,0.36787944117144233,0.00033546262790251185
V,sweep,-34.56880462043181,23.35624675302272,14.166279751521921,1.9163756594345335e-07,0.36787944117144233,0.0024787521766663585
V,sweep,-34.423745884093364,23.159019872774184,14.046655601731713,1.392207121824061e-06,0.36787944117144233,0.01831563888873418
V,sweep,-33.77254255069922,22.663778864680367,13.746276746375822,9.851834603674357e-06,0.36787944117144233,0.1353352832366127
V,sweep,-32.22300375629145,21.969239813663417,13.325017517566325,6.840242318455978e-05,0.36787944117144233,1.0
V,sweep,-29.770275551344696,21.513712797291564,13.048726415809377,0.0004846867248013877,0.36787944117144233,7.38905609893065
V,sweep,-26.878354980629517,21.406210079810997,12.983522721654987,0.0035456749736911537,0.36787944117144233,54.598150033144236
V,sweep,-23.894061151182065,21.390091088077,12.973746058964663,0.026159749879657353,0.36787944117144233,403.4287934927351
V,sweep,-20.89620858880236,21.38787742771074,12.972403406082337,0.193255853090938,0.36787944117144233,2980.9579870417283
V,sweep,-17.89649961859616,21.387577242187742,12.972221334359036,1.4279382559751754,0.36787944117144233,22026.465794806718
V,sweep,-14.896539012643002,21.38753660548885,12.972196686955249,10.55107578470941,0.36787944117144233,162754.79141900392
V,sweep_q_zero,-35.05466832017782,16.015268396222556,16.015268396222556,0.0,1.0,0.0
V,sweep,-35.05466783614084,16.01526798074469,16.01526798074469,4.0907047728921276e-12,1.0,1.1253517471925912e-07
V,sweep,-35.054664743607496,16.015265326253044,16.015265326253044,3.022643703114422e-11,1.0,8.315287191035679e-07
V,sweep,-35.054641893048704,16.015245713120894,16.015245713120894,2.2334429185469549e-10,1.0,6.14421235332821e-06
V,sweep,-35.05447306780322,16.015100848191032,16.015100848191032,1.6502736465856487e-09,1.0,4.5399929762484854e-05
V,sweep,-35.05322663535419,16.014033567338487,16.014033567338487,1.2192339343182458e-08,1.0,0.00033546262790251185
V,sweep,-35.04407253854893,16.006314236594594,16.006314236594594,9.000304729873813e-08,1.0,0.0024787521766663585
V,sweep,-34.97938070713667,15.956946087637025,15.956946087637025,6.609415517197388e-07,1.0,0.01831563888873418
V,sweep,-34.61640927703128,15.770370329840839,15.770370329840839,4.770196261706445e-06,1.0,0.1353352832366127
V,sweep,-33.48680928855739,15.436631210213621,15.436631210213621,3.3771199421788726e-05,1.0,1.0
V,sweep,-31.390728394566565,15.091232319815296,15.091232319815296,0.00023849528709351988,1.0,7.38905609893065
V,sweep,-28.62468935354316,14.961610459081772,14.961610459081772,0.001732112285205847,1.0,54.598150033144236
V,sweep,-25.66193176340463,14.939117275254768,14.939117275254768,0.012760220890335714,1.0,403.4287934927351
V,sweep,-22.66710129680017,14.9359537239813,14.9359537239813,0.09424605966705495,1.0,2980.9579870417283
V,sweep,-19.66780337296344,14.935523302026443,14.935523302026443,0.6963492856806675,1.0,22026.465794806718
V,sweep,-16.667898433847093,14.935465008709276,14.935465008709276,5.145323771733093,1.0,162754.79141900392
V,sweep_q_zero,-34.694887879314386,11.968178435083495,19.73219035745673,0.0,2.718281828459045,0.0
V,sweep,-34.69488767186393,11.96817835976199,19.73219023327256,2.2844719135946004e-12,2.718281828459045,1.1253517471925912e-07
V,sweep,-34.694886346451476,11.96817787853002,19.732189439855176,1.6880089768508977e-11,2.718281828459045,8.315287191035679e-07
V,sweep,-34.694876552978215,11.968174322750647,19.73218357736609,1.2472785614047008e-10,2.718281828459045,6.14421235332821e-06
V,sweep,-34.69480419245344,11.96814805275515,19.732140265465738,9.216170802316435e-10,2.718281828459045,4.5399929762484854e-05
V,sweep,-34.69426973469457,11.96795415264329,19.73182057822692,6.809659650892734e-09,2.718281828459045,0.00033546262790251185
V,sweep,-34.69033246183027,11.966532791876203,19.729477150496884,5.030500620984741e-08,2.718281828459045,0.0024787521766663585
V,sweep,-34.661868402508034,11.956611134922477,19.71311910363669,3.71090392014351e-07,2.718281828459045,0.01831563888873418
V,sweep,-34.47951366448091,11.904326714419044,19.62691666742645,2.7180794008169126e-06,2.718281828459045,0.1353352832366127
V,sweep,-33.731417836606354,11.77337184446287,19.411008587827936,1.9644598155894425e-05,2.718281828459045,1.0
V,sweep,-32.03761226151086,11.59093168123143,19.110215610078257,0.00014069124855061376,2.718281828459045,7.38905609893065
V,sweep,-29.484344320784217,11.473451372758554,18.916523326610612,0.001018609011877845,2.718281828459045,54.598150033144236
V,sweep,-26.56794853572609,11.44608374164125,18.871401731058835,0.0074906957422890726,2.718281828459045,403.4287934927351
V,sweep,-23.57995945658439,11.441992921321356,18.864657108582815,0.05530961463910334,2.718281828459045,2980.9579870417283
V,sweep,-20.58159889556618,11.44143138046148,18.863731284222776,0.40864573205720156,2.718281828459045,22026.465794806718
V,sweep,-17.58182102802403,11.441355237047134,18.863605744955915,3.0194660489015317,2.718281828459045,162754.79141900392
V,sweep_q_zero,-33.29064522067925,10.031385072176297,27.268131755972156,0.0,7.38905609893065,0.0
V,sweep,-33.29064513442318,10.031385060009754,27.26813172290006,1.6049130932232568e-12,7.38905609893065,1.1253517471925912e-07
V,sweep,-33.29064458332769,10.031384982277222,27.268131511601133,1.1858792695948981e-11,7.38905609893065,8.315287191035679e-07
V,sweep,-33.29064051126641,10.031384407911286,27.268129950312648,8.762527446165328e-11,7.38905609893065,6.14421235332821e-06
V,sweep,-33.2906104233019,10.031380164119415,27.26811841449032,6.47467520856837e-10,7.38905609893065,4.5399929762484854e-05
V,sweep,-33.29038814122618,10.031348819062751,27.26803320979238,4.784143935674551e-09,7.38905609893065,0.00033546262790251185
V,sweep,-33.288747843269356,10.031117892036221,27.26740548505246,3.5348680378720016e-08,7.38905609893065,0.0024787521766663585
V,sweep,-33.2767436382298,10.029447935665548,27.26286607299574,2.6110642388878747e-07,7.38905609893065,0.01831563888873418
V,sweep,-33.19376587627762,10.018779031765941,27.233864985395865,1.9252275172311853e-06,7.38905609893065,0.1353352832366127
V,sweep,-32.760741658879475,9.978619601748036,27.12470033653692,1.4111798349828535e-05,7.38905609893065,1.0
V,sweep,-31.50188504649705,9.907368575265668,26.93101996599085,0.00010278909246153595,7.38905609893065,7.38905609893065
V,sweep,-29.2665878868684,9.834682548393102,26.733438859960263,0.0007484108025201071,7.38905609893065,54.598150033144236
V,sweep,-26.446837194958633,9.807769666220258,26.66028206139836,0.005499824549272949,7.38905609893065,403.4287934927351
V,sweep,-23.474675801845628,9.803121732130714,26.647647666622877,0.040600003808275414,7.38905609893065,2980.9579870417283
V,sweep,-20.478520749974017,9.802468560684863,26.64587216255076,0.29995573030622047,7.38905609893065,22026.465794806718
V,sweep,-17.47904256966074,9.80237970266866,26.64563062142,2.2163495360804983,7.38905609893065,162754.79141900392
V,sweep_q_zero,-31.06232450905192,9.209753351464107,41.275250935766046,0.0,20.085536923187668,0.0
V,sweep,-31.062324475054872,9.209753349670383,41.275250927727136,1.3527754591546657e-12,20.085536923187668,1.1253517471925912e-07
V,sweep,-31.062324257845873,9.20975333821024,41.275250876366336,9.99573373207414e-12,20.085536923187668,8.315287191035679e-07
V,sweep,-31.062322652877853,9.20975325353088,41.27525049685978,7.385903593807092e-11,20.085536923187668,6.14421235332821e-06
V,sweep,-31.062310793792918,9.209752627842825,41.275247692720455,5.457484858057051e-10,20.085536923187668,4.5399929762484854e-05
V,sweep,-31.06222317256131,9.209748005281677,41.275226975838684,4.032562129472751e-09,20.085536923187668,0.00033546262790251185
V,sweep,-31.061576073188398,9.209713886164712,41.275074064565096,2.97966070224206e-08,20.085536923187668,0.0024787521766663585
V,sweep,-31.056813009165246,9.20946379262953,41.273953223101906,2.2015684346172263e-07,20.085536923187668,0.01831563888873418
V,sweep,-31.022580387700202,9.207718649184406,41.26613203279773,1.6261348042296842e-06,20.085536923187668,0.1353352832366127
V,sweep,-30.80970299489519,9.19853951153077,41.22499399190029,1.199165662488559e-05,20.085536923187668,1.0
V,sweep,-29.984194796758757,9.175670023312955,41.12250005651029,8.816698012987742e-05,20.085536923187668,7.38905609893065
V,sweep,-28.180195655636474,9.144109068726687,40.98105367129157,0.0006469968267570357,20.085536923187668,54.598150033144236
V,sweep,-25.554553285015444,9.124004267549115,40.89095020359273,0.004759696694704165,20.085536923187668,403.4287934927351
V,sweep,-22.621138490575333,9.119347829467385,40.87008149593513,0.03513377735398635,20.085536923187668,2980.9579870417283
V,sweep,-19.6306002879003,9.118652702157988,40.86696615147011,0.25956587620732996,20.085536923187668,22026.465794806718
V,sweep,-16.631889707201893,9.118557301427156,40.86653859505745,1.9179066891715557,20.085536923187668,162754.79141900392
V,sweep_q_zero,-28.383971164474602,8.887361563852584,65.66921316678678,0.0,54.598150033144236,0.0
V,sweep,-28.383971151577363,8.88736156360101,65.66921316492788,1.2597240338469304e-12,54.598150033144236,1.1253517471925912e-07
V,sweep,-28.38397106917627,8.887361561993705,65.66921315305142,9.308171551899364e-12,54.598150033144236,8.315287191035679e-07
V,sweep,-28.383970460310216,8.887361550117225,65.66921306529544,6.877860159163245e-11,54.598150033144236,6.14421235332821e-06
V,sweep,-28.38396596138095,8.8873614623619,65.66921241686642,5.082089355302893e-10,54.598150033144236,4.5399929762484854e-05
V,sweep,-28.38393271943601,8.88736081396812,65.6692076258484,3.755183786678417e-09,54.598150033144236,0.00033546262790251185
V,sweep,-28.38368714169519,8.887356024875961,65.66917223897778,2.774723375748331e-08,54.598150033144236,0.0024787521766663585
V,sweep,-28.381875215366385,8.887320742782958,65.6689115376133,2.050242389548128e-07,54.598150033144236,0.01831563888873418
V,sweep,-28.368629702596742,8.887065618568124,65.66702641047769,1.5148486274117186e-06,54.598150033144236,0.1353352832366127
V,sweep,-28.277714379955064,8.88543649933345,65.65498875706082,1.1189198098595105e-05,54.598150033144236,1.0
V,sweep,-27.814695551474777,8.879316385640465,65.60976689365152,8.2563758253522e-05,54.598150033144236,7.38905609893065
V,sweep,-26.502141338191038,8.868504093165418,65.52987425799537,0.0006085833928952217,54.598150033144236,54.598150033144236
V,sweep,-24.211457144927735,8.85753989993465,65.44885921913371,0.004485744713532415,54.598150033144236,403.4287934927351
V,sweep,-21.371050865194036,8.853498897118378,65.41900002262832,0.03311518290671819,54.598150033144236,2980.9579870417283
V,sweep,-18.39531421886872,8.852802062474384,65.41385107235219,0.24465142798954193,54.598150033144236,22026.465794806718
V,sweep,-15.39865655098903,8.852704161881192,65.41312767937697,1.8077031436961364,54.598150033144236,162754.79141900392
V,sweep_q_zero,-25.508444069817394,8.765633601053716,106.78727840657633,0.0,148.4131591025766,0.0
V,sweep,-25.508444065014572,8.765633601019202,106.78727840615586,1.2254521108978426e-12,148.4131591025766,1.1253517471925912e-07
V,sweep,-25.508444034328235,8.76563360079865,106.78727840346897,9.054934393521477e-12,148.4131591025766,8.315287191035679e-07
V,sweep,-25.508443807585472,8.765633599168988,106.78727838361564,6.690741818098862e-11,148.4131591025766,6.14421235332821e-06
V,sweep,-25.508442132172952,8.76563358712737,106.78727823691871,4.943826650156405e-10,148.4131591025766,4.5399929762484854e-05
V,sweep,-25.508429752580057,8.765633498152944,106.78727715298831,3.653021171980371e-09,148.4131591025766,0.00033546262790251185
V,sweep,-25.508338285850577,8.765632840813234,106.78726914495127,2.6992374321997707e-08,148.4131591025766,0.0024787521766663585
V,sweep,-25.5076628027742,8.765627988998219,106.78721003774415,1.9944794731782068e-07,148.4131591025766,0.01831563888873418
V,sweep,-25.502691680990452,8.765592425591537,106.78677678675702,1.4737201132885343e-06,148.4131591025766,0.1353352832366127
V,sweep,-25.46700699989219,8.76534428772629,106.78375384871222,1.0888784081969375e-05,148.4131591025766,1.0
V,sweep,-25.246484846681696,8.764039763368352,106.76786148860003,8.043388953413685e-05,148.4131591025766,7.38905609893065
V,sweep,-24.401871018086197,8.760794102657377,106.7283212465901,0.0005938903966729281,148.4131591025766,54.598150033144236
V,sweep,-22.571365500164582,8.75632569063973,106.67388484417118,0.00438381413622906,148.4131591025766,403.4287934927351
V,sweep,-19.92876459019088,8.753486363547985,106.63929475902356,0.03237124495787215,148.4131591025766,2980.9579870417283
V,sweep,-16.99141452081279,8.752829588206192,106.63129359738858,0.23915705297030398,148.4131591025766,22026.465794806718
V,sweep,-14.000288610033985,8.752731570170525,106.63009949326106,1.7671053025428036,148.4131591025766,162754.79141900392
V,sweep_q_zero,-22.555130767618387,8.720405251488636,175.15402166393463,0.0,403.4287934927351,0.0
V,sweep,-22.555130765843217,8.720405251483955,175.1540216638406,1.2128387188019124e-12,403.4287934927351,1.1253517471925912e-07
V,sweep,-22.55513075450211,8.720405251453933,175.1540216632376,8.9617333321208e-12,403.4287934927351,8.315287191035679e-07
V,sweep,-22.555130670701026,8.720405251232235,175.1540216587847,6.621875033133036e-11,403.4287934927351,6.14421235332821e-06
V,sweep,-22.555130051490842,8.72040524959412,175.15402162588228,4.892940608154562e-10,403.4287934927351,4.5399929762484854e-05
V,sweep,-22.55512547612898,8.720405237490013,175.15402138276477,3.6154212542024294e-09,403.4287934927351,0.00033546262790251185
V,sweep,-22.55509166944927,8.720405148057038,175.1540195864555,2.6714549920620562e-08,403.4287934927351,0.0024787521766663585
V,sweep,-22.554841920526393,8.720404487497579,175.15400631876403,1.97395278116269e-07,403.4287934927351,0.01831563888873418
V,sweep,-22.552999264232945,8.720399621047864,175.15390857350863,1.4585631557520655e-06,403.4287934927351,0.1353352832366127
V,sweep,-22.53953153704972,8.72036443231538,175.153201788923,1.0777318003456794e-05,403.4287934927351,1.0
V,sweep,-22.447196963229224,8.720139751347379,175.1486889510443,7.963010381150178e-05,403.4287934927351,7.38905609893065
V,sweep,-21.978841415428988,8.719295994789665,175.13174164755017,0.0005882774448124381,403.4287934927351,54.598150033144236
V,sweep,-20.65683587875123,8.717806489405406,175.10182413215736,0.00434533004739356,403.4287934927351,403.4287934927351
V,sweep,-18.35654224520256,8.716297642115451,175.0715181242035,0.03209677420985641,403.4287934927351,2980.9579870417283
V,sweep,-15.512589269912256,8.715741969949184,175.06035715039076,0.23713462722912837,403.4287934927351,22026.465794806718
V,sweep,-12.536240782036339,8.715646173626258,175.05843302980955,1.7521625462784303,403.4287934927351,162754.79141900392
V,sweep_q_zero,-19.572430530670466,8.703704875112463,288.2271206544228,0.0,1096.6331584284585,0.0
V,sweep,-19.57243053001624,8.70370487511182,288.22712065440146,1.208197772071048e-12,1096.6331584284585,1.1253517471925912e-07
V,sweep,-19.572430525836914,8.703704875107746,288.2271206542666,8.927441116427645e-12,1096.6331584284585,8.315287191035679e-07
V,sweep,-19.572430494955043,8.703704875077698,288.2271206532716,6.596536322872848e-11,1096.6331584284585,6.14421235332821e-06
V,sweep,-19.57243026676774,8.70370487485557,288.2271206459157,4.874217694585325e-10,1096.6331584284585,4.5399929762484854e-05
V,sweep,-19.572428580680977,8.703704873214297,288.2271205915642,3.6015867970108253e-09,1096.6331584284585,0.00033546262790251185
V,sweep,-19.572416122217405,8.703704861087136,288.2271201899678,2.661232681412127e-08,1096.6331584284585,0.0024787521766663585
V,sweep,-19.57232407279438,8.703704771492001,288.2271172229844,1.9663997170423084e-07,1096.6331584284585,0.01831563888873418
V,sweep,-19.571644288862075,8.703704110191929,288.2270953237336,1.4529835614217666e-06,1096.6331584284585,0.1353352832366127
V,sweep,-19.566641641965923,8.70369926292594,288.22693480432974,1.0736165087791606e-05,1096.6331584284585,1.0
V,sweep,-19.53073699002792,8.70366544237988,288.2258148216614,7.932950960552224e-05,1096.6331584284585,7.38905609893065
V,sweep,-19.3090580830737,8.703487652264554,288.2199272216386,0.0005861462495772543,1096.6331584284585,54.598150033144236
V,sweep,-18.461563104948794,8.703045403383335,288.2052819500588,0.004330627383848923,1096.6331584284585,403.4287934927351
V,sweep,-16.627083526427363,8.702436765314657,288.18512662533516,0.03199477317362108,1096.6331584284585,2980.9579870417283
V,sweep,-13.981954475506141,8.702050167633892,288.17232426841053,0.23639016962480627,1096.6331584284585,22026.465794806718
V,sweep,-11.04401938087402,8.701960759093748,288.1693634641947,1.7466643321055946,1096.6331584284585,162754.79141900392
V,sweep_q_zero,-16.57881181089509,8.697552721086952,474.8702883870873,0.0,2980.9579870417283,0.0
V,sweep,-16.57881181065421,8.697552721086875,474.8702883870831,1.2064903631219054e-12,2980.9579870417283,1.1253517471925912e-07
V,sweep,-16.57881180911572,8.697552721086328,474.87028838705334,8.91482497592585e-12,2980.9579870417283,8.315287191035679e-07
V,sweep,-16.578811797747683,8.697552721082255,474.87028838683085,6.587214185920248e-11,2980.9579870417283,6.14421235332821e-06
V,sweep,-16.578811713748813,8.69755272105217,474.8702883851884,4.86732951550998e-10,2980.9579870417283,4.5399929762484854e-05
V,sweep,-16.578811093076908,8.697552720829894,474.8702883730524,3.596497084024591e-09,2980.9579870417283,0.00033546262790251185
V,sweep,-16.578806506914667,8.69755271918747,474.87028828337924,2.657471870346161e-08,2980.9579870417283,0.0024787521766663585
V,sweep,-16.57877262043447,8.697552707052187,474.8702876208151,1.963620867652299e-07,2980.9579870417283,0.01831563888873418
V,sweep,-16.57852228209866,8.697552617419978,474.8702827270623,1.450930444906384e-06,2980.9579870417283,0.1353352832366127
V,sweep,-16.57667528349664,8.69755195708498,474.8702466739931,1.07210048251407e-05,2980.9579870417283,1.0
V,sweep,-16.563176157232526,8.6975471822886,474.86998597894393,7.92180191113223e-05,2980.9579870417283,7.38905609893065
V,sweep,-16.47064108368997,8.697516695472679,474.86832145519423,0.0005853422837312413,2980.9579870417283,54.598150033144236
V,sweep,-16.00153225185057,8.697402212496407,474.8620708964794,0.004325013111445782,2980.9579870417283,403.4287934927351
V,sweep,-14.678195125806058,8.697200134657153,474.8510378202935,0.03195627949532452,2980.9579870417283,2980.9579870417283
V,sweep,-12.37655091901832,8.69699546297725,474.83986312520665,0.23611562846812006,2980.9579870417283,22026.465794806718
V,sweep,-9.532100328133241,8.696920095567329,474.8357482040522,1.7446413863696473,2980.9579870417283,162754.79141900392
V,refine_q_zero,-33.06657482411044,49.299494026988874,11.959260946628303,0.0,0.05884692312456978,0.0
V,refine_q_zero,-31.47546336526687,9.300391063934496,38.33887192120897,0.0,16.9932419046473,0.0
V,refine_q_zero,-29.077174008398046,179.14591129577508,7.545990410157514,0.0,0.0017742658628490827,0.0
V,refine_q_zero,-34.65906305787133,22.533484167842033,14.322059212807332,0.0,0.40397476152208633,0.0
V,refine_q_zero,-34.91058185943523,19.022971437580132,15.008280468122353,0.0,0.622450990514406,0.0
V,refine_q_zero,-34.85722715142449,12.606966835559374,18.70455845178518,0.0,2.2012719536441785,0.0
V,refine_q_zero,-35.0626305843276,15.480822231515079,16.275287114904582,0.0,1.1052722601001213,0.0
V,refine_q_zero,-35.062945292115955,15.429254529387748,16.30231990370687,0.0,1.1163720001113817,0.0
V,refine_q_zero,-35.06334602497952,15.254001405703583,16.397024376248208,0.0,1.1554802333399312,0.0
V,refine_q_zero,-35.06335425597039,15.275160160775325,16.38535131686565,0.0,1.1506413312347454,0.0
V,refine_q_zero,-35.06335425825435,15.275574042221518,16.385123651982887,0.0,1.1505470073440323,0.0
V,refine_q_zero,-35.06335425830084,15.275522728908749,16.385151876645175,0.0,1.1505587010036091,0.0
V,refine_q_zero,-35.06335425830074,15.275522818391325,16.385151827425343,0.0,1.1505586806114871,0.0
V,refine_q_zero,-35.06335425796037,15.275384238281353,16.385228054770277,0.0,1.1505902622429836,0.0
V,refine_q_zero,-35.06335425825099,15.275469829915547,16.38518097391588,0.0,1.150570756222135,0.0
V,refine_q_zero,-35.063354258293494,15.275502523250378,16.385162990786785,0.0,1.1505633056724351,0.0
V,refine_q_zero,-35.06335425829978,15.275515127118746,16.38515605800986,0.0,1.1505604333725237,0.0
V,refine_q_zero,-35.06335425830051,15.27551935615534,16.38515373182714,0.0,1.1505594696185213,0.0
V,refine_q_zero,-35.06335425830082,15.275521184109666,16.38515272636124,0.0,1.1505590530469192,0.0
V,refine_q_zero,-35.06335425830076,15.275521966527586,16.385152295992558,0.0,1.1505588747421602,0.0
V,refine_q_zero,-35.06335425830084,15.27552243770504,16.38515203682161,0.0,1.1505587673658273,0.0
V,refine_q_zero,-35.06335425830077,15.275522583306905,16.385151956733402,0.0,1.1505587341847177,0.0
V,refine_q_zero,-35.063354258300826,15.275522257731257,16.385152135816092,0.0,1.1505588083799358,0.0
V,refine_q_zero,-35.06335425830081,15.275522425519656,16.385152043524197,0.0,1.1505587701427504,0.0
V,refine_q_zero,-35.06335425830078,15.27552249332,16.385152006230634,0.0,1.1505587546917713,0.0
V,refine_q_zero,-35.06335425830079,15.275522458948075,16.385152025136907,0.0,1.1505587625247686,0.0
V,refine,-35.05466783614084,16.01526798074469,16.01526798074469,4.0907047728921276e-12,1.0,1.1253517471925912e-07
V,refine,-35.054698416917404,16.013891939672,16.0158938012782,4.090001851658714e-12,1.0002500312526044,1.1253517471925912e-07
V,refine,-35.05466810268601,16.015268209536202,16.015268209536202,1.8380721906297914e-12,1.0,5.05653134833552e-08
V,refine,-35.05469868340607,16.013892168368887,16.01589403000368,1.8377563477339023e-12,1.0002500312526044,5.056531348335539e-08
V,refine,-35.05471402571592,16.013204287571938,16.016207044875557,1.2317790900303888e-12,1.00037507032129,3.389494326196936e-08
V,refine,-35.054744348920316,16.01182840627406,16.01683288456002,2.7409037129489194e-12,1.0006251953531964,7.543458349844286e-08
V,refine,-35.0547823304082,16.010108978165245,16.017615475946727,3.3470283986241333e-12,1.0009379395904863,9.213600834566168e-08
V,refine,-35.054797805380055,16.009421560153196,16.017928824899148,1.00801901358335e-12,1.0010630646530887,2.775083242240776e-08
V,refine,-35.054847168846116,16.007187091984445,16.018946687453077,5.004277073709335e-13,1.0014698291415463,1.3780655548945913e-08
V,refine,-35.05491510393707,16.004093964086994,16.0203563788789,1.3597778812383818e-12,1.0020333143858058,3.745970556295299e-08
V,refine,-35.05501477577745,15.999542235498339,16.022432940416437,1.4286821734628425e-12,1.0028634669118692,3.93803057370888e-08
V,refine,-35.055078560740064,15.996623590945356,16.023765867696643,2.1360806568092757e-13,1.0033963796710843,5.890057953661635e-09
V,refine,-35.05522460685136,15.989888283490217,16.026845082348352,5.396310641813054e-14,1.0046278631343497,1.4892398722703613e-09
V,refine,-35.055388618934494,15.982258113953662,16.030339498822535,1.5406059460237611e-13,1.006025895600673,4.255727986057659e-09
V,refine,-35.05565280977736,15.969819368637681,16.036050170148485,8.548054628576106e-14,1.0083116956752618,2.3649711826566587e-09
V,refine,-35.05585444355715,15.96019701757355,16.040479797125062,3.228712306578587e-15,1.0100856772845537,8.943580594565118e-11
V,refine,-35.05625786236563,15.940588613830588,16.049538944400638,5.001359674050695e-16,1.0137162633947656,1.3887943864964021e-11
V,refine,-35.056658158712864,15.920629339345425,16.058805245400826,7.922477980667231e-16,1.01743342185252,2.2054598213866878e-11
V,refine,-35.05732387713165,15.886199637526877,16.074897447638662,4.967288815325143e-16,1.0238972818960728,1.3887943864964021e-11
V,refine,-35.05785920583184,15.857240796195253,16.088539490129012,4.949195649790982e-16,1.0293853886209652,1.3887943864964021e-11
V,refine,-35.058825489330914,15.80148215806664,16.115085852050324,4.914451240652282e-16,1.0400868291325482,1.3887943864964021e-11
V,refine,-35.0596718261534,15.747940019246084,16.140929417792474,4.881203165644283e-16,1.0505326941469884,1.3887943864964021e-11
V,refine,-35.06096775081947,15.653183235682773,16.187535923766497,4.822638607036835e-16,1.069439331064995,1.3887943864964021e-11
V,refine,-35.061878340670106,15.570699481174808,16.22903893855946,4.771947157721465e-16,1.0863489751015136,1.3887943864964021e-11
V,refine,-35.06300619427609,15.417216975292181,16.308683563831153,4.678335348694193e-16,1.1189890672554448,1.3887943864964021e-11
V,refine,-35.06335425821636,15.275480672364688,16.38517500988998,4.592711342891007e-16,1.150568285296688,1.3887943864964021e-11
V,refine,-35.06219442245245,15.024639434502975,16.528024896669205,4.443114418238295e-16,1.2101349381929707,1.3887943864964021e-11
V,refine,-35.06242114566534,15.050038980018286,16.51310223750818,4.458149518139909e-16,1.2038769240848048,1.3887943864964021e-11
V,refine,-35.0632427264554,15.1966642261705,16.428997764048287,4.545439856988702e-16,1.1687607152727764,1.3887943864964021e-11
V,refine,-35.0624929818001,15.058742989909671,16.50801297840472,4.463307644096236e-16,1.201744549115018,1.3887943864964021e-11
V,refine,-35.063309304289895,15.32609150618256,16.357526239251694,4.62319496799812e-16,1.1391277265543789,1.3887943864964021e-11
V,refine,-35.06305779178542,15.40618368610458,16.314534236059817,4.671641668898909e-16,1.1213965510208783,1.3887943864964021e-11
V,refine,-35.06334130197729,15.248536755775465,16.400050109685054,4.576523767707748e-16,1.1567353507393188,1.3887943864964021e-11
V,refine,-35.06324763838393,15.198409784639132,16.428016940064474,4.546484137049739e-16,1.1683527474727544,1.3887943864964021e-11
V,refine,-35.06334823919227,15.293981007453647,16.37502429835181,4.603842665403968e-16,1.1463647231362006,1.3887943864964021e-11
V,refine,-35.06331774933277,15.321077171600358,16.360248725644418,4.620170262833384e-16,1.1402529480753056,1.3887943864964021e-11
V,refine,-35.06335284916452,15.26661082471067,16.390059805452506,4.587379291645026e-16,1.152592547225916,1.3887943864964021e-11
V,refine,-35.06334094971805,15.248173133498428,16.400251604502824,4.576305503335462e-16,1.1568189459628937,1.3887943864964021e-11
V,refine,-35.06335339555987,15.282504624928475,16.38131512678375,4.596935943602081e-16,1.1489693882657066,1.3887943864964021e-11
V,refine,-35.06334980752376,15.29139196653162,16.37644178323367,4.602284074719915e-16,1.1469514895762587,1.3887943864964021e-11
V,refine,-35.06335412674411,15.272798978044245,16.38665062867992,4.591098933161271e-16,1.151179687087473,1.3887943864964021e-11
V,refine,-35.06335257517782,15.265783470212822,16.390516046444365,4.586882090780903e-16,1.1527816599534244,1.3887943864964021e-11
V,refine,-35.0633541195802,15.278321085507802,16.383613226890176,4.594419493461359e-16,1.1499212726255823,1.3887943864964021e-11
V,refine,-35.06335370962599,15.269960508878984,16.38821368575828,4.589392568558842e-16,1.1518274078158361,1.3887943864964021e-11
V,refine,-35.06335424938538,15.276230128710694,16.38476280909489,4.593162015596232e-16,1.1503975104918456,1.3887943864964021e-11
V,refine,-35.06335405473378,15.278912964118527,16.38328793785984,4.594775473844929e-16,1.1497865241220209,1.3887943864964021e-11
V,refine,-35.06335423290948,15.274327040145003,16.385809671341754,4.592017669176136e-16,1.1508312381707837,1.3887943864964021e-11
V,refine,-35.06335419689264,15.27738403314657,16.384128325978757,4.593855939444293e-16,1.1501346567199777,1.3887943864964021e-11
V,refine,-35.06335425494649,15.275091179788726,16.385389263845667,4.592477136949565e-16,1.1506570532662468,1.3887943864964021e-11
V,refine,-35.0633542335325,15.2743418292575,16.38580153397223,4.592026561469538e-16,1.1508278665998295,1.3887943864964021e-11
V,refine,-35.06335425726787,15.275758012403072,16.385022463160304,4.592878113983902e-16,1.1505050844290052,1.3887943864964021e-11
V,refine,-35.063354251334275,15.276147537179844,16.38480823030138,4.593112349513225e-16,1.1504163281831525,1.3887943864964021e-11
V,refine,-35.063354257750206,15.27535525616733,16.385243996962494,4.592635928173792e-16,1.1505968672735267,1.3887943864964021e-11
V,refine,-35.063354254740695,15.275077929976499,16.385396552765005,4.592469169804542e-16,1.1506600731831302,1.3887943864964021e-11
V,refine,-35.06335425817242,15.275587986420751,16.385115982039416,4.592775872999664e-16,1.1505438296602744,1.3887943864964021e-11
V,refine,-35.063354257604324,15.275713406236717,16.385046997337714,4.592851291041835e-16,1.1505152490009432,1.3887943864964021e-11
V,refine,-35.06335425813987,15.27544479219385,16.38519474607954,4.592689767520963e-16,1.1505764621625796,1.3887943864964021e-11
V,refine,-35.06335425806702,15.275623867228553,16.385096246267178,4.59279744895498e-16,1.1505356530262942,1.3887943864964021e-11
V,refine,-35.06335425822821,15.275489560579796,16.38517012088224,4.592716687536993e-16,1.1505662597428084,1.3887943864964021e-11
V,refine,-35.06335425789751,15.275382247833202,16.38522914959075,4.592652158631531e-16,1.1505907158559894,1.3887943864964021e-11
V,refine,-35.06335425824447,15.275536551281883,16.385144273604904,4.592744943955581e-16,1.1505555510300816,1.3887943864964021e-11
V,refine,-35.06335425823875,15.27554543955859,16.385139384637533,4.592750288658158e-16,1.1505535254986203,1.3887943864964021e-11
V,refine,-35.06335425816193,15.275592430586205,16.385113537573478,4.592778545375857e-16,1.1505428169044156,1.3887943864964021e-11
V,refine,-35.06335425824682,15.27551527795842,16.38515597497448,4.592732151883706e-16,1.1505603989884299,1.3887943864964021e-11
V,refine,-35.063354258243,15.27550638971495,16.385160863963634,4.592726807211669e-16,1.150562424531992,1.3887943864964021e-11
V,refine,-35.06335425824685,15.275516152158128,16.385155494120486,4.592732677557001e-16,1.1505601997671964,1.3887943864964021e-11
V,refine,-35.063354258233964,15.27549487888846,16.385167195525305,4.592719885534558e-16,1.1505650477451326,1.3887943864964021e-11
V,refine,-35.063354258247514,15.275526133163355,16.385150004071793,4.592738679331787e-16,1.1505579252014957,1.3887943864964021e-11
V,refine,-35.06335425824743,15.275527007364257,16.385149523218587,4.592739205006172e-16,1.1505577259806903,1.3887943864964021e-11
V,refine,-35.06335425824402,15.275536988382905,16.385144033178683,4.592745206793294e-16,1.1505554514198801,1.3887943864964021e-11
V,refine,-35.06335425824789,15.27552136120927,16.385152628881723,4.592735809861433e-16,1.1505590126785301,1.3887943864964021e-11
V,refine,-35.06335425824763,15.27552048700901,16.385153109735363,4.5927352841876285e-16,1.1505592118995582,1.3887943864964021e-11
V,refine,-35.054664743607496,16.015265326253044,16.015265326253044,3.022643703114422e-11,1.0,8.315287191035679e-07
V,refine,-35.05469532504011,16.013889286278197,16.015891147552704,3.022124311172199e-11,1.0002500312526044,8.315287191035679e-07
V,refine,-35.0546665441036,16.015266871715124,16.015266871715124,1.5010007312552976e-11,1.0,4.1292494158732645e-07
V,refine,-35.054697125154355,16.013890831101115,16.015892692568737,1.500742808705191e-11,1.0002500312526044,4.129249415873257e-07
V,refine,-35.05471292027828,16.013203338996902,16.01620609612265,1.0574647811693379e-11,1.00037507032129,2.9098328828438347e-07
V,refine,-35.05474215417649,16.011826523349885,16.016831001047347,2.1291063976614727e-11,1.0006251953531964,5.859683846113401e-07
V,refine,-35.05477972639904,16.010106744686702,16.017613241421,2.5357451407879612e-11,1.0009379395904863,6.980326212227157e-07
V,refine,-35.054796874935185,16.00942076218109,16.017928026503004,8.872769079738464e-12,1.0010630646530887,2.4426796427683575e-07
V,refine,-35.054846659310584,16.007186655137254,16.018946250284962,4.807647186082048e-12,1.0014698291415463,1.323918170648012e-07
V,refine,-35.05491390110906,16.00409293331824,16.02035534706274,1.1528488524108508e-11,1.0020333143858058,3.175914590801644e-07
V,refine,-35.0550135210932,15.99954116100896,16.022431864389773,1.2037205697782882e-11,1.0028634669118692,3.31794511804653e-07
V,refine,-35.05507831610648,15.99662338153476,16.023765657930728,2.282194686745984e-12,1.0033963796710843,6.292954938553116e-08
V,refine,-35.055224532278956,15.989888219718011,16.02684501842875,6.846622086733001e-13,1.0046278631343497,1.889487718563792e-08
V,refine,-35.05538843450499,15.98225795641153,16.03033934080645,1.714232910022188e-12,1.006025895600673,4.735350484954101e-08
V,refine,-35.05565269891978,15.969819274114869,16.036050075233664,1.0236206821587322e-12,1.0083116956752618,2.8320285130618747e-08
V,refine,-35.05585443706076,15.960197012042059,16.040479791565744,5.822244249907202e-14,1.0100856772845537,1.6127702248442819e-09
V,refine,-35.056257861946484,15.94058861347486,16.04953894404248,4.049247118771771e-15,1.0137162633947656,1.1244085678371774e-10
V,refine,-35.05665815809191,15.920629338819909,16.058805244870747,6.053960525493782e-15,1.01743342185252,1.6853018377205424e-10
V,refine,-35.057323877122975,15.886199637519667,16.074897447631365,5.6928004997059e-16,1.0238972818960728,1.591638753327681e-11
V,refine,-35.05785920583184,15.857240796195253,16.088539490129012,4.949195649790982e-16,1.0293853886209652,1.3887943864964021e-11
V,refine,-35.058825489330914,15.80148215806664,16.115085852050324,4.914451240652282e-16,1.0400868291325482,1.3887943864964021e-11
V,refine,-35.0596718261534,15.747940019246084,16.140929417792474,4.881203165644283e-16,1.0505326941469884,1.3887943864964021e-11
V,refine,-35.06096775081947,15.653183235682773,16.187535923766497,4.822638607036835e-16,1.069439331064995,1.3887943864964021e-11
V,refine,-35.061878340670106,15.570699481174808,16.22903893855946,4.771947157721465e-16,1.0863489751015136,1.3887943864964021e-11
V,refine,-35.06300619427609,15.417216975292181,16.308683563831153,4.678335348694193e-16,1.1189890672554448,1.3887943864964021e-11
V,refine,-35.06335425821636,15.275480672364688,16.38517500988998,4.592711342891007e-16,1.150568285296688,1.3887943864964021e-11
V,refine,-35.06219442245245,15.024639434502975,16.528024896669205,4.443114418238295e-16,1.2101349381929707,1.3887943864964021e-11
V,refine,-35.06242114566534,15.050038980018286,16.51310223750818,4.458149518139909e-16,1.2038769240848048,1.3887943864964021e-11
V,refine,-35.0632427264554,15.1966642261705,16.428997764048287,4.545439856988702e-16,1.1687607152727764,1.3887943864964021e-11
V,refine,-35.0624929818001,15.058742989909671,16.50801297840472,4.463307644096236e-16,1.201744549115018,1.3887943864964021e-11
V,refine,-35.063309304289895,15.32609150618256,16.357526239251694,4.62319496799812e-16,1.1391277265543789,1.3887943864964021e-11
V,refine,-35.06305779178542,15.40618368610458,16.314534236059817,4.671641668898909e-16,1.1213965510208783,1.3887943864964021e-11
V,refine,-35.06334130197729,15.248536755775465,16.400050109685054,4.576523767707748e-16,1.1567353507393188,1.3887943864964021e-11
V,refine,-35.06324763838393,15.198409784639132,16.428016940064474,4.546484137049739e-16,1.1683527474727544,1.3887943864964021e-11
V,refine,-35.06334823919227,15.293981007453647,16.37502429835181,4.603842665403968e-16,1.1463647231362006,1.3887943864964021e-11
V,refine,-35.06331774933277,15.321077171600358,16.360248725644418,4.620170262833384e-16,1.1402529480753056,1.3887943864964021e-11
V,refine,-35.06335284916452,15.26661082471067,16.390059805452506,4.587379291645026e-16,1.152592547225916,1.3887943864964021e-11
V,refine,-35.06334094971805,15.248173133498428,16.400251604502824,4.576305503335462e-16,1.1568189459628937,1.3887943864964021e-11
V,refine,-35.06335339555987,15.282504624928475,16.38131512678375,4.596935943602081e-16,1.1489693882657066,1.3887943864964021e-11
V,refine,-35.06334980752376,15.29139196653162,16.37644178323367,4.602284074719915e-16,1.1469514895762587,1.3887943864964021e-11
V,refine,-35.06335412674411,15.272798978044245,16.38665062867992,4.591098933161271e-16,1.151179687087473,1.3887943864964021e-11
V,refine,-35.06335257517782,15.265783470212822,16.390516046444365,4.586882090780903e-16,1.1527816599534244,1.3887943864964021e-11
V,refine,-35.0633541195802,15.278321085507802,16.383613226890176,4.594419493461359e-16,1.1499212726255823,1.3887943864964021e-11
V,refine,-35.06335370962599,15.269960508878984,16.38821368575828,4.589392568558842e-16,1.1518274078158361,1.3887943864964021e-11
V,refine,-35.06335424938538,15.276230128710694,16.38476280909489,4.593162015596232e-16,1.1503975104918456,1.3887943864964021e-11
V,refine,-35.06335405473378,15.278912964118527,16.38328793785984,4.594775473844929e-16,1.1497865241220209,1.3887943864964021e-11
V,refine,-35.06335423290948,15.274327040145003,16.385809671341754,4.592017669176136e-16,1.1508312381707837,1.3887943864964021e-11
V,refine,-35.06335419689264,15.27738403314657,16.384128325978757,4.593855939444293e-16,1.1501346567199777,1.3887943864964021e-11
V,refine,-35.06335425494649,15.275091179788726,16.385389263845667,4.592477136949565e-16,1.1506570532662468,1.3887943864964021e-11
V,refine,-35.0633542335325,15.2743418292575,16.38580153397223,4.592026561469538e-16,1.1508278665998295,1.3887943864964021e-11
V,refine,-35.06335425726787,15.275758012403072,16.385022463160304,4.592878113983902e-16,1.1505050844290052,1.3887943864964021e-11
V,refine,-35.063354251334275,15.276147537179844,16.38480823030138,4.593112349513225e-16,1.1504163281831525,1.3887943864964021e-11
V,refine,-35.063354257750206,15.27535525616733,16.385243996962494,4.592635928173792e-16,1.1505968672735267,1.3887943864964021e-11
V,refine,-35.063354254740695,15.275077929976499,16.385396552765005,4.592469169804542e-16,1.1506600731831302,1.3887943864964021e-11
V,refine,-35.06335425817242,15.275587986420751,16.385115982039416,4.592775872999664e-16,1.1505438296602744,1.3887943864964021e-11
V,refine,-35.063354257604324,15.275713406236717,16.385046997337714,4.592851291041835e-16,1.1505152490009432,1.3887943864964021e-11
V,refine,-35.06335425813987,15.27544479219385,16.38519474607954,4.592689767520963e-16,1.1505764621625796,1.3887943864964021e-11
V,refine,-35.06335425806702,15.275623867228553,16.385096246267178,4.59279744895498e-16,1.1505356530262942,1.3887943864964021e-11
V,refine,-35.06335425822821,15.275489560579796,16.38517012088224,4.592716687536993e-16,1.1505662597428084,1.3887943864964021e-11
V,refine,-35.06335425789751,15.275382247833202,16.38522914959075,4.592652158631531e-16,1.1505907158559894,1.3887943864964021e-11
V,refine,-35.06335425824447,15.275536551281883,16.385144273604904,4.592744943955581e-16,1.1505555510300816,1.3887943864964021e-11
V,refine,-35.06335425823875,15.27554543955859,16.385139384637533,4.592750288658158e-16,1.1505535254986203,1.3887943864964021e-11
V,refine,-35.06335425816193,15.275592430586205,16.385113537573478,4.592778545375857e-16,1.1505428169044156,1.3887943864964021e-11
V,refine,-35.06335425824682,15.27551527795842,16.38515597497448,4.592732151883706e-16,1.1505603989884299,1.3887943864964021e-11
V,refine,-35.063354258243,15.27550638971495,16.385160863963634,4.592726807211669e-16,1.150562424531992,1.3887943864964021e-11
V,refine,-35.06335425824685,15.275516152158128,16.385155494120486,4.592732677557001e-16,1.1505601997671964,1.3887943864964021e-11
V,refine,-35.063354258233964,15.27549487888846,16.385167195525305,4.592719885534558e-16,1.1505650477451326,1.3887943864964021e-11
V,refine,-35.063354258247514,15.275526133163355,16.385150004071793,4.592738679331787e-16,1.1505579252014957,1.3887943864964021e-11
V,refine,-35.06335425824743,15.275527007364257,16.385149523218587,4.592739205006172e-16,1.1505577259806903,1.3887943864964021e-11
V,refine,-35.06335425824402,15.275536988382905,16.385144033178683,4.592745206793294e-16,1.1505554514198801,1.3887943864964021e-11
V,refine,-35.06335425824789,15.27552136120927,16.385152628881723,4.592735809861433e-16,1.1505590126785301,1.3887943864964021e-11
V,refine,-35.06335425824763,15.27552048700901,16.385153109735363,4.5927352841876285e-16,1.1505592118995582,1.3887943864964021e-11
V,refine,-35.054641893048704,16.015245713120894,16.015245713120894,2.2334429185469549e-10,1.0,6.14421235332821e-06
V,refine,-35.05467247933009,16.013869681257365,16.015871540081093,2.2330591396593038e-10,1.0002500312526044,6.14421235332821e-06
V,refine,-35.05465381656139,16.015255947164516,16.015255947164516,1.2257410287920717e-10,1.0,3.3720152341391786e-06
V,refine,-35.05468440031286,16.013879911068596,16.015881771171127,1.2255304056904396e-10,1.0002500312526044,3.3720152341391786e-06
V,refine,-35.05470343031153,16.013195195793728,16.01619795139248,9.078176173274488e-11,1.00037507032129,2.498050325866622e-06
V,refine,-35.054725105814875,16.01181189756489,16.016816370691078,1.6538657727774387e-10,1.0006251953531964,4.551744463083215e-06
V,refine,-35.05475999839324,16.010089824389286,16.01759631319033,1.9211045907442517e-10,1.0009379395904863,5.288372581358936e-06
V,refine,-35.05478868502912,16.00941373841594,16.01792099900549,7.809968745735135e-11,1.0010630646530887,2.1500918409846042e-06
V,refine,-35.05484176417995,16.00718245835998,16.01894205042455,4.6187411822221215e-11,1.0014698291415463,1.2718983624157564e-06
V,refine,-35.05490370334014,16.004084194445234,16.020346599309807,9.774090420232689e-11,1.0020333143858058,2.69260885436379e-06
V,refine,-35.055002949959785,15.999532108236687,16.02242279866561,1.0141806148139828e-10,1.0028634669118692,2.7954988160492195e-06
V,refine,-35.05507570243855,15.996621144199167,16.023763416798936,2.4383027162603504e-11,1.0033963796710843,6.723411241487301e-07
V,refine,-35.05522358613441,15.989887410603465,16.02684420744413,8.686718156142755e-12,1.0046278631343497,2.397306105671683e-07
V,refine,-35.05538638235861,15.982256203447665,16.03033758256893,1.9074273279937807e-11,1.006025895600673,5.269026659790702e-07
V,refine,-35.05565137141242,15.969818142217285,16.03604893864182,1.225774998341127e-11,1.0083116956752618,3.39132483203703e-07
V,refine,-35.055854319909166,15.960196912294366,16.0404796913163,1.0499085854224185e-12,1.0100856772845537,2.9082622677151667e-08
V,refine,-35.05625784981256,15.940588603173252,16.049538933670465,1.0682449091762372e-13,1.0137162633947656,2.966338419827095e-09
V,refine,-35.056658141019916,15.920629324368864,16.058805230294283,1.5073999094755893e-13,1.01743342185252,4.196300639115307e-09
V,refine,-35.057323874849516,15.886199635605037,16.074897445693992,1.985727300043544e-14,1.0238972818960728,5.551855409679578e-10
V,refine,-35.05785920583184,15.857240796195253,16.088539490129012,4.949195649790982e-16,1.0293853886209652,1.3887943864964021e-11
V,refine,-35.058825489330914,15.80148215806664,16.115085852050324,4.914451240652282e-16,1.0400868291325482,1.3887943864964021e-11
V,refine,-35.0596718261534,15.747940019246084,16.140929417792474,4.881203165644283e-16,1.0505326941469884,1.3887943864964021e-11
V,refine,-35.06096775081947,15.653183235682773,16.187535923766497,4.822638607036835e-16,1.069439331064995,1.3887943864964021e-11
V,refine,-35.061878340670106,15.570699481174808,16.22903893855946,4.771947157721465e-16,1.0863489751015136,1.3887943864964021e-11
V,refine,-35.06300619427609,15.417216975292181,16.308683563831153,4.678335348694193e-16,1.1189890672554448,1.3887943864964021e-11
V,refine,-35.06335425821636,15.275480672364688,16.38517500988998,4.592711342891007e-16,1.150568285296688,1.3887943864964021e-11
V,refine,-35.06219442245245,15.024639434502975,16.528024896669205,4.443114418238295e-16,1.2101349381929707,1.3887943864964021e-11
V,refine,-35.06242114566534,15.050038980018286,16.51310223750818,4.458149518139909e-16,1.2038769240848048,1.3887943864964021e-11
V,refine,-35.0632427264554,15.1966642261705,16.428997764048287,4.545439856988702e-16,1.1687607152727764,1.3887943864964021e-11
V,refine,-35.0624929818001,15.058742989909671,16.50801297840472,4.463307644096236e-16,1.201744549115018,1.3887943864964021e-11
V,refine,-35.063309304289895,15.32609150618256,16.357526239251694,4.62319496799812e-16,1.1391277265543789,1.3887943864964021e-11
V,refine,-35.06305779178542,15.40618368610458,16.314534236059817,4.671641668898909e-16,1.1213965510208783,1.3887943864964021e-11
V,refine,-35.06334130197729,15.248536755775465,16.400050109685054,4.576523767707748e-16,1.1567353507393188,1.3887943864964021e-11
V,refine,-35.06324763838393,15.198409784639132,16.428016940064474,4.546484137049739e-16,1.1683527474727544,1.3887943864964021e-11
V,refine,-35.06334823919227,15.293981007453647,16.37502429835181,4.603842665403968e-16,1.1463647231362006,1.3887943864964021e-11
V,refine,-35.06331774933277,15.321077171600358,16.360248725644418,4.620170262833384e-16,1.1402529480753056,1.3887943864964021e-11
V,refine,-35.06335284916452,15.26661082471067,16.390059805452506,4.587379291645026e-16,1.152592547225916,1.3887943864964021e-11
V,refine,-35.06334094971805,15.248173133498428,16.400251604502824,4.576305503335462e-16,1.1568189459628937,1.3887943864964021e-11
V,refine,-35.06335339555987,15.282504624928475,16.38131512678375,4.596935943602081e-16,1.1489693882657066,1.3887943864964021e-11
V,refine,-35.06334980752376,15.29139196653162,16.37644178323367,4.602284074719915e-16,1.1469514895762587,1.3887943864964021e-11
V,refine,-35.06335412674411,15.272798978044245,16.38665062867992,4.591098933161271e-16,1.151179687087473,1.3887943864964021e-11
V,refine,-35.06335257517782,15.265783470212822,16.390516046444365,4.586882090780903e-16,1.1527816599534244,1.3887943864964021e-11
V,refine,-35.0633541195802,15.278321085507802,16.383613226890176,4.594419493461359e-16,1.1499212726255823,1.3887943864964021e-11
V,refine,-35.06335370962599,15.269960508878984,16.38821368575828,4.589392568558842e-16,1.1518274078158361,1.3887943864964021e-11
V,refine,-35.06335424938538,15.276230128710694,16.38476280909489,4.593162015596232e-16,1.1503975104918456,1.3887943864964021e-11
V,refine,-35.06335405473378,15.278912964118527,16.38328793785984,4.594775473844929e-16,1.1497865241220209,1.3887943864964021e-11
V,refine,-35.06335423290948,15.274327040145003,16.385809671341754,4.592017669176136e-16,1.1508312381707837,1.3887943864964021e-11
V,refine,-35.06335419689264,15.27738403314657,16.384128325978757,4.593855939444293e-16,1.1501346567199777,1.3887943864964021e-11
V,refine,-35.06335425494649,15.275091179788726,16.385389263845667,4.592477136949565e-16,1.1506570532662468,1.3887943864964021e-11
V,refine,-35.0633542335325,15.2743418292575,16.38580153397223,4.592026561469538e-16,1.1508278665998295,1.3887943864964021e-11
V,refine,-35.06335425726787,15.275758012403072,16.385022463160304,4.592878113983902e-16,1.1505050844290052,1.3887943864964021e-11
V,refine,-35.063354251334275,15.276147537179844,16.38480823030138,4.593112349513225e-16,1.1504163281831525,1.3887943864964021e-11
V,refine,-35.063354257750206,15.27535525616733,16.385243996962494,4.592635928173792e-16,1.1505968672735267,1.3887943864964021e-11
V,refine,-35.063354254740695,15.275077929976499,16.385396552765005,4.592469169804542e-16,1.1506600731831302,1.3887943864964021e-11
V,refine,-35.06335425817242,15.275587986420751,16.385115982039416,4.592775872999664e-16,1.1505438296602744,1.3887943864964021e-11
V,refine,-35.063354257604324,15.275713406236717,16.385046997337714,4.592851291041835e-16,1.1505152490009432,1.3887943864964021e-11
V,refine,-35.06335425813987,15.27544479219385,16.38519474607954,4.592689767520963e-16,1.1505764621625796,1.3887943864964021e-11
V,refine,-35.06335425806702,15.275623867228553,16.385096246267178,4.59279744895498e-16,1.1505356530262942,1.3887943864964021e-11
V,refine,-35.06335425822821,15.275489560579796,16.38517012088224,4.592716687536993e-16,1.1505662597428084,1.3887943864964021e-11
V,refine,-35.06335425789751,15.275382247833202,16.38522914959075,4.592652158631531e-16,1.1505907158559894,1.3887943864964021e-11
V,refine,-35.06335425824447,15.275536551281883,16.385144273604904,4.592744943955581e-16,1.1505555510300816,1.3887943864964021e-11
V,refine,-35.06335425823875,15.27554543955859,16.385139384637533,4.592750288658158e-16,1.1505535254986203,1.3887943864964021e-11
V,refine,-35.06335425816193,15.275592430586205,16.385113537573478,4.592778545375857e-16,1.1505428169044156,1.3887943864964021e-11
V,refine,-35.06335425824682,15.27551527795842,16.38515597497448,4.592732151883706e-16,1.1505603989884299,1.3887943864964021e-11
V,refine,-35.063354258243,15.27550638971495,16.385160863963634,4.592726807211669e-16,1.150562424531992,1.3887943864964021e-11
V,refine,-35.06335425824685,15.275516152158128,16.385155494120486,4.592732677557001e-16,1.1505601997671964,1.3887943864964021e-11
V,refine,-35.063354258233964,15.27549487888846,16.385167195525305,4.592719885534558e-16,1.1505650477451326,1.3887943864964021e-11
V,refine,-35.063354258247514,15.275526133163355,16.385150004071793,4.592738679331787e-16,1.1505579252014957,1.3887943864964021e-11
V,refine,-35.06335425824743,15.275527007364257,16.385149523218587,4.592739205006172e-16,1.1505577259806903,1.3887943864964021e-11
V,refine,-35.06335425824402,15.275536988382905,16.385144033178683,4.592745206793294e-16,1.1505554514198801,1.3887943864964021e-11
V,refine,-35.06335425824789,15.27552136120927,16.385152628881723,4.592735809861433e-16,1.1505590126785301,1.3887943864964021e-11
V,refine,-35.06335425824763,15.27552048700901,16.385153109735363,4.5927352841876285e-16,1.1505592118995582,1.3887943864964021e-11
