run_id,app_name,dataset,study_name,dataset_group,alpha_gyro,alpha_acc,dataset_nees,trial_mean_nees,trial_sum_deviations
20260504T020331353Z,evalPimNoiseCalibration,MH01/quadrature,all_pim_combined_coarse,all,0.5,0.5,90.7804,256.215,5614.73
20260504T020331353Z,evalPimNoiseCalibration,MH01/tangent,all_pim_combined_coarse,all,0.5,0.5,113.08,256.215,5614.73
20260504T020331353Z,evalPimNoiseCalibration,MH02/quadrature,all_pim_combined_coarse,all,0.5,0.5,76.9597,256.215,5614.73
20260504T020331353Z,evalPimNoiseCalibration,MH02/tangent,all_pim_combined_coarse,all,0.5,0.5,88.6944,256.215,5614.73
20260504T020331353Z,evalPimNoiseCalibration,MH03/quadrature,all_pim_combined_coarse,all,0.5,0.5,125.163,256.215,5614.73
20260504T020331353Z,evalPimNoiseCalibration,MH03/tangent,all_pim_combined_coarse,all,0.5,0.5,155.178,256.215,5614.73
20260504T020331353Z,evalPimNoiseCalibration,MH04/quadrature,all_pim_combined_coarse,all,0.5,0.5,115.338,256.215,5614.73
20260504T020331353Z,evalPimNoiseCalibration,MH04/tangent,all_pim_combined_coarse,all,0.5,0.5,122.374,256.215,5614.73
20260504T020331353Z,evalPimNoiseCalibration,MH05/quadrature,all_pim_combined_coarse,all,0.5,0.5,120.646,256.215,5614.73
20260504T020331353Z,evalPimNoiseCalibration,MH05/tangent,all_pim_combined_coarse,all,0.5,0.5,139.491,256.215,5614.73
20260504T020331353Z,evalPimNoiseCalibration,V101/quadrature,all_pim_combined_coarse,all,0.5,0.5,361.979,256.215,5614.73
20260504T020331353Z,evalPimNoiseCalibration,V101/tangent,all_pim_combined_coarse,all,0.5,0.5,378.334,256.215,5614.73
20260504T020331353Z,evalPimNoiseCalibration,V102/quadrature,all_pim_combined_coarse,all,0.5,0.5,139.054,256.215,5614.73
20260504T020331353Z,evalPimNoiseCalibration,V102/tangent,all_pim_combined_coarse,all,0.5,0.5,182.848,256.215,5614.73
20260504T020331353Z,evalPimNoiseCalibration,V103/quadrature,all_pim_combined_coarse,all,0.5,0.5,224.696,256.215,5614.73
20260504T020331353Z,evalPimNoiseCalibration,V103/tangent,all_pim_combined_coarse,all,0.5,0.5,307.113,256.215,5614.73
20260504T020331353Z,evalPimNoiseCalibration,V201/quadrature,all_pim_combined_coarse,all,0.5,0.5,271.387,256.215,5614.73
20260504T020331353Z,evalPimNoiseCalibration,V201/tangent,all_pim_combined_coarse,all,0.5,0.5,314.663,256.215,5614.73
20260504T020331353Z,evalPimNoiseCalibration,V202/quadrature,all_pim_combined_coarse,all,0.5,0.5,335.038,256.215,5614.73
20260504T020331353Z,evalPimNoiseCalibration,V202/tangent,all_pim_combined_coarse,all,0.5,0.5,486.983,256.215,5614.73
20260504T020331353Z,evalPimNoiseCalibration,V203/quadrature,all_pim_combined_coarse,all,0.5,0.5,784.169,256.215,5614.73
20260504T020331353Z,evalPimNoiseCalibration,V203/tangent,all_pim_combined_coarse,all,0.5,0.5,702.767,256.215,5614.73
20260504T020331353Z,evalPimNoiseCalibration,MH01/quadrature,all_pim_combined_coarse,all,0.5,1.0,36.571,120.119,2620.61
20260504T020331353Z,evalPimNoiseCalibration,MH01/tangent,all_pim_combined_coarse,all,0.5,1.0,54.8743,120.119,2620.61
20260504T020331353Z,evalPimNoiseCalibration,MH02/quadrature,all_pim_combined_coarse,all,0.5,1.0,30.2474,120.119,2620.61
20260504T020331353Z,evalPimNoiseCalibration,MH02/tangent,all_pim_combined_coarse,all,0.5,1.0,42.4058,120.119,2620.61
20260504T020331353Z,evalPimNoiseCalibration,MH03/quadrature,all_pim_combined_coarse,all,0.5,1.0,44.132,120.119,2620.61
20260504T020331353Z,evalPimNoiseCalibration,MH03/tangent,all_pim_combined_coarse,all,0.5,1.0,80.8432,120.119,2620.61
20260504T020331353Z,evalPimNoiseCalibration,MH04/quadrature,all_pim_combined_coarse,all,0.5,1.0,43.9186,120.119,2620.61
20260504T020331353Z,evalPimNoiseCalibration,MH04/tangent,all_pim_combined_coarse,all,0.5,1.0,59.746,120.119,2620.61
20260504T020331353Z,evalPimNoiseCalibration,MH05/quadrature,all_pim_combined_coarse,all,0.5,1.0,46.1083,120.119,2620.61
20260504T020331353Z,evalPimNoiseCalibration,MH05/tangent,all_pim_combined_coarse,all,0.5,1.0,58.0424,120.119,2620.61
20260504T020331353Z,evalPimNoiseCalibration,V101/quadrature,all_pim_combined_coarse,all,0.5,1.0,191.262,120.119,2620.61
20260504T020331353Z,evalPimNoiseCalibration,V101/tangent,all_pim_combined_coarse,all,0.5,1.0,213.92,120.119,2620.61
20260504T020331353Z,evalPimNoiseCalibration,V102/quadrature,all_pim_combined_coarse,all,0.5,1.0,60.5347,120.119,2620.61
20260504T020331353Z,evalPimNoiseCalibration,V102/tangent,all_pim_combined_coarse,all,0.5,1.0,89.3036,120.119,2620.61
20260504T020331353Z,evalPimNoiseCalibration,V103/quadrature,all_pim_combined_coarse,all,0.5,1.0,96.3492,120.119,2620.61
20260504T020331353Z,evalPimNoiseCalibration,V103/tangent,all_pim_combined_coarse,all,0.5,1.0,161.988,120.119,2620.61
20260504T020331353Z,evalPimNoiseCalibration,V201/quadrature,all_pim_combined_coarse,all,0.5,1.0,95.0326,120.119,2620.61
20260504T020331353Z,evalPimNoiseCalibration,V201/tangent,all_pim_combined_coarse,all,0.5,1.0,128.035,120.119,2620.61
20260504T020331353Z,evalPimNoiseCalibration,V202/quadrature,all_pim_combined_coarse,all,0.5,1.0,128.909,120.119,2620.61
20260504T020331353Z,evalPimNoiseCalibration,V202/tangent,all_pim_combined_coarse,all,0.5,1.0,228.479,120.119,2620.61
20260504T020331353Z,evalPimNoiseCalibration,V203/quadrature,all_pim_combined_coarse,all,0.5,1.0,404.659,120.119,2620.61
20260504T020331353Z,evalPimNoiseCalibration,V203/tangent,all_pim_combined_coarse,all,0.5,1.0,347.251,120.119,2620.61
20260504T020331353Z,evalPimNoiseCalibration,MH01/quadrature,all_pim_combined_coarse,all,0.5,2.0,16.0775,75.4965,1638.92
20260504T020331353Z,evalPimNoiseCalibration,MH01/tangent,all_pim_combined_coarse,all,0.5,2.0,32.8451,75.4965,1638.92
20260504T020331353Z,evalPimNoiseCalibration,MH02/quadrature,all_pim_combined_coarse,all,0.5,2.0,12.65,75.4965,1638.92
20260504T020331353Z,evalPimNoiseCalibration,MH02/tangent,all_pim_combined_coarse,all,0.5,2.0,23.549,75.4965,1638.92
20260504T020331353Z,evalPimNoiseCalibration,MH03/quadrature,all_pim_combined_coarse,all,0.5,2.0,19.0219,75.4965,1638.92
20260504T020331353Z,evalPimNoiseCalibration,MH03/tangent,all_pim_combined_coarse,all,0.5,2.0,46.0418,75.4965,1638.92
20260504T020331353Z,evalPimNoiseCalibration,MH04/quadrature,all_pim_combined_coarse,all,0.5,2.0,19.376,75.4965,1638.92
20260504T020331353Z,evalPimNoiseCalibration,MH04/tangent,all_pim_combined_coarse,all,0.5,2.0,35.2712,75.4965,1638.92
20260504T020331353Z,evalPimNoiseCalibration,MH05/quadrature,all_pim_combined_coarse,all,0.5,2.0,19.6353,75.4965,1638.92
20260504T020331353Z,evalPimNoiseCalibration,MH05/tangent,all_pim_combined_coarse,all,0.5,2.0,29.856,75.4965,1638.92
20260504T020331353Z,evalPimNoiseCalibration,V101/quadrature,all_pim_combined_coarse,all,0.5,2.0,135.322,75.4965,1638.92
20260504T020331353Z,evalPimNoiseCalibration,V101/tangent,all_pim_combined_coarse,all,0.5,2.0,162.808,75.4965,1638.92
20260504T020331353Z,evalPimNoiseCalibration,V102/quadrature,all_pim_combined_coarse,all,0.5,2.0,30.4441,75.4965,1638.92
20260504T020331353Z,evalPimNoiseCalibration,V102/tangent,all_pim_combined_coarse,all,0.5,2.0,54.7034,75.4965,1638.92
20260504T020331353Z,evalPimNoiseCalibration,V103/quadrature,all_pim_combined_coarse,all,0.5,2.0,48.4377,75.4965,1638.92
20260504T020331353Z,evalPimNoiseCalibration,V103/tangent,all_pim_combined_coarse,all,0.5,2.0,103.966,75.4965,1638.92
20260504T020331353Z,evalPimNoiseCalibration,V201/quadrature,all_pim_combined_coarse,all,0.5,2.0,43.4428,75.4965,1638.92
20260504T020331353Z,evalPimNoiseCalibration,V201/tangent,all_pim_combined_coarse,all,0.5,2.0,68.6633,75.4965,1638.92
20260504T020331353Z,evalPimNoiseCalibration,V202/quadrature,all_pim_combined_coarse,all,0.5,2.0,61.8286,75.4965,1638.92
20260504T020331353Z,evalPimNoiseCalibration,V202/tangent,all_pim_combined_coarse,all,0.5,2.0,150.7,75.4965,1638.92
20260504T020331353Z,evalPimNoiseCalibration,V203/quadrature,all_pim_combined_coarse,all,0.5,2.0,312.356,75.4965,1638.92
20260504T020331353Z,evalPimNoiseCalibration,V203/tangent,all_pim_combined_coarse,all,0.5,2.0,233.927,75.4965,1638.92
20260504T020331353Z,evalPimNoiseCalibration,MH01/quadrature,all_pim_combined_coarse,all,0.5,3.0,10.2028,65.6812,1422.99
20260504T020331353Z,evalPimNoiseCalibration,MH01/tangent,all_pim_combined_coarse,all,0.5,3.0,26.0842,65.6812,1422.99
20260504T020331353Z,evalPimNoiseCalibration,MH02/quadrature,all_pim_combined_coarse,all,0.5,3.0,8.35183,65.6812,1422.99
20260504T020331353Z,evalPimNoiseCalibration,MH02/tangent,all_pim_combined_coarse,all,0.5,3.0,18.6015,65.6812,1422.99
20260504T020331353Z,evalPimNoiseCalibration,MH03/quadrature,all_pim_combined_coarse,all,0.5,3.0,13.031,65.6812,1422.99
20260504T020331353Z,evalPimNoiseCalibration,MH03/tangent,all_pim_combined_coarse,all,0.5,3.0,38.3149,65.6812,1422.99
20260504T020331353Z,evalPimNoiseCalibration,MH04/quadrature,all_pim_combined_coarse,all,0.5,3.0,13.4465,65.6812,1422.99
20260504T020331353Z,evalPimNoiseCalibration,MH04/tangent,all_pim_combined_coarse,all,0.5,3.0,27.5616,65.6812,1422.99
20260504T020331353Z,evalPimNoiseCalibration,MH05/quadrature,all_pim_combined_coarse,all,0.5,3.0,12.8916,65.6812,1422.99
20260504T020331353Z,evalPimNoiseCalibration,MH05/tangent,all_pim_combined_coarse,all,0.5,3.0,21.7161,65.6812,1422.99
20260504T020331353Z,evalPimNoiseCalibration,V101/quadrature,all_pim_combined_coarse,all,0.5,3.0,124.298,65.6812,1422.99
20260504T020331353Z,evalPimNoiseCalibration,V101/tangent,all_pim_combined_coarse,all,0.5,3.0,153.58,65.6812,1422.99
20260504T020331353Z,evalPimNoiseCalibration,V102/quadrature,all_pim_combined_coarse,all,0.5,3.0,22.2734,65.6812,1422.99
20260504T020331353Z,evalPimNoiseCalibration,V102/tangent,all_pim_combined_coarse,all,0.5,3.0,47.5529,65.6812,1422.99
20260504T020331353Z,evalPimNoiseCalibration,V103/quadrature,all_pim_combined_coarse,all,0.5,3.0,36.1101,65.6812,1422.99
20260504T020331353Z,evalPimNoiseCalibration,V103/tangent,all_pim_combined_coarse,all,0.5,3.0,91.943,65.6812,1422.99
20260504T020331353Z,evalPimNoiseCalibration,V201/quadrature,all_pim_combined_coarse,all,0.5,3.0,30.8046,65.6812,1422.99
20260504T020331353Z,evalPimNoiseCalibration,V201/tangent,all_pim_combined_coarse,all,0.5,3.0,57.7823,65.6812,1422.99
20260504T020331353Z,evalPimNoiseCalibration,V202/quadrature,all_pim_combined_coarse,all,0.5,3.0,45.3645,65.6812,1422.99
20260504T020331353Z,evalPimNoiseCalibration,V202/tangent,all_pim_combined_coarse,all,0.5,3.0,135.503,65.6812,1422.99
20260504T020331353Z,evalPimNoiseCalibration,V203/quadrature,all_pim_combined_coarse,all,0.5,3.0,302.254,65.6812,1422.99
20260504T020331353Z,evalPimNoiseCalibration,V203/tangent,all_pim_combined_coarse,all,0.5,3.0,207.318,65.6812,1422.99
20260504T020331353Z,evalPimNoiseCalibration,MH01/quadrature,all_pim_combined_coarse,all,0.5,5.0,7.48583,59.9575,1297.07
20260504T020331353Z,evalPimNoiseCalibration,MH01/tangent,all_pim_combined_coarse,all,0.5,5.0,22.0549,59.9575,1297.07
20260504T020331353Z,evalPimNoiseCalibration,MH02/quadrature,all_pim_combined_coarse,all,0.5,5.0,5.87216,59.9575,1297.07
20260504T020331353Z,evalPimNoiseCalibration,MH02/tangent,all_pim_combined_coarse,all,0.5,5.0,15.0673,59.9575,1297.07
20260504T020331353Z,evalPimNoiseCalibration,MH03/quadrature,all_pim_combined_coarse,all,0.5,5.0,9.16456,59.9575,1297.07
20260504T020331353Z,evalPimNoiseCalibration,MH03/tangent,all_pim_combined_coarse,all,0.5,5.0,32.0569,59.9575,1297.07
20260504T020331353Z,evalPimNoiseCalibration,MH04/quadrature,all_pim_combined_coarse,all,0.5,5.0,9.55924,59.9575,1297.07
20260504T020331353Z,evalPimNoiseCalibration,MH04/tangent,all_pim_combined_coarse,all,0.5,5.0,22.9954,59.9575,1297.07
20260504T020331353Z,evalPimNoiseCalibration,MH05/quadrature,all_pim_combined_coarse,all,0.5,5.0,8.73246,59.9575,1297.07
20260504T020331353Z,evalPimNoiseCalibration,MH05/tangent,all_pim_combined_coarse,all,0.5,5.0,16.3959,59.9575,1297.07
20260504T020331353Z,evalPimNoiseCalibration,V101/quadrature,all_pim_combined_coarse,all,0.5,5.0,117.837,59.9575,1297.07
20260504T020331353Z,evalPimNoiseCalibration,V101/tangent,all_pim_combined_coarse,all,0.5,5.0,144.81,59.9575,1297.07
20260504T020331353Z,evalPimNoiseCalibration,V102/quadrature,all_pim_combined_coarse,all,0.5,5.0,17.4903,59.9575,1297.07
20260504T020331353Z,evalPimNoiseCalibration,V102/tangent,all_pim_combined_coarse,all,0.5,5.0,43.6015,59.9575,1297.07
20260504T020331353Z,evalPimNoiseCalibration,V103/quadrature,all_pim_combined_coarse,all,0.5,5.0,27.5125,59.9575,1297.07
20260504T020331353Z,evalPimNoiseCalibration,V103/tangent,all_pim_combined_coarse,all,0.5,5.0,82.7065,59.9575,1297.07
20260504T020331353Z,evalPimNoiseCalibration,V201/quadrature,all_pim_combined_coarse,all,0.5,5.0,24.7681,59.9575,1297.07
20260504T020331353Z,evalPimNoiseCalibration,V201/tangent,all_pim_combined_coarse,all,0.5,5.0,51.1474,59.9575,1297.07
20260504T020331353Z,evalPimNoiseCalibration,V202/quadrature,all_pim_combined_coarse,all,0.5,5.0,37.1854,59.9575,1297.07
20260504T020331353Z,evalPimNoiseCalibration,V202/tangent,all_pim_combined_coarse,all,0.5,5.0,127.833,59.9575,1297.07
20260504T020331353Z,evalPimNoiseCalibration,V203/quadrature,all_pim_combined_coarse,all,0.5,5.0,297.192,59.9575,1297.07
20260504T020331353Z,evalPimNoiseCalibration,V203/tangent,all_pim_combined_coarse,all,0.5,5.0,197.596,59.9575,1297.07
20260504T020331353Z,evalPimNoiseCalibration,MH01/quadrature,all_pim_combined_coarse,all,0.5,7.0,6.42801,58.2101,1258.62
20260504T020331353Z,evalPimNoiseCalibration,MH01/tangent,all_pim_combined_coarse,all,0.5,7.0,20.9884,58.2101,1258.62
20260504T020331353Z,evalPimNoiseCalibration,MH02/quadrature,all_pim_combined_coarse,all,0.5,7.0,5.32595,58.2101,1258.62
20260504T020331353Z,evalPimNoiseCalibration,MH02/tangent,all_pim_combined_coarse,all,0.5,7.0,14.3593,58.2101,1258.62
20260504T020331353Z,evalPimNoiseCalibration,MH03/quadrature,all_pim_combined_coarse,all,0.5,7.0,7.83879,58.2101,1258.62
20260504T020331353Z,evalPimNoiseCalibration,MH03/tangent,all_pim_combined_coarse,all,0.5,7.0,29.8574,58.2101,1258.62
20260504T020331353Z,evalPimNoiseCalibration,MH04/quadrature,all_pim_combined_coarse,all,0.5,7.0,8.37833,58.2101,1258.62
20260504T020331353Z,evalPimNoiseCalibration,MH04/tangent,all_pim_combined_coarse,all,0.5,7.0,21.429,58.2101,1258.62
20260504T020331353Z,evalPimNoiseCalibration,MH05/quadrature,all_pim_combined_coarse,all,0.5,7.0,7.37584,58.2101,1258.62
20260504T020331353Z,evalPimNoiseCalibration,MH05/tangent,all_pim_combined_coarse,all,0.5,7.0,14.2908,58.2101,1258.62
20260504T020331353Z,evalPimNoiseCalibration,V101/quadrature,all_pim_combined_coarse,all,0.5,7.0,116.265,58.2101,1258.62
20260504T020331353Z,evalPimNoiseCalibration,V101/tangent,all_pim_combined_coarse,all,0.5,7.0,143.364,58.2101,1258.62
20260504T020331353Z,evalPimNoiseCalibration,V102/quadrature,all_pim_combined_coarse,all,0.5,7.0,16.5619,58.2101,1258.62
20260504T020331353Z,evalPimNoiseCalibration,V102/tangent,all_pim_combined_coarse,all,0.5,7.0,42.398,58.2101,1258.62
20260504T020331353Z,evalPimNoiseCalibration,V103/quadrature,all_pim_combined_coarse,all,0.5,7.0,24.8877,58.2101,1258.62
20260504T020331353Z,evalPimNoiseCalibration,V103/tangent,all_pim_combined_coarse,all,0.5,7.0,79.8388,58.2101,1258.62
20260504T020331353Z,evalPimNoiseCalibration,V201/quadrature,all_pim_combined_coarse,all,0.5,7.0,22.8627,58.2101,1258.62
20260504T020331353Z,evalPimNoiseCalibration,V201/tangent,all_pim_combined_coarse,all,0.5,7.0,49.091,58.2101,1258.62
20260504T020331353Z,evalPimNoiseCalibration,V202/quadrature,all_pim_combined_coarse,all,0.5,7.0,34.9234,58.2101,1258.62
20260504T020331353Z,evalPimNoiseCalibration,V202/tangent,all_pim_combined_coarse,all,0.5,7.0,126.458,58.2101,1258.62
20260504T020331353Z,evalPimNoiseCalibration,V203/quadrature,all_pim_combined_coarse,all,0.5,7.0,295.197,58.2101,1258.62
20260504T020331353Z,evalPimNoiseCalibration,V203/tangent,all_pim_combined_coarse,all,0.5,7.0,192.503,58.2101,1258.62
20260504T020331353Z,evalPimNoiseCalibration,MH01/quadrature,all_pim_combined_coarse,all,0.5,10.0,5.67732,57.3218,1239.08
20260504T020331353Z,evalPimNoiseCalibration,MH01/tangent,all_pim_combined_coarse,all,0.5,10.0,20.6394,57.3218,1239.08
20260504T020331353Z,evalPimNoiseCalibration,MH02/quadrature,all_pim_combined_coarse,all,0.5,10.0,4.85105,57.3218,1239.08
20260504T020331353Z,evalPimNoiseCalibration,MH02/tangent,all_pim_combined_coarse,all,0.5,10.0,13.8988,57.3218,1239.08
20260504T020331353Z,evalPimNoiseCalibration,MH03/quadrature,all_pim_combined_coarse,all,0.5,10.0,6.89619,57.3218,1239.08
20260504T020331353Z,evalPimNoiseCalibration,MH03/tangent,all_pim_combined_coarse,all,0.5,10.0,28.6442,57.3218,1239.08
20260504T020331353Z,evalPimNoiseCalibration,MH04/quadrature,all_pim_combined_coarse,all,0.5,10.0,7.29725,57.3218,1239.08
20260504T020331353Z,evalPimNoiseCalibration,MH04/tangent,all_pim_combined_coarse,all,0.5,10.0,20.1373,57.3218,1239.08
20260504T020331353Z,evalPimNoiseCalibration,MH05/quadrature,all_pim_combined_coarse,all,0.5,10.0,6.57812,57.3218,1239.08
20260504T020331353Z,evalPimNoiseCalibration,MH05/tangent,all_pim_combined_coarse,all,0.5,10.0,13.3634,57.3218,1239.08
20260504T020331353Z,evalPimNoiseCalibration,V101/quadrature,all_pim_combined_coarse,all,0.5,10.0,115.693,57.3218,1239.08
20260504T020331353Z,evalPimNoiseCalibration,V101/tangent,all_pim_combined_coarse,all,0.5,10.0,142.659,57.3218,1239.08
20260504T020331353Z,evalPimNoiseCalibration,V102/quadrature,all_pim_combined_coarse,all,0.5,10.0,15.9494,57.3218,1239.08
20260504T020331353Z,evalPimNoiseCalibration,V102/tangent,all_pim_combined_coarse,all,0.5,10.0,41.7992,57.3218,1239.08
20260504T020331353Z,evalPimNoiseCalibration,V103/quadrature,all_pim_combined_coarse,all,0.5,10.0,23.6401,57.3218,1239.08
20260504T020331353Z,evalPimNoiseCalibration,V103/tangent,all_pim_combined_coarse,all,0.5,10.0,78.3806,57.3218,1239.08
20260504T020331353Z,evalPimNoiseCalibration,V201/quadrature,all_pim_combined_coarse,all,0.5,10.0,21.6421,57.3218,1239.08
20260504T020331353Z,evalPimNoiseCalibration,V201/tangent,all_pim_combined_coarse,all,0.5,10.0,47.9801,57.3218,1239.08
20260504T020331353Z,evalPimNoiseCalibration,V202/quadrature,all_pim_combined_coarse,all,0.5,10.0,33.6077,57.3218,1239.08
20260504T020331353Z,evalPimNoiseCalibration,V202/tangent,all_pim_combined_coarse,all,0.5,10.0,126.043,57.3218,1239.08
20260504T020331353Z,evalPimNoiseCalibration,V203/quadrature,all_pim_combined_coarse,all,0.5,10.0,294.131,57.3218,1239.08
20260504T020331353Z,evalPimNoiseCalibration,V203/tangent,all_pim_combined_coarse,all,0.5,10.0,191.57,57.3218,1239.08
20260504T020331353Z,evalPimNoiseCalibration,MH01/quadrature,all_pim_combined_coarse,all,0.5,13.0,5.47707,57.0084,1232.18
20260504T020331353Z,evalPimNoiseCalibration,MH01/tangent,all_pim_combined_coarse,all,0.5,13.0,20.5343,57.0084,1232.18
20260504T020331353Z,evalPimNoiseCalibration,MH02/quadrature,all_pim_combined_coarse,all,0.5,13.0,4.66024,57.0084,1232.18
20260504T020331353Z,evalPimNoiseCalibration,MH02/tangent,all_pim_combined_coarse,all,0.5,13.0,13.6371,57.0084,1232.18
20260504T020331353Z,evalPimNoiseCalibration,MH03/quadrature,all_pim_combined_coarse,all,0.5,13.0,6.43559,57.0084,1232.18
20260504T020331353Z,evalPimNoiseCalibration,MH03/tangent,all_pim_combined_coarse,all,0.5,13.0,28.2349,57.0084,1232.18
20260504T020331353Z,evalPimNoiseCalibration,MH04/quadrature,all_pim_combined_coarse,all,0.5,13.0,6.94633,57.0084,1232.18
20260504T020331353Z,evalPimNoiseCalibration,MH04/tangent,all_pim_combined_coarse,all,0.5,13.0,19.8458,57.0084,1232.18
20260504T020331353Z,evalPimNoiseCalibration,MH05/quadrature,all_pim_combined_coarse,all,0.5,13.0,6.30231,57.0084,1232.18
20260504T020331353Z,evalPimNoiseCalibration,MH05/tangent,all_pim_combined_coarse,all,0.5,13.0,13.1825,57.0084,1232.18
20260504T020331353Z,evalPimNoiseCalibration,V101/quadrature,all_pim_combined_coarse,all,0.5,13.0,115.583,57.0084,1232.18
20260504T020331353Z,evalPimNoiseCalibration,V101/tangent,all_pim_combined_coarse,all,0.5,13.0,142.483,57.0084,1232.18
20260504T020331353Z,evalPimNoiseCalibration,V102/quadrature,all_pim_combined_coarse,all,0.5,13.0,15.6577,57.0084,1232.18
20260504T020331353Z,evalPimNoiseCalibration,V102/tangent,all_pim_combined_coarse,all,0.5,13.0,41.5639,57.0084,1232.18
20260504T020331353Z,evalPimNoiseCalibration,V103/quadrature,all_pim_combined_coarse,all,0.5,13.0,23.2369,57.0084,1232.18
20260504T020331353Z,evalPimNoiseCalibration,V103/tangent,all_pim_combined_coarse,all,0.5,13.0,78.0906,57.0084,1232.18
20260504T020331353Z,evalPimNoiseCalibration,V201/quadrature,all_pim_combined_coarse,all,0.5,13.0,21.3858,57.0084,1232.18
20260504T020331353Z,evalPimNoiseCalibration,V201/tangent,all_pim_combined_coarse,all,0.5,13.0,47.0965,57.0084,1232.18
20260504T020331353Z,evalPimNoiseCalibration,V202/quadrature,all_pim_combined_coarse,all,0.5,13.0,33.1367,57.0084,1232.18
20260504T020331353Z,evalPimNoiseCalibration,V202/tangent,all_pim_combined_coarse,all,0.5,13.0,125.688,57.0084,1232.18
20260504T020331353Z,evalPimNoiseCalibration,V203/quadrature,all_pim_combined_coarse,all,0.5,13.0,293.712,57.0084,1232.18
20260504T020331353Z,evalPimNoiseCalibration,V203/tangent,all_pim_combined_coarse,all,0.5,13.0,191.293,57.0084,1232.18
20260504T020331353Z,evalPimNoiseCalibration,MH01/quadrature,all_pim_combined_coarse,all,1.0,0.5,86.9928,193.014,4224.3
20260504T020331353Z,evalPimNoiseCalibration,MH01/tangent,all_pim_combined_coarse,all,1.0,0.5,86.1351,193.014,4224.3
20260504T020331353Z,evalPimNoiseCalibration,MH02/quadrature,all_pim_combined_coarse,all,1.0,0.5,71.9558,193.014,4224.3
20260504T020331353Z,evalPimNoiseCalibration,MH02/tangent,all_pim_combined_coarse,all,1.0,0.5,71.9753,193.014,4224.3
20260504T020331353Z,evalPimNoiseCalibration,MH03/quadrature,all_pim_combined_coarse,all,1.0,0.5,115.635,193.014,4224.3
20260504T020331353Z,evalPimNoiseCalibration,MH03/tangent,all_pim_combined_coarse,all,1.0,0.5,115.695,193.014,4224.3
20260504T020331353Z,evalPimNoiseCalibration,MH04/quadrature,all_pim_combined_coarse,all,1.0,0.5,109.335,193.014,4224.3
20260504T020331353Z,evalPimNoiseCalibration,MH04/tangent,all_pim_combined_coarse,all,1.0,0.5,101.356,193.014,4224.3
20260504T020331353Z,evalPimNoiseCalibration,MH05/quadrature,all_pim_combined_coarse,all,1.0,0.5,117.031,193.014,4224.3
20260504T020331353Z,evalPimNoiseCalibration,MH05/tangent,all_pim_combined_coarse,all,1.0,0.5,113.281,193.014,4224.3
20260504T020331353Z,evalPimNoiseCalibration,V101/quadrature,all_pim_combined_coarse,all,1.0,0.5,241.866,193.014,4224.3
20260504T020331353Z,evalPimNoiseCalibration,V101/tangent,all_pim_combined_coarse,all,1.0,0.5,239.748,193.014,4224.3
20260504T020331353Z,evalPimNoiseCalibration,V102/quadrature,all_pim_combined_coarse,all,1.0,0.5,119.29,193.014,4224.3
20260504T020331353Z,evalPimNoiseCalibration,V102/tangent,all_pim_combined_coarse,all,1.0,0.5,132.229,193.014,4224.3
20260504T020331353Z,evalPimNoiseCalibration,V103/quadrature,all_pim_combined_coarse,all,1.0,0.5,193.893,193.014,4224.3
20260504T020331353Z,evalPimNoiseCalibration,V103/tangent,all_pim_combined_coarse,all,1.0,0.5,207.334,193.014,4224.3
20260504T020331353Z,evalPimNoiseCalibration,V201/quadrature,all_pim_combined_coarse,all,1.0,0.5,249.966,193.014,4224.3
20260504T020331353Z,evalPimNoiseCalibration,V201/tangent,all_pim_combined_coarse,all,1.0,0.5,256.936,193.014,4224.3
20260504T020331353Z,evalPimNoiseCalibration,V202/quadrature,all_pim_combined_coarse,all,1.0,0.5,294.744,193.014,4224.3
20260504T020331353Z,evalPimNoiseCalibration,V202/tangent,all_pim_combined_coarse,all,1.0,0.5,350.463,193.014,4224.3
20260504T020331353Z,evalPimNoiseCalibration,V203/quadrature,all_pim_combined_coarse,all,1.0,0.5,497.367,193.014,4224.3
20260504T020331353Z,evalPimNoiseCalibration,V203/tangent,all_pim_combined_coarse,all,1.0,0.5,473.073,193.014,4224.3
20260504T020331353Z,evalPimNoiseCalibration,MH01/quadrature,all_pim_combined_coarse,all,1.0,1.0,30.4735,71.6738,1554.82
20260504T020331353Z,evalPimNoiseCalibration,MH01/tangent,all_pim_combined_coarse,all,1.0,1.0,34.6102,71.6738,1554.82
20260504T020331353Z,evalPimNoiseCalibration,MH02/quadrature,all_pim_combined_coarse,all,1.0,1.0,24.9313,71.6738,1554.82
20260504T020331353Z,evalPimNoiseCalibration,MH02/tangent,all_pim_combined_coarse,all,1.0,1.0,27.5212,71.6738,1554.82
20260504T020331353Z,evalPimNoiseCalibration,MH03/quadrature,all_pim_combined_coarse,all,1.0,1.0,36.9631,71.6738,1554.82
20260504T020331353Z,evalPimNoiseCalibration,MH03/tangent,all_pim_combined_coarse,all,1.0,1.0,43.9166,71.6738,1554.82
20260504T020331353Z,evalPimNoiseCalibration,MH04/quadrature,all_pim_combined_coarse,all,1.0,1.0,36.454,71.6738,1554.82
20260504T020331353Z,evalPimNoiseCalibration,MH04/tangent,all_pim_combined_coarse,all,1.0,1.0,36.8379,71.6738,1554.82
20260504T020331353Z,evalPimNoiseCalibration,MH05/quadrature,all_pim_combined_coarse,all,1.0,1.0,39.0713,71.6738,1554.82
20260504T020331353Z,evalPimNoiseCalibration,MH05/tangent,all_pim_combined_coarse,all,1.0,1.0,40.6729,71.6738,1554.82
20260504T020331353Z,evalPimNoiseCalibration,V101/quadrature,all_pim_combined_coarse,all,1.0,1.0,98.3216,71.6738,1554.82
20260504T020331353Z,evalPimNoiseCalibration,V101/tangent,all_pim_combined_coarse,all,1.0,1.0,101.821,71.6738,1554.82
20260504T020331353Z,evalPimNoiseCalibration,V102/quadrature,all_pim_combined_coarse,all,1.0,1.0,42.2927,71.6738,1554.82
20260504T020331353Z,evalPimNoiseCalibration,V102/tangent,all_pim_combined_coarse,all,1.0,1.0,52.8952,71.6738,1554.82
20260504T020331353Z,evalPimNoiseCalibration,V103/quadrature,all_pim_combined_coarse,all,1.0,1.0,70.8218,71.6738,1554.82
20260504T020331353Z,evalPimNoiseCalibration,V103/tangent,all_pim_combined_coarse,all,1.0,1.0,90.4389,71.6738,1554.82
20260504T020331353Z,evalPimNoiseCalibration,V201/quadrature,all_pim_combined_coarse,all,1.0,1.0,74.804,71.6738,1554.82
20260504T020331353Z,evalPimNoiseCalibration,V201/tangent,all_pim_combined_coarse,all,1.0,1.0,83.9165,71.6738,1554.82
20260504T020331353Z,evalPimNoiseCalibration,V202/quadrature,all_pim_combined_coarse,all,1.0,1.0,91.9994,71.6738,1554.82
20260504T020331353Z,evalPimNoiseCalibration,V202/tangent,all_pim_combined_coarse,all,1.0,1.0,128.878,71.6738,1554.82
20260504T020331353Z,evalPimNoiseCalibration,V203/quadrature,all_pim_combined_coarse,all,1.0,1.0,203.398,71.6738,1554.82
20260504T020331353Z,evalPimNoiseCalibration,V203/tangent,all_pim_combined_coarse,all,1.0,1.0,185.786,71.6738,1554.82
20260504T020331353Z,evalPimNoiseCalibration,MH01/quadrature,all_pim_combined_coarse,all,1.0,2.0,10.438,31.6459,674.21
20260504T020331353Z,evalPimNoiseCalibration,MH01/tangent,all_pim_combined_coarse,all,1.0,2.0,15.0961,31.6459,674.21
20260504T020331353Z,evalPimNoiseCalibration,MH02/quadrature,all_pim_combined_coarse,all,1.0,2.0,8.59579,31.6459,674.21
20260504T020331353Z,evalPimNoiseCalibration,MH02/tangent,all_pim_combined_coarse,all,1.0,2.0,11.6366,31.6459,674.21
20260504T020331353Z,evalPimNoiseCalibration,MH03/quadrature,all_pim_combined_coarse,all,1.0,2.0,12.0961,31.6459,674.21
20260504T020331353Z,evalPimNoiseCalibration,MH03/tangent,all_pim_combined_coarse,all,1.0,2.0,21.2952,31.6459,674.21
20260504T020331353Z,evalPimNoiseCalibration,MH04/quadrature,all_pim_combined_coarse,all,1.0,2.0,12.6924,31.6459,674.21
20260504T020331353Z,evalPimNoiseCalibration,MH04/tangent,all_pim_combined_coarse,all,1.0,2.0,15.8691,31.6459,674.21
20260504T020331353Z,evalPimNoiseCalibration,MH05/quadrature,all_pim_combined_coarse,all,1.0,2.0,12.9262,31.6459,674.21
20260504T020331353Z,evalPimNoiseCalibration,MH05/tangent,all_pim_combined_coarse,all,1.0,2.0,16.1708,31.6459,674.21
20260504T020331353Z,evalPimNoiseCalibration,V101/quadrature,all_pim_combined_coarse,all,1.0,2.0,49.2909,31.6459,674.21
20260504T020331353Z,evalPimNoiseCalibration,V101/tangent,all_pim_combined_coarse,all,1.0,2.0,54.8999,31.6459,674.21
20260504T020331353Z,evalPimNoiseCalibration,V102/quadrature,all_pim_combined_coarse,all,1.0,2.0,16.8068,31.6459,674.21
20260504T020331353Z,evalPimNoiseCalibration,V102/tangent,all_pim_combined_coarse,all,1.0,2.0,24.4823,31.6459,674.21
20260504T020331353Z,evalPimNoiseCalibration,V103/quadrature,all_pim_combined_coarse,all,1.0,2.0,27.3657,31.6459,674.21
20260504T020331353Z,evalPimNoiseCalibration,V103/tangent,all_pim_combined_coarse,all,1.0,2.0,43.2896,31.6459,674.21
20260504T020331353Z,evalPimNoiseCalibration,V201/quadrature,all_pim_combined_coarse,all,1.0,2.0,25.1506,31.6459,674.21
20260504T020331353Z,evalPimNoiseCalibration,V201/tangent,all_pim_combined_coarse,all,1.0,2.0,33.3933,31.6459,674.21
20260504T020331353Z,evalPimNoiseCalibration,V202/quadrature,all_pim_combined_coarse,all,1.0,2.0,33.4468,31.6459,674.21
20260504T020331353Z,evalPimNoiseCalibration,V202/tangent,all_pim_combined_coarse,all,1.0,2.0,59.3598,31.6459,674.21
20260504T020331353Z,evalPimNoiseCalibration,V203/quadrature,all_pim_combined_coarse,all,1.0,2.0,103.13,31.6459,674.21
20260504T020331353Z,evalPimNoiseCalibration,V203/tangent,all_pim_combined_coarse,all,1.0,2.0,88.7783,31.6459,674.21
20260504T020331353Z,evalPimNoiseCalibration,MH01/quadrature,all_pim_combined_coarse,all,1.0,3.0,5.95299,22.6853,477.077
20260504T020331353Z,evalPimNoiseCalibration,MH01/tangent,all_pim_combined_coarse,all,1.0,3.0,10.1755,22.6853,477.077
20260504T020331353Z,evalPimNoiseCalibration,MH02/quadrature,all_pim_combined_coarse,all,1.0,3.0,4.83851,22.6853,477.077
20260504T020331353Z,evalPimNoiseCalibration,MH02/tangent,all_pim_combined_coarse,all,1.0,3.0,7.62606,22.6853,477.077
20260504T020331353Z,evalPimNoiseCalibration,MH03/quadrature,all_pim_combined_coarse,all,1.0,3.0,6.78844,22.6853,477.077
20260504T020331353Z,evalPimNoiseCalibration,MH03/tangent,all_pim_combined_coarse,all,1.0,3.0,14.8285,22.6853,477.077
20260504T020331353Z,evalPimNoiseCalibration,MH04/quadrature,all_pim_combined_coarse,all,1.0,3.0,7.25604,22.6853,477.077
20260504T020331353Z,evalPimNoiseCalibration,MH04/tangent,all_pim_combined_coarse,all,1.0,3.0,11.0864,22.6853,477.077
20260504T020331353Z,evalPimNoiseCalibration,MH05/quadrature,all_pim_combined_coarse,all,1.0,3.0,7.18443,22.6853,477.077
20260504T020331353Z,evalPimNoiseCalibration,MH05/tangent,all_pim_combined_coarse,all,1.0,3.0,10.1346,22.6853,477.077
20260504T020331353Z,evalPimNoiseCalibration,V101/quadrature,all_pim_combined_coarse,all,1.0,3.0,37.4463,22.6853,477.077
20260504T020331353Z,evalPimNoiseCalibration,V101/tangent,all_pim_combined_coarse,all,1.0,3.0,44.6466,22.6853,477.077
20260504T020331353Z,evalPimNoiseCalibration,V102/quadrature,all_pim_combined_coarse,all,1.0,3.0,10.1425,22.6853,477.077
20260504T020331353Z,evalPimNoiseCalibration,V102/tangent,all_pim_combined_coarse,all,1.0,3.0,16.7297,22.6853,477.077
20260504T020331353Z,evalPimNoiseCalibration,V103/quadrature,all_pim_combined_coarse,all,1.0,3.0,16.8221,22.6853,477.077
20260504T020331353Z,evalPimNoiseCalibration,V103/tangent,all_pim_combined_coarse,all,1.0,3.0,32.2356,22.6853,477.077
20260504T020331353Z,evalPimNoiseCalibration,V201/quadrature,all_pim_combined_coarse,all,1.0,3.0,14.932,22.6853,477.077
20260504T020331353Z,evalPimNoiseCalibration,V201/tangent,all_pim_combined_coarse,all,1.0,3.0,21.6018,22.6853,477.077
20260504T020331353Z,evalPimNoiseCalibration,V202/quadrature,all_pim_combined_coarse,all,1.0,3.0,20.6786,22.6853,477.077
20260504T020331353Z,evalPimNoiseCalibration,V202/tangent,all_pim_combined_coarse,all,1.0,3.0,43.3858,22.6853,477.077
20260504T020331353Z,evalPimNoiseCalibration,V203/quadrature,all_pim_combined_coarse,all,1.0,3.0,86.621,22.6853,477.077
20260504T020331353Z,evalPimNoiseCalibration,V203/tangent,all_pim_combined_coarse,all,1.0,3.0,67.9641,22.6853,477.077
20260504T020331353Z,evalPimNoiseCalibration,MH01/quadrature,all_pim_combined_coarse,all,1.0,5.0,3.20792,17.4157,361.146
20260504T020331353Z,evalPimNoiseCalibration,MH01/tangent,all_pim_combined_coarse,all,1.0,5.0,7.14489,17.4157,361.146
20260504T020331353Z,evalPimNoiseCalibration,MH02/quadrature,all_pim_combined_coarse,all,1.0,5.0,2.52998,17.4157,361.146
20260504T020331353Z,evalPimNoiseCalibration,MH02/tangent,all_pim_combined_coarse,all,1.0,5.0,5.16915,17.4157,361.146
20260504T020331353Z,evalPimNoiseCalibration,MH03/quadrature,all_pim_combined_coarse,all,1.0,5.0,3.87222,17.4157,361.146
20260504T020331353Z,evalPimNoiseCalibration,MH03/tangent,all_pim_combined_coarse,all,1.0,5.0,10.4487,17.4157,361.146
20260504T020331353Z,evalPimNoiseCalibration,MH04/quadrature,all_pim_combined_coarse,all,1.0,5.0,3.91242,17.4157,361.146
20260504T020331353Z,evalPimNoiseCalibration,MH04/tangent,all_pim_combined_coarse,all,1.0,5.0,7.81703,17.4157,361.146
20260504T020331353Z,evalPimNoiseCalibration,MH05/quadrature,all_pim_combined_coarse,all,1.0,5.0,3.9937,17.4157,361.146
20260504T020331353Z,evalPimNoiseCalibration,MH05/tangent,all_pim_combined_coarse,all,1.0,5.0,6.49238,17.4157,361.146
20260504T020331353Z,evalPimNoiseCalibration,V101/quadrature,all_pim_combined_coarse,all,1.0,5.0,32.0949,17.4157,361.146
20260504T020331353Z,evalPimNoiseCalibration,V101/tangent,all_pim_combined_coarse,all,1.0,5.0,39.2756,17.4157,361.146
20260504T020331353Z,evalPimNoiseCalibration,V102/quadrature,all_pim_combined_coarse,all,1.0,5.0,6.60228,17.4157,361.146
20260504T020331353Z,evalPimNoiseCalibration,V102/tangent,all_pim_combined_coarse,all,1.0,5.0,12.4614,17.4157,361.146
20260504T020331353Z,evalPimNoiseCalibration,V103/quadrature,all_pim_combined_coarse,all,1.0,5.0,10.2986,17.4157,361.146
20260504T020331353Z,evalPimNoiseCalibration,V103/tangent,all_pim_combined_coarse,all,1.0,5.0,24.156,17.4157,361.146
20260504T020331353Z,evalPimNoiseCalibration,V201/quadrature,all_pim_combined_coarse,all,1.0,5.0,8.91461,17.4157,361.146
20260504T020331353Z,evalPimNoiseCalibration,V201/tangent,all_pim_combined_coarse,all,1.0,5.0,15.5854,17.4157,361.146
20260504T020331353Z,evalPimNoiseCalibration,V202/quadrature,all_pim_combined_coarse,all,1.0,5.0,12.9503,17.4157,361.146
20260504T020331353Z,evalPimNoiseCalibration,V202/tangent,all_pim_combined_coarse,all,1.0,5.0,35.7534,17.4157,361.146
20260504T020331353Z,evalPimNoiseCalibration,V203/quadrature,all_pim_combined_coarse,all,1.0,5.0,76.6087,17.4157,361.146
20260504T020331353Z,evalPimNoiseCalibration,V203/tangent,all_pim_combined_coarse,all,1.0,5.0,53.856,17.4157,361.146
20260504T020331353Z,evalPimNoiseCalibration,MH01/quadrature,all_pim_combined_coarse,all,1.0,7.0,2.33876,15.8587,326.892
20260504T020331353Z,evalPimNoiseCalibration,MH01/tangent,all_pim_combined_coarse,all,1.0,7.0,6.12888,15.8587,326.892
20260504T020331353Z,evalPimNoiseCalibration,MH02/quadrature,all_pim_combined_coarse,all,1.0,7.0,1.82977,15.8587,326.892
20260504T020331353Z,evalPimNoiseCalibration,MH02/tangent,all_pim_combined_coarse,all,1.0,7.0,4.32889,15.8587,326.892
20260504T020331353Z,evalPimNoiseCalibration,MH03/quadrature,all_pim_combined_coarse,all,1.0,7.0,2.90532,15.8587,326.892
20260504T020331353Z,evalPimNoiseCalibration,MH03/tangent,all_pim_combined_coarse,all,1.0,7.0,8.8743,15.8587,326.892
20260504T020331353Z,evalPimNoiseCalibration,MH04/quadrature,all_pim_combined_coarse,all,1.0,7.0,2.95409,15.8587,326.892
20260504T020331353Z,evalPimNoiseCalibration,MH04/tangent,all_pim_combined_coarse,all,1.0,7.0,6.46975,15.8587,326.892
20260504T020331353Z,evalPimNoiseCalibration,MH05/quadrature,all_pim_combined_coarse,all,1.0,7.0,2.81918,15.8587,326.892
20260504T020331353Z,evalPimNoiseCalibration,MH05/tangent,all_pim_combined_coarse,all,1.0,7.0,4.92157,15.8587,326.892
20260504T020331353Z,evalPimNoiseCalibration,V101/quadrature,all_pim_combined_coarse,all,1.0,7.0,30.3379,15.8587,326.892
20260504T020331353Z,evalPimNoiseCalibration,V101/tangent,all_pim_combined_coarse,all,1.0,7.0,37.2661,15.8587,326.892
20260504T020331353Z,evalPimNoiseCalibration,V102/quadrature,all_pim_combined_coarse,all,1.0,7.0,5.16355,15.8587,326.892
20260504T020331353Z,evalPimNoiseCalibration,V102/tangent,all_pim_combined_coarse,all,1.0,7.0,11.5765,15.8587,326.892
20260504T020331353Z,evalPimNoiseCalibration,V103/quadrature,all_pim_combined_coarse,all,1.0,7.0,8.17349,15.8587,326.892
20260504T020331353Z,evalPimNoiseCalibration,V103/tangent,all_pim_combined_coarse,all,1.0,7.0,22.2544,15.8587,326.892
20260504T020331353Z,evalPimNoiseCalibration,V201/quadrature,all_pim_combined_coarse,all,1.0,7.0,7.09999,15.8587,326.892
20260504T020331353Z,evalPimNoiseCalibration,V201/tangent,all_pim_combined_coarse,all,1.0,7.0,13.7755,15.8587,326.892
20260504T020331353Z,evalPimNoiseCalibration,V202/quadrature,all_pim_combined_coarse,all,1.0,7.0,10.659,15.8587,326.892
20260504T020331353Z,evalPimNoiseCalibration,V202/tangent,all_pim_combined_coarse,all,1.0,7.0,33.0854,15.8587,326.892
20260504T020331353Z,evalPimNoiseCalibration,V203/quadrature,all_pim_combined_coarse,all,1.0,7.0,75.1416,15.8587,326.892
20260504T020331353Z,evalPimNoiseCalibration,V203/tangent,all_pim_combined_coarse,all,1.0,7.0,50.7885,15.8587,326.892
20260504T020331353Z,evalPimNoiseCalibration,MH01/quadrature,all_pim_combined_coarse,all,1.0,10.0,1.88014,15.0036,308.079
20260504T020331353Z,evalPimNoiseCalibration,MH01/tangent,all_pim_combined_coarse,all,1.0,10.0,5.52337,15.0036,308.079
20260504T020331353Z,evalPimNoiseCalibration,MH02/quadrature,all_pim_combined_coarse,all,1.0,10.0,1.47334,15.0036,308.079
20260504T020331353Z,evalPimNoiseCalibration,MH02/tangent,all_pim_combined_coarse,all,1.0,10.0,3.7721,15.0036,308.079
20260504T020331353Z,evalPimNoiseCalibration,MH03/quadrature,all_pim_combined_coarse,all,1.0,10.0,2.30098,15.0036,308.079
20260504T020331353Z,evalPimNoiseCalibration,MH03/tangent,all_pim_combined_coarse,all,1.0,10.0,8.0198,15.0036,308.079
20260504T020331353Z,evalPimNoiseCalibration,MH04/quadrature,all_pim_combined_coarse,all,1.0,10.0,2.39545,15.0036,308.079
20260504T020331353Z,evalPimNoiseCalibration,MH04/tangent,all_pim_combined_coarse,all,1.0,10.0,5.76167,15.0036,308.079
20260504T020331353Z,evalPimNoiseCalibration,MH05/quadrature,all_pim_combined_coarse,all,1.0,10.0,2.19205,15.0036,308.079
20260504T020331353Z,evalPimNoiseCalibration,MH05/tangent,all_pim_combined_coarse,all,1.0,10.0,4.1061,15.0036,308.079
20260504T020331353Z,evalPimNoiseCalibration,V101/quadrature,all_pim_combined_coarse,all,1.0,10.0,29.4794,15.0036,308.079
20260504T020331353Z,evalPimNoiseCalibration,V101/tangent,all_pim_combined_coarse,all,1.0,10.0,36.2269,15.0036,308.079
20260504T020331353Z,evalPimNoiseCalibration,V102/quadrature,all_pim_combined_coarse,all,1.0,10.0,4.38003,15.0036,308.079
20260504T020331353Z,evalPimNoiseCalibration,V102/tangent,all_pim_combined_coarse,all,1.0,10.0,10.9102,15.0036,308.079
20260504T020331353Z,evalPimNoiseCalibration,V103/quadrature,all_pim_combined_coarse,all,1.0,10.0,6.89273,15.0036,308.079
20260504T020331353Z,evalPimNoiseCalibration,V103/tangent,all_pim_combined_coarse,all,1.0,10.0,20.7055,15.0036,308.079
20260504T020331353Z,evalPimNoiseCalibration,V201/quadrature,all_pim_combined_coarse,all,1.0,10.0,6.20129,15.0036,308.079
20260504T020331353Z,evalPimNoiseCalibration,V201/tangent,all_pim_combined_coarse,all,1.0,10.0,12.7942,15.0036,308.079
20260504T020331353Z,evalPimNoiseCalibration,V202/quadrature,all_pim_combined_coarse,all,1.0,10.0,9.31835,15.0036,308.079
20260504T020331353Z,evalPimNoiseCalibration,V202/tangent,all_pim_combined_coarse,all,1.0,10.0,31.9788,15.0036,308.079
20260504T020331353Z,evalPimNoiseCalibration,V203/quadrature,all_pim_combined_coarse,all,1.0,10.0,74.3407,15.0036,308.079
20260504T020331353Z,evalPimNoiseCalibration,V203/tangent,all_pim_combined_coarse,all,1.0,10.0,49.4257,15.0036,308.079
20260504T020331353Z,evalPimNoiseCalibration,MH01/quadrature,all_pim_combined_coarse,all,1.0,13.0,1.67698,14.6294,299.847
20260504T020331353Z,evalPimNoiseCalibration,MH01/tangent,all_pim_combined_coarse,all,1.0,13.0,5.27453,14.6294,299.847
20260504T020331353Z,evalPimNoiseCalibration,MH02/quadrature,all_pim_combined_coarse,all,1.0,13.0,1.34468,14.6294,299.847
20260504T020331353Z,evalPimNoiseCalibration,MH02/tangent,all_pim_combined_coarse,all,1.0,13.0,3.61722,14.6294,299.847
20260504T020331353Z,evalPimNoiseCalibration,MH03/quadrature,all_pim_combined_coarse,all,1.0,13.0,2.03355,14.6294,299.847
20260504T020331353Z,evalPimNoiseCalibration,MH03/tangent,all_pim_combined_coarse,all,1.0,13.0,7.53452,14.6294,299.847
20260504T020331353Z,evalPimNoiseCalibration,MH04/quadrature,all_pim_combined_coarse,all,1.0,13.0,2.13948,14.6294,299.847
20260504T020331353Z,evalPimNoiseCalibration,MH04/tangent,all_pim_combined_coarse,all,1.0,13.0,5.41552,14.6294,299.847
20260504T020331353Z,evalPimNoiseCalibration,MH05/quadrature,all_pim_combined_coarse,all,1.0,13.0,1.88522,14.6294,299.847
20260504T020331353Z,evalPimNoiseCalibration,MH05/tangent,all_pim_combined_coarse,all,1.0,13.0,3.6698,14.6294,299.847
20260504T020331353Z,evalPimNoiseCalibration,V101/quadrature,all_pim_combined_coarse,all,1.0,13.0,29.1483,14.6294,299.847
20260504T020331353Z,evalPimNoiseCalibration,V101/tangent,all_pim_combined_coarse,all,1.0,13.0,35.9158,14.6294,299.847
20260504T020331353Z,evalPimNoiseCalibration,V102/quadrature,all_pim_combined_coarse,all,1.0,13.0,4.21237,14.6294,299.847
20260504T020331353Z,evalPimNoiseCalibration,V102/tangent,all_pim_combined_coarse,all,1.0,13.0,10.6548,14.6294,299.847
20260504T020331353Z,evalPimNoiseCalibration,V103/quadrature,all_pim_combined_coarse,all,1.0,13.0,6.34584,14.6294,299.847
20260504T020331353Z,evalPimNoiseCalibration,V103/tangent,all_pim_combined_coarse,all,1.0,13.0,20.1448,14.6294,299.847
20260504T020331353Z,evalPimNoiseCalibration,V201/quadrature,all_pim_combined_coarse,all,1.0,13.0,5.83729,14.6294,299.847
20260504T020331353Z,evalPimNoiseCalibration,V201/tangent,all_pim_combined_coarse,all,1.0,13.0,12.3177,14.6294,299.847
20260504T020331353Z,evalPimNoiseCalibration,V202/quadrature,all_pim_combined_coarse,all,1.0,13.0,8.77642,14.6294,299.847
20260504T020331353Z,evalPimNoiseCalibration,V202/tangent,all_pim_combined_coarse,all,1.0,13.0,31.6884,14.6294,299.847
20260504T020331353Z,evalPimNoiseCalibration,V203/quadrature,all_pim_combined_coarse,all,1.0,13.0,73.9218,14.6294,299.847
20260504T020331353Z,evalPimNoiseCalibration,V203/tangent,all_pim_combined_coarse,all,1.0,13.0,48.2922,14.6294,299.847
20260504T020331353Z,evalPimNoiseCalibration,MH01/quadrature,all_pim_combined_coarse,all,2.0,0.5,84.373,169.915,3716.13
20260504T020331353Z,evalPimNoiseCalibration,MH01/tangent,all_pim_combined_coarse,all,2.0,0.5,77.9967,169.915,3716.13
20260504T020331353Z,evalPimNoiseCalibration,MH02/quadrature,all_pim_combined_coarse,all,2.0,0.5,70.0335,169.915,3716.13
20260504T020331353Z,evalPimNoiseCalibration,MH02/tangent,all_pim_combined_coarse,all,2.0,0.5,64.5208,169.915,3716.13
20260504T020331353Z,evalPimNoiseCalibration,MH03/quadrature,all_pim_combined_coarse,all,2.0,0.5,114.036,169.915,3716.13
20260504T020331353Z,evalPimNoiseCalibration,MH03/tangent,all_pim_combined_coarse,all,2.0,0.5,101.207,169.915,3716.13
20260504T020331353Z,evalPimNoiseCalibration,MH04/quadrature,all_pim_combined_coarse,all,2.0,0.5,106.467,169.915,3716.13
20260504T020331353Z,evalPimNoiseCalibration,MH04/tangent,all_pim_combined_coarse,all,2.0,0.5,95.7525,169.915,3716.13
20260504T020331353Z,evalPimNoiseCalibration,MH05/quadrature,all_pim_combined_coarse,all,2.0,0.5,116.137,169.915,3716.13
20260504T020331353Z,evalPimNoiseCalibration,MH05/tangent,all_pim_combined_coarse,all,2.0,0.5,107.962,169.915,3716.13
20260504T020331353Z,evalPimNoiseCalibration,V101/quadrature,all_pim_combined_coarse,all,2.0,0.5,194.42,169.915,3716.13
20260504T020331353Z,evalPimNoiseCalibration,V101/tangent,all_pim_combined_coarse,all,2.0,0.5,191.503,169.915,3716.13
20260504T020331353Z,evalPimNoiseCalibration,V102/quadrature,all_pim_combined_coarse,all,2.0,0.5,115.277,169.915,3716.13
20260504T020331353Z,evalPimNoiseCalibration,V102/tangent,all_pim_combined_coarse,all,2.0,0.5,113.217,169.915,3716.13
20260504T020331353Z,evalPimNoiseCalibration,V103/quadrature,all_pim_combined_coarse,all,2.0,0.5,185.148,169.915,3716.13
20260504T020331353Z,evalPimNoiseCalibration,V103/tangent,all_pim_combined_coarse,all,2.0,0.5,181.505,169.915,3716.13
20260504T020331353Z,evalPimNoiseCalibration,V201/quadrature,all_pim_combined_coarse,all,2.0,0.5,240.057,169.915,3716.13
20260504T020331353Z,evalPimNoiseCalibration,V201/tangent,all_pim_combined_coarse,all,2.0,0.5,235.074,169.915,3716.13
20260504T020331353Z,evalPimNoiseCalibration,V202/quadrature,all_pim_combined_coarse,all,2.0,0.5,279.055,169.915,3716.13
20260504T020331353Z,evalPimNoiseCalibration,V202/tangent,all_pim_combined_coarse,all,2.0,0.5,288.431,169.915,3716.13
20260504T020331353Z,evalPimNoiseCalibration,V203/quadrature,all_pim_combined_coarse,all,2.0,0.5,394.007,169.915,3716.13
20260504T020331353Z,evalPimNoiseCalibration,V203/tangent,all_pim_combined_coarse,all,2.0,0.5,381.949,169.915,3716.13
20260504T020331353Z,evalPimNoiseCalibration,MH01/quadrature,all_pim_combined_coarse,all,2.0,1.0,29.0429,55.7572,1204.66
20260504T020331353Z,evalPimNoiseCalibration,MH01/tangent,all_pim_combined_coarse,all,2.0,1.0,26.9416,55.7572,1204.66
20260504T020331353Z,evalPimNoiseCalibration,MH02/quadrature,all_pim_combined_coarse,all,2.0,1.0,24.099,55.7572,1204.66
20260504T020331353Z,evalPimNoiseCalibration,MH02/tangent,all_pim_combined_coarse,all,2.0,1.0,22.6368,55.7572,1204.66
20260504T020331353Z,evalPimNoiseCalibration,MH03/quadrature,all_pim_combined_coarse,all,2.0,1.0,34.9922,55.7572,1204.66
20260504T020331353Z,evalPimNoiseCalibration,MH03/tangent,all_pim_combined_coarse,all,2.0,1.0,35.242,55.7572,1204.66
20260504T020331353Z,evalPimNoiseCalibration,MH04/quadrature,all_pim_combined_coarse,all,2.0,1.0,34.4238,55.7572,1204.66
20260504T020331353Z,evalPimNoiseCalibration,MH04/tangent,all_pim_combined_coarse,all,2.0,1.0,31.6118,55.7572,1204.66
20260504T020331353Z,evalPimNoiseCalibration,MH05/quadrature,all_pim_combined_coarse,all,2.0,1.0,36.6986,55.7572,1204.66
20260504T020331353Z,evalPimNoiseCalibration,MH05/tangent,all_pim_combined_coarse,all,2.0,1.0,35.4241,55.7572,1204.66
20260504T020331353Z,evalPimNoiseCalibration,V101/quadrature,all_pim_combined_coarse,all,2.0,1.0,66.0328,55.7572,1204.66
20260504T020331353Z,evalPimNoiseCalibration,V101/tangent,all_pim_combined_coarse,all,2.0,1.0,65.7701,55.7572,1204.66
20260504T020331353Z,evalPimNoiseCalibration,V102/quadrature,all_pim_combined_coarse,all,2.0,1.0,37.9067,55.7572,1204.66
20260504T020331353Z,evalPimNoiseCalibration,V102/tangent,all_pim_combined_coarse,all,2.0,1.0,40.0793,55.7572,1204.66
20260504T020331353Z,evalPimNoiseCalibration,V103/quadrature,all_pim_combined_coarse,all,2.0,1.0,62.4185,55.7572,1204.66
20260504T020331353Z,evalPimNoiseCalibration,V103/tangent,all_pim_combined_coarse,all,2.0,1.0,65.4484,55.7572,1204.66
20260504T020331353Z,evalPimNoiseCalibration,V201/quadrature,all_pim_combined_coarse,all,2.0,1.0,67.8361,55.7572,1204.66
20260504T020331353Z,evalPimNoiseCalibration,V201/tangent,all_pim_combined_coarse,all,2.0,1.0,71.4516,55.7572,1204.66
20260504T020331353Z,evalPimNoiseCalibration,V202/quadrature,all_pim_combined_coarse,all,2.0,1.0,82.8379,55.7572,1204.66
20260504T020331353Z,evalPimNoiseCalibration,V202/tangent,all_pim_combined_coarse,all,2.0,1.0,94.7297,55.7572,1204.66
20260504T020331353Z,evalPimNoiseCalibration,V203/quadrature,all_pim_combined_coarse,all,2.0,1.0,133.192,55.7572,1204.66
20260504T020331353Z,evalPimNoiseCalibration,V203/tangent,all_pim_combined_coarse,all,2.0,1.0,127.843,55.7572,1204.66
20260504T020331353Z,evalPimNoiseCalibration,MH01/quadrature,all_pim_combined_coarse,all,2.0,2.0,8.95506,19.4146,405.122
20260504T020331353Z,evalPimNoiseCalibration,MH01/tangent,all_pim_combined_coarse,all,2.0,2.0,9.75024,19.4146,405.122
20260504T020331353Z,evalPimNoiseCalibration,MH02/quadrature,all_pim_combined_coarse,all,2.0,2.0,7.25837,19.4146,405.122
20260504T020331353Z,evalPimNoiseCalibration,MH02/tangent,all_pim_combined_coarse,all,2.0,2.0,7.60966,19.4146,405.122
20260504T020331353Z,evalPimNoiseCalibration,MH03/quadrature,all_pim_combined_coarse,all,2.0,2.0,10.2516,19.4146,405.122
20260504T020331353Z,evalPimNoiseCalibration,MH03/tangent,all_pim_combined_coarse,all,2.0,2.0,12.349,19.4146,405.122
20260504T020331353Z,evalPimNoiseCalibration,MH04/quadrature,all_pim_combined_coarse,all,2.0,2.0,10.701,19.4146,405.122
20260504T020331353Z,evalPimNoiseCalibration,MH04/tangent,all_pim_combined_coarse,all,2.0,2.0,10.3857,19.4146,405.122
20260504T020331353Z,evalPimNoiseCalibration,MH05/quadrature,all_pim_combined_coarse,all,2.0,2.0,11.2371,19.4146,405.122
20260504T020331353Z,evalPimNoiseCalibration,MH05/tangent,all_pim_combined_coarse,all,2.0,2.0,11.7069,19.4146,405.122
20260504T020331353Z,evalPimNoiseCalibration,V101/quadrature,all_pim_combined_coarse,all,2.0,2.0,26.2681,19.4146,405.122
20260504T020331353Z,evalPimNoiseCalibration,V101/tangent,all_pim_combined_coarse,all,2.0,2.0,26.7661,19.4146,405.122
20260504T020331353Z,evalPimNoiseCalibration,V102/quadrature,all_pim_combined_coarse,all,2.0,2.0,12.1145,19.4146,405.122
20260504T020331353Z,evalPimNoiseCalibration,V102/tangent,all_pim_combined_coarse,all,2.0,2.0,14.8016,19.4146,405.122
20260504T020331353Z,evalPimNoiseCalibration,V103/quadrature,all_pim_combined_coarse,all,2.0,2.0,20.0958,19.4146,405.122
20260504T020331353Z,evalPimNoiseCalibration,V103/tangent,all_pim_combined_coarse,all,2.0,2.0,25.118,19.4146,405.122
20260504T020331353Z,evalPimNoiseCalibration,V201/quadrature,all_pim_combined_coarse,all,2.0,2.0,19.7428,19.4146,405.122
20260504T020331353Z,evalPimNoiseCalibration,V201/tangent,all_pim_combined_coarse,all,2.0,2.0,22.1925,19.4146,405.122
20260504T020331353Z,evalPimNoiseCalibration,V202/quadrature,all_pim_combined_coarse,all,2.0,2.0,25.0059,19.4146,405.122
20260504T020331353Z,evalPimNoiseCalibration,V202/tangent,all_pim_combined_coarse,all,2.0,2.0,33.8703,19.4146,405.122
20260504T020331353Z,evalPimNoiseCalibration,V203/quadrature,all_pim_combined_coarse,all,2.0,2.0,53.1199,19.4146,405.122
20260504T020331353Z,evalPimNoiseCalibration,V203/tangent,all_pim_combined_coarse,all,2.0,2.0,47.8219,19.4146,405.122
20260504T020331353Z,evalPimNoiseCalibration,MH01/quadrature,all_pim_combined_coarse,all,2.0,3.0,4.37705,11.1709,223.759
20260504T020331353Z,evalPimNoiseCalibration,MH01/tangent,all_pim_combined_coarse,all,2.0,3.0,5.66479,11.1709,223.759
20260504T020331353Z,evalPimNoiseCalibration,MH02/quadrature,all_pim_combined_coarse,all,2.0,3.0,3.53306,11.1709,223.759
20260504T020331353Z,evalPimNoiseCalibration,MH02/tangent,all_pim_combined_coarse,all,2.0,3.0,4.30309,11.1709,223.759
20260504T020331353Z,evalPimNoiseCalibration,MH03/quadrature,all_pim_combined_coarse,all,2.0,3.0,5.077,11.1709,223.759
20260504T020331353Z,evalPimNoiseCalibration,MH03/tangent,all_pim_combined_coarse,all,2.0,3.0,7.2733,11.1709,223.759
20260504T020331353Z,evalPimNoiseCalibration,MH04/quadrature,all_pim_combined_coarse,all,2.0,3.0,5.22741,11.1709,223.759
20260504T020331353Z,evalPimNoiseCalibration,MH04/tangent,all_pim_combined_coarse,all,2.0,3.0,5.92488,11.1709,223.759
20260504T020331353Z,evalPimNoiseCalibration,MH05/quadrature,all_pim_combined_coarse,all,2.0,3.0,5.54893,11.1709,223.759
20260504T020331353Z,evalPimNoiseCalibration,MH05/tangent,all_pim_combined_coarse,all,2.0,3.0,6.18902,11.1709,223.759
20260504T020331353Z,evalPimNoiseCalibration,V101/quadrature,all_pim_combined_coarse,all,2.0,3.0,16.255,11.1709,223.759
20260504T020331353Z,evalPimNoiseCalibration,V101/tangent,all_pim_combined_coarse,all,2.0,3.0,17.6676,11.1709,223.759
20260504T020331353Z,evalPimNoiseCalibration,V102/quadrature,all_pim_combined_coarse,all,2.0,3.0,6.27483,11.1709,223.759
20260504T020331353Z,evalPimNoiseCalibration,V102/tangent,all_pim_combined_coarse,all,2.0,3.0,8.85601,11.1709,223.759
20260504T020331353Z,evalPimNoiseCalibration,V103/quadrature,all_pim_combined_coarse,all,2.0,3.0,10.8043,11.1709,223.759
20260504T020331353Z,evalPimNoiseCalibration,V103/tangent,all_pim_combined_coarse,all,2.0,3.0,15.3052,11.1709,223.759
20260504T020331353Z,evalPimNoiseCalibration,V201/quadrature,all_pim_combined_coarse,all,2.0,3.0,9.8083,11.1709,223.759
20260504T020331353Z,evalPimNoiseCalibration,V201/tangent,all_pim_combined_coarse,all,2.0,3.0,12.2846,11.1709,223.759
20260504T020331353Z,evalPimNoiseCalibration,V202/quadrature,all_pim_combined_coarse,all,2.0,3.0,13.1821,11.1709,223.759
20260504T020331353Z,evalPimNoiseCalibration,V202/tangent,all_pim_combined_coarse,all,2.0,3.0,20.1742,11.1709,223.759
20260504T020331353Z,evalPimNoiseCalibration,V203/quadrature,all_pim_combined_coarse,all,2.0,3.0,32.8857,11.1709,223.759
20260504T020331353Z,evalPimNoiseCalibration,V203/tangent,all_pim_combined_coarse,all,2.0,3.0,29.1425,11.1709,223.759
20260504T020331353Z,evalPimNoiseCalibration,MH01/quadrature,all_pim_combined_coarse,all,2.0,5.0,1.96017,6.5415,121.913
20260504T020331353Z,evalPimNoiseCalibration,MH01/tangent,all_pim_combined_coarse,all,2.0,5.0,3.04638,6.5415,121.913
20260504T020331353Z,evalPimNoiseCalibration,MH02/quadrature,all_pim_combined_coarse,all,2.0,5.0,1.62215,6.5415,121.913
20260504T020331353Z,evalPimNoiseCalibration,MH02/tangent,all_pim_combined_coarse,all,2.0,5.0,2.34927,6.5415,121.913
20260504T020331353Z,evalPimNoiseCalibration,MH03/quadrature,all_pim_combined_coarse,all,2.0,5.0,2.22821,6.5415,121.913
20260504T020331353Z,evalPimNoiseCalibration,MH03/tangent,all_pim_combined_coarse,all,2.0,5.0,4.43917,6.5415,121.913
20260504T020331353Z,evalPimNoiseCalibration,MH04/quadrature,all_pim_combined_coarse,all,2.0,5.0,2.35081,6.5415,121.913
20260504T020331353Z,evalPimNoiseCalibration,MH04/tangent,all_pim_combined_coarse,all,2.0,5.0,3.24348,6.5415,121.913
20260504T020331353Z,evalPimNoiseCalibration,MH05/quadrature,all_pim_combined_coarse,all,2.0,5.0,2.34357,6.5415,121.913
20260504T020331353Z,evalPimNoiseCalibration,MH05/tangent,all_pim_combined_coarse,all,2.0,5.0,3.17115,6.5415,121.913
20260504T020331353Z,evalPimNoiseCalibration,V101/quadrature,all_pim_combined_coarse,all,2.0,5.0,10.5465,6.5415,121.913
20260504T020331353Z,evalPimNoiseCalibration,V101/tangent,all_pim_combined_coarse,all,2.0,5.0,12.2596,6.5415,121.913
20260504T020331353Z,evalPimNoiseCalibration,V102/quadrature,all_pim_combined_coarse,all,2.0,5.0,3.22666,6.5415,121.913
20260504T020331353Z,evalPimNoiseCalibration,V102/tangent,all_pim_combined_coarse,all,2.0,5.0,4.9557,6.5415,121.913
20260504T020331353Z,evalPimNoiseCalibration,V103/quadrature,all_pim_combined_coarse,all,2.0,5.0,5.25968,6.5415,121.913
20260504T020331353Z,evalPimNoiseCalibration,V103/tangent,all_pim_combined_coarse,all,2.0,5.0,9.22853,6.5415,121.913
20260504T020331353Z,evalPimNoiseCalibration,V201/quadrature,all_pim_combined_coarse,all,2.0,5.0,4.71152,6.5415,121.913
20260504T020331353Z,evalPimNoiseCalibration,V201/tangent,all_pim_combined_coarse,all,2.0,5.0,6.53684,6.5415,121.913
20260504T020331353Z,evalPimNoiseCalibration,V202/quadrature,all_pim_combined_coarse,all,2.0,5.0,6.4525,6.5415,121.913
20260504T020331353Z,evalPimNoiseCalibration,V202/tangent,all_pim_combined_coarse,all,2.0,5.0,12.31,6.5415,121.913
20260504T020331353Z,evalPimNoiseCalibration,V203/quadrature,all_pim_combined_coarse,all,2.0,5.0,22.8268,6.5415,121.913
20260504T020331353Z,evalPimNoiseCalibration,V203/tangent,all_pim_combined_coarse,all,2.0,5.0,18.8442,6.5415,121.913
20260504T020331353Z,evalPimNoiseCalibration,MH01/quadrature,all_pim_combined_coarse,all,2.0,7.0,1.24381,5.14113,91.1266
20260504T020331353Z,evalPimNoiseCalibration,MH01/tangent,all_pim_combined_coarse,all,2.0,7.0,2.30317,5.14113,91.1266
20260504T020331353Z,evalPimNoiseCalibration,MH02/quadrature,all_pim_combined_coarse,all,2.0,7.0,0.989114,5.14113,91.1266
20260504T020331353Z,evalPimNoiseCalibration,MH02/tangent,all_pim_combined_coarse,all,2.0,7.0,1.68991,5.14113,91.1266
20260504T020331353Z,evalPimNoiseCalibration,MH03/quadrature,all_pim_combined_coarse,all,2.0,7.0,1.41073,5.14113,91.1266
20260504T020331353Z,evalPimNoiseCalibration,MH03/tangent,all_pim_combined_coarse,all,2.0,7.0,3.29595,5.14113,91.1266
20260504T020331353Z,evalPimNoiseCalibration,MH04/quadrature,all_pim_combined_coarse,all,2.0,7.0,1.49128,5.14113,91.1266
20260504T020331353Z,evalPimNoiseCalibration,MH04/tangent,all_pim_combined_coarse,all,2.0,7.0,2.49703,5.14113,91.1266
20260504T020331353Z,evalPimNoiseCalibration,MH05/quadrature,all_pim_combined_coarse,all,2.0,7.0,1.51511,5.14113,91.1266
20260504T020331353Z,evalPimNoiseCalibration,MH05/tangent,all_pim_combined_coarse,all,2.0,7.0,2.1803,5.14113,91.1266
20260504T020331353Z,evalPimNoiseCalibration,V101/quadrature,all_pim_combined_coarse,all,2.0,7.0,8.85486,5.14113,91.1266
20260504T020331353Z,evalPimNoiseCalibration,V101/tangent,all_pim_combined_coarse,all,2.0,7.0,10.7041,5.14113,91.1266
20260504T020331353Z,evalPimNoiseCalibration,V102/quadrature,all_pim_combined_coarse,all,2.0,7.0,2.20842,5.14113,91.1266
20260504T020331353Z,evalPimNoiseCalibration,V102/tangent,all_pim_combined_coarse,all,2.0,7.0,3.72926,5.14113,91.1266
20260504T020331353Z,evalPimNoiseCalibration,V103/quadrature,all_pim_combined_coarse,all,2.0,7.0,3.60236,5.14113,91.1266
20260504T020331353Z,evalPimNoiseCalibration,V103/tangent,all_pim_combined_coarse,all,2.0,7.0,7.35138,5.14113,91.1266
20260504T020331353Z,evalPimNoiseCalibration,V201/quadrature,all_pim_combined_coarse,all,2.0,7.0,3.11069,5.14113,91.1266
20260504T020331353Z,evalPimNoiseCalibration,V201/tangent,all_pim_combined_coarse,all,2.0,7.0,4.75939,5.14113,91.1266
20260504T020331353Z,evalPimNoiseCalibration,V202/quadrature,all_pim_combined_coarse,all,2.0,7.0,4.42306,5.14113,91.1266
20260504T020331353Z,evalPimNoiseCalibration,V202/tangent,all_pim_combined_coarse,all,2.0,7.0,10.073,5.14113,91.1266
20260504T020331353Z,evalPimNoiseCalibration,V203/quadrature,all_pim_combined_coarse,all,2.0,7.0,20.1332,5.14113,91.1266
20260504T020331353Z,evalPimNoiseCalibration,V203/tangent,all_pim_combined_coarse,all,2.0,7.0,15.5387,5.14113,91.1266
20260504T020331353Z,evalPimNoiseCalibration,MH01/quadrature,all_pim_combined_coarse,all,2.0,10.0,0.806631,4.35983,75.1305
20260504T020331353Z,evalPimNoiseCalibration,MH01/tangent,all_pim_combined_coarse,all,2.0,10.0,1.79572,4.35983,75.1305
20260504T020331353Z,evalPimNoiseCalibration,MH02/quadrature,all_pim_combined_coarse,all,2.0,10.0,0.634107,4.35983,75.1305
20260504T020331353Z,evalPimNoiseCalibration,MH02/tangent,all_pim_combined_coarse,all,2.0,10.0,1.29692,4.35983,75.1305
20260504T020331353Z,evalPimNoiseCalibration,MH03/quadrature,all_pim_combined_coarse,all,2.0,10.0,0.972688,4.35983,75.1305
20260504T020331353Z,evalPimNoiseCalibration,MH03/tangent,all_pim_combined_coarse,all,2.0,10.0,2.61623,4.35983,75.1305
20260504T020331353Z,evalPimNoiseCalibration,MH04/quadrature,all_pim_combined_coarse,all,2.0,10.0,0.97949,4.35983,75.1305
20260504T020331353Z,evalPimNoiseCalibration,MH04/tangent,all_pim_combined_coarse,all,2.0,10.0,1.95659,4.35983,75.1305
20260504T020331353Z,evalPimNoiseCalibration,MH05/quadrature,all_pim_combined_coarse,all,2.0,10.0,1.00361,4.35983,75.1305
20260504T020331353Z,evalPimNoiseCalibration,MH05/tangent,all_pim_combined_coarse,all,2.0,10.0,1.62892,4.35983,75.1305
20260504T020331353Z,evalPimNoiseCalibration,V101/quadrature,all_pim_combined_coarse,all,2.0,10.0,8.03403,4.35983,75.1305
20260504T020331353Z,evalPimNoiseCalibration,V101/tangent,all_pim_combined_coarse,all,2.0,10.0,9.82827,4.35983,75.1305
20260504T020331353Z,evalPimNoiseCalibration,V102/quadrature,all_pim_combined_coarse,all,2.0,10.0,1.65229,4.35983,75.1305
20260504T020331353Z,evalPimNoiseCalibration,V102/tangent,all_pim_combined_coarse,all,2.0,10.0,3.11858,4.35983,75.1305
20260504T020331353Z,evalPimNoiseCalibration,V103/quadrature,all_pim_combined_coarse,all,2.0,10.0,2.58481,4.35983,75.1305
20260504T020331353Z,evalPimNoiseCalibration,V103/tangent,all_pim_combined_coarse,all,2.0,10.0,6.0599,4.35983,75.1305
20260504T020331353Z,evalPimNoiseCalibration,V201/quadrature,all_pim_combined_coarse,all,2.0,10.0,2.23347,4.35983,75.1305
20260504T020331353Z,evalPimNoiseCalibration,V201/tangent,all_pim_combined_coarse,all,2.0,10.0,3.89983,4.35983,75.1305
20260504T020331353Z,evalPimNoiseCalibration,V202/quadrature,all_pim_combined_coarse,all,2.0,10.0,3.23841,4.35983,75.1305
20260504T020331353Z,evalPimNoiseCalibration,V202/tangent,all_pim_combined_coarse,all,2.0,10.0,8.9463,4.35983,75.1305
20260504T020331353Z,evalPimNoiseCalibration,V203/quadrature,all_pim_combined_coarse,all,2.0,10.0,19.1598,4.35983,75.1305
20260504T020331353Z,evalPimNoiseCalibration,V203/tangent,all_pim_combined_coarse,all,2.0,10.0,13.4697,4.35983,75.1305
20260504T020331353Z,evalPimNoiseCalibration,MH01/quadrature,all_pim_combined_coarse,all,2.0,13.0,0.6164,4.04062,70.0224
20260504T020331353Z,evalPimNoiseCalibration,MH01/tangent,all_pim_combined_coarse,all,2.0,13.0,1.56909,4.04062,70.0224
20260504T020331353Z,evalPimNoiseCalibration,MH02/quadrature,all_pim_combined_coarse,all,2.0,13.0,0.49254,4.04062,70.0224
20260504T020331353Z,evalPimNoiseCalibration,MH02/tangent,all_pim_combined_coarse,all,2.0,13.0,1.1286,4.04062,70.0224
20260504T020331353Z,evalPimNoiseCalibration,MH03/quadrature,all_pim_combined_coarse,all,2.0,13.0,0.772592,4.04062,70.0224
20260504T020331353Z,evalPimNoiseCalibration,MH03/tangent,all_pim_combined_coarse,all,2.0,13.0,2.29992,4.04062,70.0224
20260504T020331353Z,evalPimNoiseCalibration,MH04/quadrature,all_pim_combined_coarse,all,2.0,13.0,0.792078,4.04062,70.0224
20260504T020331353Z,evalPimNoiseCalibration,MH04/tangent,all_pim_combined_coarse,all,2.0,13.0,1.69418,4.04062,70.0224
20260504T020331353Z,evalPimNoiseCalibration,MH05/quadrature,all_pim_combined_coarse,all,2.0,13.0,0.761957,4.04062,70.0224
20260504T020331353Z,evalPimNoiseCalibration,MH05/tangent,all_pim_combined_coarse,all,2.0,13.0,1.30434,4.04062,70.0224
20260504T020331353Z,evalPimNoiseCalibration,V101/quadrature,all_pim_combined_coarse,all,2.0,13.0,7.69833,4.04062,70.0224
20260504T020331353Z,evalPimNoiseCalibration,V101/tangent,all_pim_combined_coarse,all,2.0,13.0,9.48003,4.04062,70.0224
20260504T020331353Z,evalPimNoiseCalibration,V102/quadrature,all_pim_combined_coarse,all,2.0,13.0,1.35058,4.04062,70.0224
20260504T020331353Z,evalPimNoiseCalibration,V102/tangent,all_pim_combined_coarse,all,2.0,13.0,2.93759,4.04062,70.0224
20260504T020331353Z,evalPimNoiseCalibration,V103/quadrature,all_pim_combined_coarse,all,2.0,13.0,2.16805,4.04062,70.0224
20260504T020331353Z,evalPimNoiseCalibration,V103/tangent,all_pim_combined_coarse,all,2.0,13.0,5.71095,4.04062,70.0224
20260504T020331353Z,evalPimNoiseCalibration,V201/quadrature,all_pim_combined_coarse,all,2.0,13.0,1.84997,4.04062,70.0224
20260504T020331353Z,evalPimNoiseCalibration,V201/tangent,all_pim_combined_coarse,all,2.0,13.0,3.51518,4.04062,70.0224
20260504T020331353Z,evalPimNoiseCalibration,V202/quadrature,all_pim_combined_coarse,all,2.0,13.0,2.76414,4.04062,70.0224
20260504T020331353Z,evalPimNoiseCalibration,V202/tangent,all_pim_combined_coarse,all,2.0,13.0,8.3617,4.04062,70.0224
20260504T020331353Z,evalPimNoiseCalibration,V203/quadrature,all_pim_combined_coarse,all,2.0,13.0,18.8418,4.04062,70.0224
20260504T020331353Z,evalPimNoiseCalibration,V203/tangent,all_pim_combined_coarse,all,2.0,13.0,12.7835,4.04062,70.0224
20260504T020331353Z,evalPimNoiseCalibration,MH01/quadrature,all_pim_combined_coarse,all,3.0,0.5,82.519,160.794,3515.46
20260504T020331353Z,evalPimNoiseCalibration,MH01/tangent,all_pim_combined_coarse,all,3.0,0.5,75.8237,160.794,3515.46
20260504T020331353Z,evalPimNoiseCalibration,MH02/quadrature,all_pim_combined_coarse,all,3.0,0.5,68.6205,160.794,3515.46
20260504T020331353Z,evalPimNoiseCalibration,MH02/tangent,all_pim_combined_coarse,all,3.0,0.5,62.5312,160.794,3515.46
20260504T020331353Z,evalPimNoiseCalibration,MH03/quadrature,all_pim_combined_coarse,all,3.0,0.5,112.962,160.794,3515.46
20260504T020331353Z,evalPimNoiseCalibration,MH03/tangent,all_pim_combined_coarse,all,3.0,0.5,97.8912,160.794,3515.46
20260504T020331353Z,evalPimNoiseCalibration,MH04/quadrature,all_pim_combined_coarse,all,3.0,0.5,104.064,160.794,3515.46
20260504T020331353Z,evalPimNoiseCalibration,MH04/tangent,all_pim_combined_coarse,all,3.0,0.5,91.7137,160.794,3515.46
20260504T020331353Z,evalPimNoiseCalibration,MH05/quadrature,all_pim_combined_coarse,all,3.0,0.5,114.208,160.794,3515.46
20260504T020331353Z,evalPimNoiseCalibration,MH05/tangent,all_pim_combined_coarse,all,3.0,0.5,104.689,160.794,3515.46
20260504T020331353Z,evalPimNoiseCalibration,V101/quadrature,all_pim_combined_coarse,all,3.0,0.5,179.14,160.794,3515.46
20260504T020331353Z,evalPimNoiseCalibration,V101/tangent,all_pim_combined_coarse,all,3.0,0.5,173.31,160.794,3515.46
20260504T020331353Z,evalPimNoiseCalibration,V102/quadrature,all_pim_combined_coarse,all,3.0,0.5,111.142,160.794,3515.46
20260504T020331353Z,evalPimNoiseCalibration,V102/tangent,all_pim_combined_coarse,all,3.0,0.5,106.945,160.794,3515.46
20260504T020331353Z,evalPimNoiseCalibration,V103/quadrature,all_pim_combined_coarse,all,3.0,0.5,181.524,160.794,3515.46
20260504T020331353Z,evalPimNoiseCalibration,V103/tangent,all_pim_combined_coarse,all,3.0,0.5,173.692,160.794,3515.46
20260504T020331353Z,evalPimNoiseCalibration,V201/quadrature,all_pim_combined_coarse,all,3.0,0.5,230.166,160.794,3515.46
20260504T020331353Z,evalPimNoiseCalibration,V201/tangent,all_pim_combined_coarse,all,3.0,0.5,224.027,160.794,3515.46
20260504T020331353Z,evalPimNoiseCalibration,V202/quadrature,all_pim_combined_coarse,all,3.0,0.5,267.669,160.794,3515.46
20260504T020331353Z,evalPimNoiseCalibration,V202/tangent,all_pim_combined_coarse,all,3.0,0.5,273.545,160.794,3515.46
20260504T020331353Z,evalPimNoiseCalibration,V203/quadrature,all_pim_combined_coarse,all,3.0,0.5,350.174,160.794,3515.46
20260504T020331353Z,evalPimNoiseCalibration,V203/tangent,all_pim_combined_coarse,all,3.0,0.5,351.105,160.794,3515.46
20260504T020331353Z,evalPimNoiseCalibration,MH01/quadrature,all_pim_combined_coarse,all,3.0,1.0,28.5692,51.7095,1115.61
20260504T020331353Z,evalPimNoiseCalibration,MH01/tangent,all_pim_combined_coarse,all,3.0,1.0,25.3808,51.7095,1115.61
20260504T020331353Z,evalPimNoiseCalibration,MH02/quadrature,all_pim_combined_coarse,all,3.0,1.0,23.7129,51.7095,1115.61
20260504T020331353Z,evalPimNoiseCalibration,MH02/tangent,all_pim_combined_coarse,all,3.0,1.0,21.6843,51.7095,1115.61
20260504T020331353Z,evalPimNoiseCalibration,MH03/quadrature,all_pim_combined_coarse,all,3.0,1.0,34.4804,51.7095,1115.61
20260504T020331353Z,evalPimNoiseCalibration,MH03/tangent,all_pim_combined_coarse,all,3.0,1.0,33.0954,51.7095,1115.61
20260504T020331353Z,evalPimNoiseCalibration,MH04/quadrature,all_pim_combined_coarse,all,3.0,1.0,34.1762,51.7095,1115.61
20260504T020331353Z,evalPimNoiseCalibration,MH04/tangent,all_pim_combined_coarse,all,3.0,1.0,30.601,51.7095,1115.61
20260504T020331353Z,evalPimNoiseCalibration,MH05/quadrature,all_pim_combined_coarse,all,3.0,1.0,36.1423,51.7095,1115.61
20260504T020331353Z,evalPimNoiseCalibration,MH05/tangent,all_pim_combined_coarse,all,3.0,1.0,34.8077,51.7095,1115.61
20260504T020331353Z,evalPimNoiseCalibration,V101/quadrature,all_pim_combined_coarse,all,3.0,1.0,58.0071,51.7095,1115.61
20260504T020331353Z,evalPimNoiseCalibration,V101/tangent,all_pim_combined_coarse,all,3.0,1.0,56.3528,51.7095,1115.61
20260504T020331353Z,evalPimNoiseCalibration,V102/quadrature,all_pim_combined_coarse,all,3.0,1.0,36.5111,51.7095,1115.61
20260504T020331353Z,evalPimNoiseCalibration,V102/tangent,all_pim_combined_coarse,all,3.0,1.0,37.3165,51.7095,1115.61
20260504T020331353Z,evalPimNoiseCalibration,V103/quadrature,all_pim_combined_coarse,all,3.0,1.0,60.7959,51.7095,1115.61
20260504T020331353Z,evalPimNoiseCalibration,V103/tangent,all_pim_combined_coarse,all,3.0,1.0,60.6022,51.7095,1115.61
20260504T020331353Z,evalPimNoiseCalibration,V201/quadrature,all_pim_combined_coarse,all,3.0,1.0,66.441,51.7095,1115.61
20260504T020331353Z,evalPimNoiseCalibration,V201/tangent,all_pim_combined_coarse,all,3.0,1.0,67.5571,51.7095,1115.61
20260504T020331353Z,evalPimNoiseCalibration,V202/quadrature,all_pim_combined_coarse,all,3.0,1.0,80.0535,51.7095,1115.61
20260504T020331353Z,evalPimNoiseCalibration,V202/tangent,all_pim_combined_coarse,all,3.0,1.0,85.2378,51.7095,1115.61
20260504T020331353Z,evalPimNoiseCalibration,V203/quadrature,all_pim_combined_coarse,all,3.0,1.0,116.303,51.7095,1115.61
20260504T020331353Z,evalPimNoiseCalibration,V203/tangent,all_pim_combined_coarse,all,3.0,1.0,109.781,51.7095,1115.61
20260504T020331353Z,evalPimNoiseCalibration,MH01/quadrature,all_pim_combined_coarse,all,3.0,2.0,8.63332,16.5315,341.694
20260504T020331353Z,evalPimNoiseCalibration,MH01/tangent,all_pim_combined_coarse,all,3.0,2.0,8.3269,16.5315,341.694
20260504T020331353Z,evalPimNoiseCalibration,MH02/quadrature,all_pim_combined_coarse,all,3.0,2.0,7.05745,16.5315,341.694
20260504T020331353Z,evalPimNoiseCalibration,MH02/tangent,all_pim_combined_coarse,all,3.0,2.0,6.80696,16.5315,341.694
20260504T020331353Z,evalPimNoiseCalibration,MH03/quadrature,all_pim_combined_coarse,all,3.0,2.0,10.0784,16.5315,341.694
20260504T020331353Z,evalPimNoiseCalibration,MH03/tangent,all_pim_combined_coarse,all,3.0,2.0,10.665,16.5315,341.694
20260504T020331353Z,evalPimNoiseCalibration,MH04/quadrature,all_pim_combined_coarse,all,3.0,2.0,10.3589,16.5315,341.694
20260504T020331353Z,evalPimNoiseCalibration,MH04/tangent,all_pim_combined_coarse,all,3.0,2.0,9.37867,16.5315,341.694
20260504T020331353Z,evalPimNoiseCalibration,MH05/quadrature,all_pim_combined_coarse,all,3.0,2.0,10.9851,16.5315,341.694
20260504T020331353Z,evalPimNoiseCalibration,MH05/tangent,all_pim_combined_coarse,all,3.0,2.0,10.5228,16.5315,341.694
20260504T020331353Z,evalPimNoiseCalibration,V101/quadrature,all_pim_combined_coarse,all,3.0,2.0,20.3423,16.5315,341.694
20260504T020331353Z,evalPimNoiseCalibration,V101/tangent,all_pim_combined_coarse,all,3.0,2.0,20.2924,16.5315,341.694
20260504T020331353Z,evalPimNoiseCalibration,V102/quadrature,all_pim_combined_coarse,all,3.0,2.0,11.4232,16.5315,341.694
20260504T020331353Z,evalPimNoiseCalibration,V102/tangent,all_pim_combined_coarse,all,3.0,2.0,12.4928,16.5315,341.694
20260504T020331353Z,evalPimNoiseCalibration,V103/quadrature,all_pim_combined_coarse,all,3.0,2.0,18.752,16.5315,341.694
20260504T020331353Z,evalPimNoiseCalibration,V103/tangent,all_pim_combined_coarse,all,3.0,2.0,21.0285,16.5315,341.694
20260504T020331353Z,evalPimNoiseCalibration,V201/quadrature,all_pim_combined_coarse,all,3.0,2.0,18.585,16.5315,341.694
20260504T020331353Z,evalPimNoiseCalibration,V201/tangent,all_pim_combined_coarse,all,3.0,2.0,19.8428,16.5315,341.694
20260504T020331353Z,evalPimNoiseCalibration,V202/quadrature,all_pim_combined_coarse,all,3.0,2.0,23.1168,16.5315,341.694
20260504T020331353Z,evalPimNoiseCalibration,V202/tangent,all_pim_combined_coarse,all,3.0,2.0,27.2209,16.5315,341.694
20260504T020331353Z,evalPimNoiseCalibration,V203/quadrature,all_pim_combined_coarse,all,3.0,2.0,39.6418,16.5315,341.694
20260504T020331353Z,evalPimNoiseCalibration,V203/tangent,all_pim_combined_coarse,all,3.0,2.0,38.1416,16.5315,341.694
20260504T020331353Z,evalPimNoiseCalibration,MH01/quadrature,all_pim_combined_coarse,all,3.0,3.0,4.14277,8.84076,172.497
20260504T020331353Z,evalPimNoiseCalibration,MH01/tangent,all_pim_combined_coarse,all,3.0,3.0,4.47012,8.84076,172.497
20260504T020331353Z,evalPimNoiseCalibration,MH02/quadrature,all_pim_combined_coarse,all,3.0,3.0,3.35538,8.84076,172.497
20260504T020331353Z,evalPimNoiseCalibration,MH02/tangent,all_pim_combined_coarse,all,3.0,3.0,3.50529,8.84076,172.497
20260504T020331353Z,evalPimNoiseCalibration,MH03/quadrature,all_pim_combined_coarse,all,3.0,3.0,4.67473,8.84076,172.497
20260504T020331353Z,evalPimNoiseCalibration,MH03/tangent,all_pim_combined_coarse,all,3.0,3.0,5.6227,8.84076,172.497
20260504T020331353Z,evalPimNoiseCalibration,MH04/quadrature,all_pim_combined_coarse,all,3.0,3.0,4.89541,8.84076,172.497
20260504T020331353Z,evalPimNoiseCalibration,MH04/tangent,all_pim_combined_coarse,all,3.0,3.0,4.77992,8.84076,172.497
20260504T020331353Z,evalPimNoiseCalibration,MH05/quadrature,all_pim_combined_coarse,all,3.0,3.0,5.2257,8.84076,172.497
20260504T020331353Z,evalPimNoiseCalibration,MH05/tangent,all_pim_combined_coarse,all,3.0,3.0,5.3868,8.84076,172.497
20260504T020331353Z,evalPimNoiseCalibration,V101/quadrature,all_pim_combined_coarse,all,3.0,3.0,11.9117,8.84076,172.497
20260504T020331353Z,evalPimNoiseCalibration,V101/tangent,all_pim_combined_coarse,all,3.0,3.0,12.2179,8.84076,172.497
20260504T020331353Z,evalPimNoiseCalibration,V102/quadrature,all_pim_combined_coarse,all,3.0,3.0,5.59255,8.84076,172.497
20260504T020331353Z,evalPimNoiseCalibration,V102/tangent,all_pim_combined_coarse,all,3.0,3.0,6.76314,8.84076,172.497
20260504T020331353Z,evalPimNoiseCalibration,V103/quadrature,all_pim_combined_coarse,all,3.0,3.0,9.37361,8.84076,172.497
20260504T020331353Z,evalPimNoiseCalibration,V103/tangent,all_pim_combined_coarse,all,3.0,3.0,11.6824,8.84076,172.497
20260504T020331353Z,evalPimNoiseCalibration,V201/quadrature,all_pim_combined_coarse,all,3.0,3.0,8.94296,8.84076,172.497
20260504T020331353Z,evalPimNoiseCalibration,V201/tangent,all_pim_combined_coarse,all,3.0,3.0,10.0014,8.84076,172.497
20260504T020331353Z,evalPimNoiseCalibration,V202/quadrature,all_pim_combined_coarse,all,3.0,3.0,11.3431,8.84076,172.497
20260504T020331353Z,evalPimNoiseCalibration,V202/tangent,all_pim_combined_coarse,all,3.0,3.0,15.2253,8.84076,172.497
20260504T020331353Z,evalPimNoiseCalibration,V203/quadrature,all_pim_combined_coarse,all,3.0,3.0,23.8437,8.84076,172.497
20260504T020331353Z,evalPimNoiseCalibration,V203/tangent,all_pim_combined_coarse,all,3.0,3.0,21.5403,8.84076,172.497
20260504T020331353Z,evalPimNoiseCalibration,MH01/quadrature,all_pim_combined_coarse,all,3.0,5.0,1.6557,4.41424,75.1133
20260504T020331353Z,evalPimNoiseCalibration,MH01/tangent,all_pim_combined_coarse,all,3.0,5.0,2.19555,4.41424,75.1133
20260504T020331353Z,evalPimNoiseCalibration,MH02/quadrature,all_pim_combined_coarse,all,3.0,5.0,1.33454,4.41424,75.1133
20260504T020331353Z,evalPimNoiseCalibration,MH02/tangent,all_pim_combined_coarse,all,3.0,5.0,1.70283,4.41424,75.1133
20260504T020331353Z,evalPimNoiseCalibration,MH03/quadrature,all_pim_combined_coarse,all,3.0,5.0,1.91314,4.41424,75.1133
20260504T020331353Z,evalPimNoiseCalibration,MH03/tangent,all_pim_combined_coarse,all,3.0,5.0,2.87768,4.41424,75.1133
20260504T020331353Z,evalPimNoiseCalibration,MH04/quadrature,all_pim_combined_coarse,all,3.0,5.0,1.99637,4.41424,75.1133
20260504T020331353Z,evalPimNoiseCalibration,MH04/tangent,all_pim_combined_coarse,all,3.0,5.0,2.34635,4.41424,75.1133
20260504T020331353Z,evalPimNoiseCalibration,MH05/quadrature,all_pim_combined_coarse,all,3.0,5.0,2.08617,4.41424,75.1133
20260504T020331353Z,evalPimNoiseCalibration,MH05/tangent,all_pim_combined_coarse,all,3.0,5.0,2.37297,4.41424,75.1133
20260504T020331353Z,evalPimNoiseCalibration,V101/quadrature,all_pim_combined_coarse,all,3.0,5.0,6.54316,4.41424,75.1133
20260504T020331353Z,evalPimNoiseCalibration,V101/tangent,all_pim_combined_coarse,all,3.0,5.0,7.13434,4.41424,75.1133
20260504T020331353Z,evalPimNoiseCalibration,V102/quadrature,all_pim_combined_coarse,all,3.0,5.0,2.50721,4.41424,75.1133
20260504T020331353Z,evalPimNoiseCalibration,V102/tangent,all_pim_combined_coarse,all,3.0,5.0,3.44174,4.41424,75.1133
20260504T020331353Z,evalPimNoiseCalibration,V103/quadrature,all_pim_combined_coarse,all,3.0,5.0,4.16129,4.41424,75.1133
20260504T020331353Z,evalPimNoiseCalibration,V103/tangent,all_pim_combined_coarse,all,3.0,5.0,6.16245,4.41424,75.1133
20260504T020331353Z,evalPimNoiseCalibration,V201/quadrature,all_pim_combined_coarse,all,3.0,5.0,3.7954,4.41424,75.1133
20260504T020331353Z,evalPimNoiseCalibration,V201/tangent,all_pim_combined_coarse,all,3.0,5.0,4.74534,4.41424,75.1133
20260504T020331353Z,evalPimNoiseCalibration,V202/quadrature,all_pim_combined_coarse,all,3.0,5.0,5.02402,4.41424,75.1133
20260504T020331353Z,evalPimNoiseCalibration,V202/tangent,all_pim_combined_coarse,all,3.0,5.0,8.16169,4.41424,75.1133
20260504T020331353Z,evalPimNoiseCalibration,V203/quadrature,all_pim_combined_coarse,all,3.0,5.0,13.2638,4.41424,75.1133
20260504T020331353Z,evalPimNoiseCalibration,V203/tangent,all_pim_combined_coarse,all,3.0,5.0,11.6916,4.41424,75.1133
20260504T020331353Z,evalPimNoiseCalibration,MH01/quadrature,all_pim_combined_coarse,all,3.0,7.0,0.970262,3.1083,46.8596
20260504T020331353Z,evalPimNoiseCalibration,MH01/tangent,all_pim_combined_coarse,all,3.0,7.0,1.47374,3.1083,46.8596
20260504T020331353Z,evalPimNoiseCalibration,MH02/quadrature,all_pim_combined_coarse,all,3.0,7.0,0.791241,3.1083,46.8596
20260504T020331353Z,evalPimNoiseCalibration,MH02/tangent,all_pim_combined_coarse,all,3.0,7.0,1.10872,3.1083,46.8596
20260504T020331353Z,evalPimNoiseCalibration,MH03/quadrature,all_pim_combined_coarse,all,3.0,7.0,1.11038,3.1083,46.8596
20260504T020331353Z,evalPimNoiseCalibration,MH03/tangent,all_pim_combined_coarse,all,3.0,7.0,2.07722,3.1083,46.8596
20260504T020331353Z,evalPimNoiseCalibration,MH04/quadrature,all_pim_combined_coarse,all,3.0,7.0,1.15744,3.1083,46.8596
20260504T020331353Z,evalPimNoiseCalibration,MH04/tangent,all_pim_combined_coarse,all,3.0,7.0,1.54125,3.1083,46.8596
20260504T020331353Z,evalPimNoiseCalibration,MH05/quadrature,all_pim_combined_coarse,all,3.0,7.0,1.16521,3.1083,46.8596
20260504T020331353Z,evalPimNoiseCalibration,MH05/tangent,all_pim_combined_coarse,all,3.0,7.0,1.54995,3.1083,46.8596
20260504T020331353Z,evalPimNoiseCalibration,V101/quadrature,all_pim_combined_coarse,all,3.0,7.0,4.95101,3.1083,46.8596
20260504T020331353Z,evalPimNoiseCalibration,V101/tangent,all_pim_combined_coarse,all,3.0,7.0,5.67179,3.1083,46.8596
20260504T020331353Z,evalPimNoiseCalibration,V102/quadrature,all_pim_combined_coarse,all,3.0,7.0,1.59928,3.1083,46.8596
20260504T020331353Z,evalPimNoiseCalibration,V102/tangent,all_pim_combined_coarse,all,3.0,7.0,2.40105,3.1083,46.8596
20260504T020331353Z,evalPimNoiseCalibration,V103/quadrature,all_pim_combined_coarse,all,3.0,7.0,2.59546,3.1083,46.8596
20260504T020331353Z,evalPimNoiseCalibration,V103/tangent,all_pim_combined_coarse,all,3.0,7.0,4.38162,3.1083,46.8596
20260504T020331353Z,evalPimNoiseCalibration,V201/quadrature,all_pim_combined_coarse,all,3.0,7.0,2.31334,3.1083,46.8596
20260504T020331353Z,evalPimNoiseCalibration,V201/tangent,all_pim_combined_coarse,all,3.0,7.0,3.17329,3.1083,46.8596
20260504T020331353Z,evalPimNoiseCalibration,V202/quadrature,all_pim_combined_coarse,all,3.0,7.0,3.13133,3.1083,46.8596
20260504T020331353Z,evalPimNoiseCalibration,V202/tangent,all_pim_combined_coarse,all,3.0,7.0,5.74688,3.1083,46.8596
20260504T020331353Z,evalPimNoiseCalibration,V203/quadrature,all_pim_combined_coarse,all,3.0,7.0,10.5217,3.1083,46.8596
20260504T020331353Z,evalPimNoiseCalibration,V203/tangent,all_pim_combined_coarse,all,3.0,7.0,8.9504,3.1083,46.8596
20260504T020331353Z,evalPimNoiseCalibration,MH01/quadrature,all_pim_combined_coarse,all,3.0,10.0,0.5888,2.36185,34.1017
20260504T020331353Z,evalPimNoiseCalibration,MH01/tangent,all_pim_combined_coarse,all,3.0,10.0,1.05534,2.36185,34.1017
20260504T020331353Z,evalPimNoiseCalibration,MH02/quadrature,all_pim_combined_coarse,all,3.0,10.0,0.472275,2.36185,34.1017
20260504T020331353Z,evalPimNoiseCalibration,MH02/tangent,all_pim_combined_coarse,all,3.0,10.0,0.785967,2.36185,34.1017
20260504T020331353Z,evalPimNoiseCalibration,MH03/quadrature,all_pim_combined_coarse,all,3.0,10.0,0.667188,2.36185,34.1017
20260504T020331353Z,evalPimNoiseCalibration,MH03/tangent,all_pim_combined_coarse,all,3.0,10.0,1.53001,2.36185,34.1017
20260504T020331353Z,evalPimNoiseCalibration,MH04/quadrature,all_pim_combined_coarse,all,3.0,10.0,0.707358,2.36185,34.1017
20260504T020331353Z,evalPimNoiseCalibration,MH04/tangent,all_pim_combined_coarse,all,3.0,10.0,1.1508,2.36185,34.1017
20260504T020331353Z,evalPimNoiseCalibration,MH05/quadrature,all_pim_combined_coarse,all,3.0,10.0,0.707917,2.36185,34.1017
20260504T020331353Z,evalPimNoiseCalibration,MH05/tangent,all_pim_combined_coarse,all,3.0,10.0,1.01837,2.36185,34.1017
20260504T020331353Z,evalPimNoiseCalibration,V101/quadrature,all_pim_combined_coarse,all,3.0,10.0,3.99644,2.36185,34.1017
20260504T020331353Z,evalPimNoiseCalibration,V101/tangent,all_pim_combined_coarse,all,3.0,10.0,4.84231,2.36185,34.1017
20260504T020331353Z,evalPimNoiseCalibration,V102/quadrature,all_pim_combined_coarse,all,3.0,10.0,1.02408,2.36185,34.1017
20260504T020331353Z,evalPimNoiseCalibration,V102/tangent,all_pim_combined_coarse,all,3.0,10.0,1.73096,2.36185,34.1017
20260504T020331353Z,evalPimNoiseCalibration,V103/quadrature,all_pim_combined_coarse,all,3.0,10.0,1.68823,2.36185,34.1017
20260504T020331353Z,evalPimNoiseCalibration,V103/tangent,all_pim_combined_coarse,all,3.0,10.0,3.39956,2.36185,34.1017
20260504T020331353Z,evalPimNoiseCalibration,V201/quadrature,all_pim_combined_coarse,all,3.0,10.0,1.4574,2.36185,34.1017
20260504T020331353Z,evalPimNoiseCalibration,V201/tangent,all_pim_combined_coarse,all,3.0,10.0,2.20899,2.36185,34.1017
20260504T020331353Z,evalPimNoiseCalibration,V202/quadrature,all_pim_combined_coarse,all,3.0,10.0,2.0647,2.36185,34.1017
20260504T020331353Z,evalPimNoiseCalibration,V202/tangent,all_pim_combined_coarse,all,3.0,10.0,4.57249,2.36185,34.1017
20260504T020331353Z,evalPimNoiseCalibration,V203/quadrature,all_pim_combined_coarse,all,3.0,10.0,9.17254,2.36185,34.1017
20260504T020331353Z,evalPimNoiseCalibration,V203/tangent,all_pim_combined_coarse,all,3.0,10.0,7.11899,2.36185,34.1017
20260504T020331353Z,evalPimNoiseCalibration,MH01/quadrature,all_pim_combined_coarse,all,3.0,13.0,0.424543,2.05149,30.3719
20260504T020331353Z,evalPimNoiseCalibration,MH01/tangent,all_pim_combined_coarse,all,3.0,13.0,0.88275,2.05149,30.3719
20260504T020331353Z,evalPimNoiseCalibration,MH02/quadrature,all_pim_combined_coarse,all,3.0,13.0,0.331967,2.05149,30.3719
20260504T020331353Z,evalPimNoiseCalibration,MH02/tangent,all_pim_combined_coarse,all,3.0,13.0,0.632691,2.05149,30.3719
20260504T020331353Z,evalPimNoiseCalibration,MH03/quadrature,all_pim_combined_coarse,all,3.0,13.0,0.501034,2.05149,30.3719
20260504T020331353Z,evalPimNoiseCalibration,MH03/tangent,all_pim_combined_coarse,all,3.0,13.0,1.24026,2.05149,30.3719
20260504T020331353Z,evalPimNoiseCalibration,MH04/quadrature,all_pim_combined_coarse,all,3.0,13.0,0.510296,2.05149,30.3719
20260504T020331353Z,evalPimNoiseCalibration,MH04/tangent,all_pim_combined_coarse,all,3.0,13.0,0.950412,2.05149,30.3719
20260504T020331353Z,evalPimNoiseCalibration,MH05/quadrature,all_pim_combined_coarse,all,3.0,13.0,0.522723,2.05149,30.3719
20260504T020331353Z,evalPimNoiseCalibration,MH05/tangent,all_pim_combined_coarse,all,3.0,13.0,0.809611,2.05149,30.3719
20260504T020331353Z,evalPimNoiseCalibration,V101/quadrature,all_pim_combined_coarse,all,3.0,13.0,3.70143,2.05149,30.3719
20260504T020331353Z,evalPimNoiseCalibration,V101/tangent,all_pim_combined_coarse,all,3.0,13.0,4.48883,2.05149,30.3719
20260504T020331353Z,evalPimNoiseCalibration,V102/quadrature,all_pim_combined_coarse,all,3.0,13.0,0.814389,2.05149,30.3719
20260504T020331353Z,evalPimNoiseCalibration,V102/tangent,all_pim_combined_coarse,all,3.0,13.0,1.46033,2.05149,30.3719
20260504T020331353Z,evalPimNoiseCalibration,V103/quadrature,all_pim_combined_coarse,all,3.0,13.0,1.29312,2.05149,30.3719
20260504T020331353Z,evalPimNoiseCalibration,V103/tangent,all_pim_combined_coarse,all,3.0,13.0,2.84801,2.05149,30.3719
20260504T020331353Z,evalPimNoiseCalibration,V201/quadrature,all_pim_combined_coarse,all,3.0,13.0,1.13715,2.05149,30.3719
20260504T020331353Z,evalPimNoiseCalibration,V201/tangent,all_pim_combined_coarse,all,3.0,13.0,1.85243,2.05149,30.3719
20260504T020331353Z,evalPimNoiseCalibration,V202/quadrature,all_pim_combined_coarse,all,3.0,13.0,1.63057,2.05149,30.3719
20260504T020331353Z,evalPimNoiseCalibration,V202/tangent,all_pim_combined_coarse,all,3.0,13.0,4.08813,2.05149,30.3719
20260504T020331353Z,evalPimNoiseCalibration,V203/quadrature,all_pim_combined_coarse,all,3.0,13.0,8.60855,2.05149,30.3719
20260504T020331353Z,evalPimNoiseCalibration,V203/tangent,all_pim_combined_coarse,all,3.0,13.0,6.40345,2.05149,30.3719
20260504T020331353Z,evalPimNoiseCalibration,MH01/quadrature,all_pim_combined_coarse,all,5.0,0.5,78.2784,146.362,3197.96
20260504T020331353Z,evalPimNoiseCalibration,MH01/tangent,all_pim_combined_coarse,all,5.0,0.5,71.4864,146.362,3197.96
20260504T020331353Z,evalPimNoiseCalibration,MH02/quadrature,all_pim_combined_coarse,all,5.0,0.5,65.6933,146.362,3197.96
20260504T020331353Z,evalPimNoiseCalibration,MH02/tangent,all_pim_combined_coarse,all,5.0,0.5,59.1436,146.362,3197.96
20260504T020331353Z,evalPimNoiseCalibration,MH03/quadrature,all_pim_combined_coarse,all,5.0,0.5,102.651,146.362,3197.96
20260504T020331353Z,evalPimNoiseCalibration,MH03/tangent,all_pim_combined_coarse,all,5.0,0.5,91.5686,146.362,3197.96
20260504T020331353Z,evalPimNoiseCalibration,MH04/quadrature,all_pim_combined_coarse,all,5.0,0.5,98.7665,146.362,3197.96
20260504T020331353Z,evalPimNoiseCalibration,MH04/tangent,all_pim_combined_coarse,all,5.0,0.5,85.5956,146.362,3197.96
20260504T020331353Z,evalPimNoiseCalibration,MH05/quadrature,all_pim_combined_coarse,all,5.0,0.5,106.689,146.362,3197.96
20260504T020331353Z,evalPimNoiseCalibration,MH05/tangent,all_pim_combined_coarse,all,5.0,0.5,99.1813,146.362,3197.96
20260504T020331353Z,evalPimNoiseCalibration,V101/quadrature,all_pim_combined_coarse,all,5.0,0.5,159.869,146.362,3197.96
20260504T020331353Z,evalPimNoiseCalibration,V101/tangent,all_pim_combined_coarse,all,5.0,0.5,155.992,146.362,3197.96
20260504T020331353Z,evalPimNoiseCalibration,V102/quadrature,all_pim_combined_coarse,all,5.0,0.5,101.066,146.362,3197.96
20260504T020331353Z,evalPimNoiseCalibration,V102/tangent,all_pim_combined_coarse,all,5.0,0.5,100.783,146.362,3197.96
20260504T020331353Z,evalPimNoiseCalibration,V103/quadrature,all_pim_combined_coarse,all,5.0,0.5,171.236,146.362,3197.96
20260504T020331353Z,evalPimNoiseCalibration,V103/tangent,all_pim_combined_coarse,all,5.0,0.5,162.423,146.362,3197.96
20260504T020331353Z,evalPimNoiseCalibration,V201/quadrature,all_pim_combined_coarse,all,5.0,0.5,208.153,146.362,3197.96
20260504T020331353Z,evalPimNoiseCalibration,V201/tangent,all_pim_combined_coarse,all,5.0,0.5,202.992,146.362,3197.96
20260504T020331353Z,evalPimNoiseCalibration,V202/quadrature,all_pim_combined_coarse,all,5.0,0.5,241.701,146.362,3197.96
20260504T020331353Z,evalPimNoiseCalibration,V202/tangent,all_pim_combined_coarse,all,5.0,0.5,243.853,146.362,3197.96
20260504T020331353Z,evalPimNoiseCalibration,V203/quadrature,all_pim_combined_coarse,all,5.0,0.5,305.503,146.362,3197.96
20260504T020331353Z,evalPimNoiseCalibration,V203/tangent,all_pim_combined_coarse,all,5.0,0.5,307.335,146.362,3197.96
20260504T020331353Z,evalPimNoiseCalibration,MH01/quadrature,all_pim_combined_coarse,all,5.0,1.0,28.0295,48.6053,1047.32
20260504T020331353Z,evalPimNoiseCalibration,MH01/tangent,all_pim_combined_coarse,all,5.0,1.0,24.6529,48.6053,1047.32
20260504T020331353Z,evalPimNoiseCalibration,MH02/quadrature,all_pim_combined_coarse,all,5.0,1.0,23.0544,48.6053,1047.32
20260504T020331353Z,evalPimNoiseCalibration,MH02/tangent,all_pim_combined_coarse,all,5.0,1.0,21.2067,48.6053,1047.32
20260504T020331353Z,evalPimNoiseCalibration,MH03/quadrature,all_pim_combined_coarse,all,5.0,1.0,33.8225,48.6053,1047.32
20260504T020331353Z,evalPimNoiseCalibration,MH03/tangent,all_pim_combined_coarse,all,5.0,1.0,32.0864,48.6053,1047.32
20260504T020331353Z,evalPimNoiseCalibration,MH04/quadrature,all_pim_combined_coarse,all,5.0,1.0,33.8797,48.6053,1047.32
20260504T020331353Z,evalPimNoiseCalibration,MH04/tangent,all_pim_combined_coarse,all,5.0,1.0,29.6115,48.6053,1047.32
20260504T020331353Z,evalPimNoiseCalibration,MH05/quadrature,all_pim_combined_coarse,all,5.0,1.0,35.5095,48.6053,1047.32
20260504T020331353Z,evalPimNoiseCalibration,MH05/tangent,all_pim_combined_coarse,all,5.0,1.0,33.9184,48.6053,1047.32
20260504T020331353Z,evalPimNoiseCalibration,V101/quadrature,all_pim_combined_coarse,all,5.0,1.0,52.813,48.6053,1047.32
20260504T020331353Z,evalPimNoiseCalibration,V101/tangent,all_pim_combined_coarse,all,5.0,1.0,50.389,48.6053,1047.32
20260504T020331353Z,evalPimNoiseCalibration,V102/quadrature,all_pim_combined_coarse,all,5.0,1.0,35.9409,48.6053,1047.32
20260504T020331353Z,evalPimNoiseCalibration,V102/tangent,all_pim_combined_coarse,all,5.0,1.0,35.1664,48.6053,1047.32
20260504T020331353Z,evalPimNoiseCalibration,V103/quadrature,all_pim_combined_coarse,all,5.0,1.0,58.6379,48.6053,1047.32
20260504T020331353Z,evalPimNoiseCalibration,V103/tangent,all_pim_combined_coarse,all,5.0,1.0,57.4167,48.6053,1047.32
20260504T020331353Z,evalPimNoiseCalibration,V201/quadrature,all_pim_combined_coarse,all,5.0,1.0,64.0224,48.6053,1047.32
20260504T020331353Z,evalPimNoiseCalibration,V201/tangent,all_pim_combined_coarse,all,5.0,1.0,64.6853,48.6053,1047.32
20260504T020331353Z,evalPimNoiseCalibration,V202/quadrature,all_pim_combined_coarse,all,5.0,1.0,77.4075,48.6053,1047.32
20260504T020331353Z,evalPimNoiseCalibration,V202/tangent,all_pim_combined_coarse,all,5.0,1.0,78.4933,48.6053,1047.32
20260504T020331353Z,evalPimNoiseCalibration,V203/quadrature,all_pim_combined_coarse,all,5.0,1.0,101.976,48.6053,1047.32
20260504T020331353Z,evalPimNoiseCalibration,V203/tangent,all_pim_combined_coarse,all,5.0,1.0,96.5968,48.6053,1047.32
20260504T020331353Z,evalPimNoiseCalibration,MH01/quadrature,all_pim_combined_coarse,all,5.0,2.0,8.4755,14.8084,303.786
20260504T020331353Z,evalPimNoiseCalibration,MH01/tangent,all_pim_combined_coarse,all,5.0,2.0,7.74724,14.8084,303.786
20260504T020331353Z,evalPimNoiseCalibration,MH02/quadrature,all_pim_combined_coarse,all,5.0,2.0,6.97388,14.8084,303.786
20260504T020331353Z,evalPimNoiseCalibration,MH02/tangent,all_pim_combined_coarse,all,5.0,2.0,6.42448,14.8084,303.786
20260504T020331353Z,evalPimNoiseCalibration,MH03/quadrature,all_pim_combined_coarse,all,5.0,2.0,9.98269,14.8084,303.786
20260504T020331353Z,evalPimNoiseCalibration,MH03/tangent,all_pim_combined_coarse,all,5.0,2.0,9.68157,14.8084,303.786
20260504T020331353Z,evalPimNoiseCalibration,MH04/quadrature,all_pim_combined_coarse,all,5.0,2.0,10.195,14.8084,303.786
20260504T020331353Z,evalPimNoiseCalibration,MH04/tangent,all_pim_combined_coarse,all,5.0,2.0,9.03884,14.8084,303.786
20260504T020331353Z,evalPimNoiseCalibration,MH05/quadrature,all_pim_combined_coarse,all,5.0,2.0,10.6793,14.8084,303.786
20260504T020331353Z,evalPimNoiseCalibration,MH05/tangent,all_pim_combined_coarse,all,5.0,2.0,10.1112,14.8084,303.786
20260504T020331353Z,evalPimNoiseCalibration,V101/quadrature,all_pim_combined_coarse,all,5.0,2.0,16.3473,14.8084,303.786
20260504T020331353Z,evalPimNoiseCalibration,V101/tangent,all_pim_combined_coarse,all,5.0,2.0,15.8824,14.8084,303.786
20260504T020331353Z,evalPimNoiseCalibration,V102/quadrature,all_pim_combined_coarse,all,5.0,2.0,10.8218,14.8084,303.786
20260504T020331353Z,evalPimNoiseCalibration,V102/tangent,all_pim_combined_coarse,all,5.0,2.0,11.0898,14.8084,303.786
20260504T020331353Z,evalPimNoiseCalibration,V103/quadrature,all_pim_combined_coarse,all,5.0,2.0,18.1393,14.8084,303.786
20260504T020331353Z,evalPimNoiseCalibration,V103/tangent,all_pim_combined_coarse,all,5.0,2.0,17.9524,14.8084,303.786
20260504T020331353Z,evalPimNoiseCalibration,V201/quadrature,all_pim_combined_coarse,all,5.0,2.0,17.8879,14.8084,303.786
20260504T020331353Z,evalPimNoiseCalibration,V201/tangent,all_pim_combined_coarse,all,5.0,2.0,18.717,14.8084,303.786
20260504T020331353Z,evalPimNoiseCalibration,V202/quadrature,all_pim_combined_coarse,all,5.0,2.0,22.0304,14.8084,303.786
20260504T020331353Z,evalPimNoiseCalibration,V202/tangent,all_pim_combined_coarse,all,5.0,2.0,23.7858,14.8084,303.786
20260504T020331353Z,evalPimNoiseCalibration,V203/quadrature,all_pim_combined_coarse,all,5.0,2.0,33.1899,14.8084,303.786
20260504T020331353Z,evalPimNoiseCalibration,V203/tangent,all_pim_combined_coarse,all,5.0,2.0,30.6322,14.8084,303.786
20260504T020331353Z,evalPimNoiseCalibration,MH01/quadrature,all_pim_combined_coarse,all,5.0,3.0,4.01838,7.32855,139.228
20260504T020331353Z,evalPimNoiseCalibration,MH01/tangent,all_pim_combined_coarse,all,5.0,3.0,3.83701,7.32855,139.228
20260504T020331353Z,evalPimNoiseCalibration,MH02/quadrature,all_pim_combined_coarse,all,5.0,3.0,3.26824,7.32855,139.228
20260504T020331353Z,evalPimNoiseCalibration,MH02/tangent,all_pim_combined_coarse,all,5.0,3.0,3.09336,7.32855,139.228
20260504T020331353Z,evalPimNoiseCalibration,MH03/quadrature,all_pim_combined_coarse,all,5.0,3.0,4.57944,7.32855,139.228
20260504T020331353Z,evalPimNoiseCalibration,MH03/tangent,all_pim_combined_coarse,all,5.0,3.0,4.78027,7.32855,139.228
20260504T020331353Z,evalPimNoiseCalibration,MH04/quadrature,all_pim_combined_coarse,all,5.0,3.0,4.82196,7.32855,139.228
20260504T020331353Z,evalPimNoiseCalibration,MH04/tangent,all_pim_combined_coarse,all,5.0,3.0,4.32446,7.32855,139.228
20260504T020331353Z,evalPimNoiseCalibration,MH05/quadrature,all_pim_combined_coarse,all,5.0,3.0,4.99688,7.32855,139.228
20260504T020331353Z,evalPimNoiseCalibration,MH05/tangent,all_pim_combined_coarse,all,5.0,3.0,4.8341,7.32855,139.228
20260504T020331353Z,evalPimNoiseCalibration,V101/quadrature,all_pim_combined_coarse,all,5.0,3.0,8.74866,7.32855,139.228
20260504T020331353Z,evalPimNoiseCalibration,V101/tangent,all_pim_combined_coarse,all,5.0,3.0,8.50841,7.32855,139.228
20260504T020331353Z,evalPimNoiseCalibration,V102/quadrature,all_pim_combined_coarse,all,5.0,3.0,5.18563,7.32855,139.228
20260504T020331353Z,evalPimNoiseCalibration,V102/tangent,all_pim_combined_coarse,all,5.0,3.0,5.55984,7.32855,139.228
20260504T020331353Z,evalPimNoiseCalibration,V103/quadrature,all_pim_combined_coarse,all,5.0,3.0,8.69894,7.32855,139.228
20260504T020331353Z,evalPimNoiseCalibration,V103/tangent,all_pim_combined_coarse,all,5.0,3.0,9.14648,7.32855,139.228
20260504T020331353Z,evalPimNoiseCalibration,V201/quadrature,all_pim_combined_coarse,all,5.0,3.0,8.33562,7.32855,139.228
20260504T020331353Z,evalPimNoiseCalibration,V201/tangent,all_pim_combined_coarse,all,5.0,3.0,8.89006,7.32855,139.228
20260504T020331353Z,evalPimNoiseCalibration,V202/quadrature,all_pim_combined_coarse,all,5.0,3.0,10.3329,7.32855,139.228
20260504T020331353Z,evalPimNoiseCalibration,V202/tangent,all_pim_combined_coarse,all,5.0,3.0,11.898,7.32855,139.228
20260504T020331353Z,evalPimNoiseCalibration,V203/quadrature,all_pim_combined_coarse,all,5.0,3.0,17.0132,7.32855,139.228
20260504T020331353Z,evalPimNoiseCalibration,V203/tangent,all_pim_combined_coarse,all,5.0,3.0,16.3562,7.32855,139.228
20260504T020331353Z,evalPimNoiseCalibration,MH01/quadrature,all_pim_combined_coarse,all,5.0,5.0,1.54232,3.22398,48.9276
20260504T020331353Z,evalPimNoiseCalibration,MH01/tangent,all_pim_combined_coarse,all,5.0,5.0,1.66252,3.22398,48.9276
20260504T020331353Z,evalPimNoiseCalibration,MH02/quadrature,all_pim_combined_coarse,all,5.0,5.0,1.23309,3.22398,48.9276
20260504T020331353Z,evalPimNoiseCalibration,MH02/tangent,all_pim_combined_coarse,all,5.0,5.0,1.29194,3.22398,48.9276
20260504T020331353Z,evalPimNoiseCalibration,MH03/quadrature,all_pim_combined_coarse,all,5.0,5.0,1.72159,3.22398,48.9276
20260504T020331353Z,evalPimNoiseCalibration,MH03/tangent,all_pim_combined_coarse,all,5.0,5.0,2.04631,3.22398,48.9276
20260504T020331353Z,evalPimNoiseCalibration,MH04/quadrature,all_pim_combined_coarse,all,5.0,5.0,1.80712,3.22398,48.9276
20260504T020331353Z,evalPimNoiseCalibration,MH04/tangent,all_pim_combined_coarse,all,5.0,5.0,1.75518,3.22398,48.9276
20260504T020331353Z,evalPimNoiseCalibration,MH05/quadrature,all_pim_combined_coarse,all,5.0,5.0,1.92368,3.22398,48.9276
20260504T020331353Z,evalPimNoiseCalibration,MH05/tangent,all_pim_combined_coarse,all,5.0,5.0,1.95999,3.22398,48.9276
20260504T020331353Z,evalPimNoiseCalibration,V101/quadrature,all_pim_combined_coarse,all,5.0,5.0,4.31222,3.22398,48.9276
20260504T020331353Z,evalPimNoiseCalibration,V101/tangent,all_pim_combined_coarse,all,5.0,5.0,4.44465,3.22398,48.9276
20260504T020331353Z,evalPimNoiseCalibration,V102/quadrature,all_pim_combined_coarse,all,5.0,5.0,2.06749,3.22398,48.9276
20260504T020331353Z,evalPimNoiseCalibration,V102/tangent,all_pim_combined_coarse,all,5.0,5.0,2.47189,3.22398,48.9276
20260504T020331353Z,evalPimNoiseCalibration,V103/quadrature,all_pim_combined_coarse,all,5.0,5.0,3.42969,3.22398,48.9276
20260504T020331353Z,evalPimNoiseCalibration,V103/tangent,all_pim_combined_coarse,all,5.0,5.0,4.27467,3.22398,48.9276
20260504T020331353Z,evalPimNoiseCalibration,V201/quadrature,all_pim_combined_coarse,all,5.0,5.0,3.22825,3.22398,48.9276
20260504T020331353Z,evalPimNoiseCalibration,V201/tangent,all_pim_combined_coarse,all,5.0,5.0,3.62969,3.22398,48.9276
20260504T020331353Z,evalPimNoiseCalibration,V202/quadrature,all_pim_combined_coarse,all,5.0,5.0,4.13728,3.22398,48.9276
20260504T020331353Z,evalPimNoiseCalibration,V202/tangent,all_pim_combined_coarse,all,5.0,5.0,5.5452,3.22398,48.9276
20260504T020331353Z,evalPimNoiseCalibration,V203/quadrature,all_pim_combined_coarse,all,5.0,5.0,8.63356,3.22398,48.9276
20260504T020331353Z,evalPimNoiseCalibration,V203/tangent,all_pim_combined_coarse,all,5.0,5.0,7.80927,3.22398,48.9276
20260504T020331353Z,evalPimNoiseCalibration,MH01/quadrature,all_pim_combined_coarse,all,5.0,7.0,0.827736,1.98373,23.3121
20260504T020331353Z,evalPimNoiseCalibration,MH01/tangent,all_pim_combined_coarse,all,5.0,7.0,1.01258,1.98373,23.3121
20260504T020331353Z,evalPimNoiseCalibration,MH02/quadrature,all_pim_combined_coarse,all,5.0,7.0,0.658384,1.98373,23.3121
20260504T020331353Z,evalPimNoiseCalibration,MH02/tangent,all_pim_combined_coarse,all,5.0,7.0,0.777227,1.98373,23.3121
20260504T020331353Z,evalPimNoiseCalibration,MH03/quadrature,all_pim_combined_coarse,all,5.0,7.0,0.927702,1.98373,23.3121
20260504T020331353Z,evalPimNoiseCalibration,MH03/tangent,all_pim_combined_coarse,all,5.0,7.0,1.26832,1.98373,23.3121
20260504T020331353Z,evalPimNoiseCalibration,MH04/quadrature,all_pim_combined_coarse,all,5.0,7.0,0.973914,1.98373,23.3121
20260504T020331353Z,evalPimNoiseCalibration,MH04/tangent,all_pim_combined_coarse,all,5.0,7.0,1.06658,1.98373,23.3121
20260504T020331353Z,evalPimNoiseCalibration,MH05/quadrature,all_pim_combined_coarse,all,5.0,7.0,1.03518,1.98373,23.3121
20260504T020331353Z,evalPimNoiseCalibration,MH05/tangent,all_pim_combined_coarse,all,5.0,7.0,1.12442,1.98373,23.3121
20260504T020331353Z,evalPimNoiseCalibration,V101/quadrature,all_pim_combined_coarse,all,5.0,7.0,2.83149,1.98373,23.3121
20260504T020331353Z,evalPimNoiseCalibration,V101/tangent,all_pim_combined_coarse,all,5.0,7.0,3.05687,1.98373,23.3121
20260504T020331353Z,evalPimNoiseCalibration,V102/quadrature,all_pim_combined_coarse,all,5.0,7.0,1.15727,1.98373,23.3121
20260504T020331353Z,evalPimNoiseCalibration,V102/tangent,all_pim_combined_coarse,all,5.0,7.0,1.56831,1.98373,23.3121
20260504T020331353Z,evalPimNoiseCalibration,V103/quadrature,all_pim_combined_coarse,all,5.0,7.0,1.97059,1.98373,23.3121
20260504T020331353Z,evalPimNoiseCalibration,V103/tangent,all_pim_combined_coarse,all,5.0,7.0,2.73429,1.98373,23.3121
20260504T020331353Z,evalPimNoiseCalibration,V201/quadrature,all_pim_combined_coarse,all,5.0,7.0,1.79639,1.98373,23.3121
20260504T020331353Z,evalPimNoiseCalibration,V201/tangent,all_pim_combined_coarse,all,5.0,7.0,2.19622,1.98373,23.3121
20260504T020331353Z,evalPimNoiseCalibration,V202/quadrature,all_pim_combined_coarse,all,5.0,7.0,2.37035,1.98373,23.3121
20260504T020331353Z,evalPimNoiseCalibration,V202/tangent,all_pim_combined_coarse,all,5.0,7.0,3.50958,1.98373,23.3121
20260504T020331353Z,evalPimNoiseCalibration,V203/quadrature,all_pim_combined_coarse,all,5.0,7.0,5.63473,1.98373,23.3121
20260504T020331353Z,evalPimNoiseCalibration,V203/tangent,all_pim_combined_coarse,all,5.0,7.0,5.1439,1.98373,23.3121
20260504T020331353Z,evalPimNoiseCalibration,MH01/quadrature,all_pim_combined_coarse,all,5.0,10.0,0.442908,1.30066,15.744
20260504T020331353Z,evalPimNoiseCalibration,MH01/tangent,all_pim_combined_coarse,all,5.0,10.0,0.621238,1.30066,15.744
20260504T020331353Z,evalPimNoiseCalibration,MH02/quadrature,all_pim_combined_coarse,all,5.0,10.0,0.361763,1.30066,15.744
20260504T020331353Z,evalPimNoiseCalibration,MH02/tangent,all_pim_combined_coarse,all,5.0,10.0,0.491622,1.30066,15.744
20260504T020331353Z,evalPimNoiseCalibration,MH03/quadrature,all_pim_combined_coarse,all,5.0,10.0,0.506134,1.30066,15.744
20260504T020331353Z,evalPimNoiseCalibration,MH03/tangent,all_pim_combined_coarse,all,5.0,10.0,0.872993,1.30066,15.744
20260504T020331353Z,evalPimNoiseCalibration,MH04/quadrature,all_pim_combined_coarse,all,5.0,10.0,0.536803,1.30066,15.744
20260504T020331353Z,evalPimNoiseCalibration,MH04/tangent,all_pim_combined_coarse,all,5.0,10.0,0.666817,1.30066,15.744
20260504T020331353Z,evalPimNoiseCalibration,MH05/quadrature,all_pim_combined_coarse,all,5.0,10.0,0.550869,1.30066,15.744
20260504T020331353Z,evalPimNoiseCalibration,MH05/tangent,all_pim_combined_coarse,all,5.0,10.0,0.670612,1.30066,15.744
20260504T020331353Z,evalPimNoiseCalibration,V101/quadrature,all_pim_combined_coarse,all,5.0,10.0,1.99716,1.30066,15.744
20260504T020331353Z,evalPimNoiseCalibration,V101/tangent,all_pim_combined_coarse,all,5.0,10.0,2.22959,1.30066,15.744
20260504T020331353Z,evalPimNoiseCalibration,V102/quadrature,all_pim_combined_coarse,all,5.0,10.0,0.713517,1.30066,15.744
20260504T020331353Z,evalPimNoiseCalibration,V102/tangent,all_pim_combined_coarse,all,5.0,10.0,1.00682,1.30066,15.744
20260504T020331353Z,evalPimNoiseCalibration,V103/quadrature,all_pim_combined_coarse,all,5.0,10.0,1.16541,1.30066,15.744
20260504T020331353Z,evalPimNoiseCalibration,V103/tangent,all_pim_combined_coarse,all,5.0,10.0,1.80754,1.30066,15.744
20260504T020331353Z,evalPimNoiseCalibration,V201/quadrature,all_pim_combined_coarse,all,5.0,10.0,1.03798,1.30066,15.744
20260504T020331353Z,evalPimNoiseCalibration,V201/tangent,all_pim_combined_coarse,all,5.0,10.0,1.36861,1.30066,15.744
20260504T020331353Z,evalPimNoiseCalibration,V202/quadrature,all_pim_combined_coarse,all,5.0,10.0,1.38146,1.30066,15.744
20260504T020331353Z,evalPimNoiseCalibration,V202/tangent,all_pim_combined_coarse,all,5.0,10.0,2.42492,1.30066,15.744
20260504T020331353Z,evalPimNoiseCalibration,V203/quadrature,all_pim_combined_coarse,all,5.0,10.0,4.18325,1.30066,15.744
20260504T020331353Z,evalPimNoiseCalibration,V203/tangent,all_pim_combined_coarse,all,5.0,10.0,3.57653,1.30066,15.744
20260504T020331353Z,evalPimNoiseCalibration,MH01/quadrature,all_pim_combined_coarse,all,5.0,13.0,0.296629,1.02042,14.6318
20260504T020331353Z,evalPimNoiseCalibration,MH01/tangent,all_pim_combined_coarse,all,5.0,13.0,0.46923,1.02042,14.6318
20260504T020331353Z,evalPimNoiseCalibration,MH02/quadrature,all_pim_combined_coarse,all,5.0,13.0,0.246641,1.02042,14.6318
20260504T020331353Z,evalPimNoiseCalibration,MH02/tangent,all_pim_combined_coarse,all,5.0,13.0,0.361237,1.02042,14.6318
20260504T020331353Z,evalPimNoiseCalibration,MH03/quadrature,all_pim_combined_coarse,all,5.0,13.0,0.34187,1.02042,14.6318
20260504T020331353Z,evalPimNoiseCalibration,MH03/tangent,all_pim_combined_coarse,all,5.0,13.0,0.69209,1.02042,14.6318
20260504T020331353Z,evalPimNoiseCalibration,MH04/quadrature,all_pim_combined_coarse,all,5.0,13.0,0.354751,1.02042,14.6318
20260504T020331353Z,evalPimNoiseCalibration,MH04/tangent,all_pim_combined_coarse,all,5.0,13.0,0.501001,1.02042,14.6318
20260504T020331353Z,evalPimNoiseCalibration,MH05/quadrature,all_pim_combined_coarse,all,5.0,13.0,0.355552,1.02042,14.6318
20260504T020331353Z,evalPimNoiseCalibration,MH05/tangent,all_pim_combined_coarse,all,5.0,13.0,0.49125,1.02042,14.6318
20260504T020331353Z,evalPimNoiseCalibration,V101/quadrature,all_pim_combined_coarse,all,5.0,13.0,1.64354,1.02042,14.6318
20260504T020331353Z,evalPimNoiseCalibration,V101/tangent,all_pim_combined_coarse,all,5.0,13.0,1.91784,1.02042,14.6318
20260504T020331353Z,evalPimNoiseCalibration,V102/quadrature,all_pim_combined_coarse,all,5.0,13.0,0.496926,1.02042,14.6318
20260504T020331353Z,evalPimNoiseCalibration,V102/tangent,all_pim_combined_coarse,all,5.0,13.0,0.766101,1.02042,14.6318
20260504T020331353Z,evalPimNoiseCalibration,V103/quadrature,all_pim_combined_coarse,all,5.0,13.0,0.815463,1.02042,14.6318
20260504T020331353Z,evalPimNoiseCalibration,V103/tangent,all_pim_combined_coarse,all,5.0,13.0,1.43814,1.02042,14.6318
20260504T020331353Z,evalPimNoiseCalibration,V201/quadrature,all_pim_combined_coarse,all,5.0,13.0,0.728469,1.02042,14.6318
20260504T020331353Z,evalPimNoiseCalibration,V201/tangent,all_pim_combined_coarse,all,5.0,13.0,1.00315,1.02042,14.6318
20260504T020331353Z,evalPimNoiseCalibration,V202/quadrature,all_pim_combined_coarse,all,5.0,13.0,0.991537,1.02042,14.6318
20260504T020331353Z,evalPimNoiseCalibration,V202/tangent,all_pim_combined_coarse,all,5.0,13.0,1.92947,1.02042,14.6318
20260504T020331353Z,evalPimNoiseCalibration,V203/quadrature,all_pim_combined_coarse,all,5.0,13.0,3.61952,1.02042,14.6318
20260504T020331353Z,evalPimNoiseCalibration,V203/tangent,all_pim_combined_coarse,all,5.0,13.0,2.98884,1.02042,14.6318
20260504T020331353Z,evalPimNoiseCalibration,MH01/quadrature,all_pim_combined_coarse,all,7.0,0.5,73.7195,132.716,2897.75
20260504T020331353Z,evalPimNoiseCalibration,MH01/tangent,all_pim_combined_coarse,all,7.0,0.5,65.7207,132.716,2897.75
20260504T020331353Z,evalPimNoiseCalibration,MH02/quadrature,all_pim_combined_coarse,all,7.0,0.5,62.2553,132.716,2897.75
20260504T020331353Z,evalPimNoiseCalibration,MH02/tangent,all_pim_combined_coarse,all,7.0,0.5,54.9341,132.716,2897.75
20260504T020331353Z,evalPimNoiseCalibration,MH03/quadrature,all_pim_combined_coarse,all,7.0,0.5,95.8435,132.716,2897.75
20260504T020331353Z,evalPimNoiseCalibration,MH03/tangent,all_pim_combined_coarse,all,7.0,0.5,86.8664,132.716,2897.75
20260504T020331353Z,evalPimNoiseCalibration,MH04/quadrature,all_pim_combined_coarse,all,7.0,0.5,92.0132,132.716,2897.75
20260504T020331353Z,evalPimNoiseCalibration,MH04/tangent,all_pim_combined_coarse,all,7.0,0.5,81.0068,132.716,2897.75
20260504T020331353Z,evalPimNoiseCalibration,MH05/quadrature,all_pim_combined_coarse,all,7.0,0.5,99.1465,132.716,2897.75
20260504T020331353Z,evalPimNoiseCalibration,MH05/tangent,all_pim_combined_coarse,all,7.0,0.5,91.7289,132.716,2897.75
20260504T020331353Z,evalPimNoiseCalibration,V101/quadrature,all_pim_combined_coarse,all,7.0,0.5,145.055,132.716,2897.75
20260504T020331353Z,evalPimNoiseCalibration,V101/tangent,all_pim_combined_coarse,all,7.0,0.5,140.017,132.716,2897.75
20260504T020331353Z,evalPimNoiseCalibration,V102/quadrature,all_pim_combined_coarse,all,7.0,0.5,94.3697,132.716,2897.75
20260504T020331353Z,evalPimNoiseCalibration,V102/tangent,all_pim_combined_coarse,all,7.0,0.5,94.2302,132.716,2897.75
20260504T020331353Z,evalPimNoiseCalibration,V103/quadrature,all_pim_combined_coarse,all,7.0,0.5,161.468,132.716,2897.75
20260504T020331353Z,evalPimNoiseCalibration,V103/tangent,all_pim_combined_coarse,all,7.0,0.5,150.642,132.716,2897.75
20260504T020331353Z,evalPimNoiseCalibration,V201/quadrature,all_pim_combined_coarse,all,7.0,0.5,183.95,132.716,2897.75
20260504T020331353Z,evalPimNoiseCalibration,V201/tangent,all_pim_combined_coarse,all,7.0,0.5,179.842,132.716,2897.75
20260504T020331353Z,evalPimNoiseCalibration,V202/quadrature,all_pim_combined_coarse,all,7.0,0.5,214.244,132.716,2897.75
20260504T020331353Z,evalPimNoiseCalibration,V202/tangent,all_pim_combined_coarse,all,7.0,0.5,216.117,132.716,2897.75
20260504T020331353Z,evalPimNoiseCalibration,V203/quadrature,all_pim_combined_coarse,all,7.0,0.5,264.187,132.716,2897.75
20260504T020331353Z,evalPimNoiseCalibration,V203/tangent,all_pim_combined_coarse,all,7.0,0.5,272.388,132.716,2897.75
20260504T020331353Z,evalPimNoiseCalibration,MH01/quadrature,all_pim_combined_coarse,all,7.0,1.0,27.3729,46.6265,1003.78
20260504T020331353Z,evalPimNoiseCalibration,MH01/tangent,all_pim_combined_coarse,all,7.0,1.0,24.0326,46.6265,1003.78
20260504T020331353Z,evalPimNoiseCalibration,MH02/quadrature,all_pim_combined_coarse,all,7.0,1.0,22.7036,46.6265,1003.78
20260504T020331353Z,evalPimNoiseCalibration,MH02/tangent,all_pim_combined_coarse,all,7.0,1.0,20.744,46.6265,1003.78
20260504T020331353Z,evalPimNoiseCalibration,MH03/quadrature,all_pim_combined_coarse,all,7.0,1.0,33.2425,46.6265,1003.78
20260504T020331353Z,evalPimNoiseCalibration,MH03/tangent,all_pim_combined_coarse,all,7.0,1.0,31.6321,46.6265,1003.78
20260504T020331353Z,evalPimNoiseCalibration,MH04/quadrature,all_pim_combined_coarse,all,7.0,1.0,33.4179,46.6265,1003.78
20260504T020331353Z,evalPimNoiseCalibration,MH04/tangent,all_pim_combined_coarse,all,7.0,1.0,29.0754,46.6265,1003.78
20260504T020331353Z,evalPimNoiseCalibration,MH05/quadrature,all_pim_combined_coarse,all,7.0,1.0,35.2415,46.6265,1003.78
20260504T020331353Z,evalPimNoiseCalibration,MH05/tangent,all_pim_combined_coarse,all,7.0,1.0,32.994,46.6265,1003.78
20260504T020331353Z,evalPimNoiseCalibration,V101/quadrature,all_pim_combined_coarse,all,7.0,1.0,50.1364,46.6265,1003.78
20260504T020331353Z,evalPimNoiseCalibration,V101/tangent,all_pim_combined_coarse,all,7.0,1.0,47.7859,46.6265,1003.78
20260504T020331353Z,evalPimNoiseCalibration,V102/quadrature,all_pim_combined_coarse,all,7.0,1.0,35.1719,46.6265,1003.78
20260504T020331353Z,evalPimNoiseCalibration,V102/tangent,all_pim_combined_coarse,all,7.0,1.0,34.0946,46.6265,1003.78
20260504T020331353Z,evalPimNoiseCalibration,V103/quadrature,all_pim_combined_coarse,all,7.0,1.0,57.0364,46.6265,1003.78
20260504T020331353Z,evalPimNoiseCalibration,V103/tangent,all_pim_combined_coarse,all,7.0,1.0,55.9009,46.6265,1003.78
20260504T020331353Z,evalPimNoiseCalibration,V201/quadrature,all_pim_combined_coarse,all,7.0,1.0,61.2656,46.6265,1003.78
20260504T020331353Z,evalPimNoiseCalibration,V201/tangent,all_pim_combined_coarse,all,7.0,1.0,62.0351,46.6265,1003.78
20260504T020331353Z,evalPimNoiseCalibration,V202/quadrature,all_pim_combined_coarse,all,7.0,1.0,74.3141,46.6265,1003.78
20260504T020331353Z,evalPimNoiseCalibration,V202/tangent,all_pim_combined_coarse,all,7.0,1.0,74.0726,46.6265,1003.78
20260504T020331353Z,evalPimNoiseCalibration,V203/quadrature,all_pim_combined_coarse,all,7.0,1.0,93.1321,46.6265,1003.78
20260504T020331353Z,evalPimNoiseCalibration,V203/tangent,all_pim_combined_coarse,all,7.0,1.0,90.3812,46.6265,1003.78
20260504T020331353Z,evalPimNoiseCalibration,MH01/quadrature,all_pim_combined_coarse,all,7.0,2.0,8.43569,14.0844,287.856
20260504T020331353Z,evalPimNoiseCalibration,MH01/tangent,all_pim_combined_coarse,all,7.0,2.0,7.46309,14.0844,287.856
20260504T020331353Z,evalPimNoiseCalibration,MH02/quadrature,all_pim_combined_coarse,all,7.0,2.0,6.91005,14.0844,287.856
20260504T020331353Z,evalPimNoiseCalibration,MH02/tangent,all_pim_combined_coarse,all,7.0,2.0,6.30639,14.0844,287.856
20260504T020331353Z,evalPimNoiseCalibration,MH03/quadrature,all_pim_combined_coarse,all,7.0,2.0,9.87687,14.0844,287.856
20260504T020331353Z,evalPimNoiseCalibration,MH03/tangent,all_pim_combined_coarse,all,7.0,2.0,9.37461,14.0844,287.856
20260504T020331353Z,evalPimNoiseCalibration,MH04/quadrature,all_pim_combined_coarse,all,7.0,2.0,10.1559,14.0844,287.856
20260504T020331353Z,evalPimNoiseCalibration,MH04/tangent,all_pim_combined_coarse,all,7.0,2.0,8.89842,14.0844,287.856
20260504T020331353Z,evalPimNoiseCalibration,MH05/quadrature,all_pim_combined_coarse,all,7.0,2.0,10.5555,14.0844,287.856
20260504T020331353Z,evalPimNoiseCalibration,MH05/tangent,all_pim_combined_coarse,all,7.0,2.0,9.8875,14.0844,287.856
20260504T020331353Z,evalPimNoiseCalibration,V101/quadrature,all_pim_combined_coarse,all,7.0,2.0,15.2315,14.0844,287.856
20260504T020331353Z,evalPimNoiseCalibration,V101/tangent,all_pim_combined_coarse,all,7.0,2.0,14.6302,14.0844,287.856
20260504T020331353Z,evalPimNoiseCalibration,V102/quadrature,all_pim_combined_coarse,all,7.0,2.0,10.6161,14.0844,287.856
20260504T020331353Z,evalPimNoiseCalibration,V102/tangent,all_pim_combined_coarse,all,7.0,2.0,10.574,14.0844,287.856
20260504T020331353Z,evalPimNoiseCalibration,V103/quadrature,all_pim_combined_coarse,all,7.0,2.0,17.8178,14.0844,287.856
20260504T020331353Z,evalPimNoiseCalibration,V103/tangent,all_pim_combined_coarse,all,7.0,2.0,17.192,14.0844,287.856
20260504T020331353Z,evalPimNoiseCalibration,V201/quadrature,all_pim_combined_coarse,all,7.0,2.0,17.524,14.0844,287.856
20260504T020331353Z,evalPimNoiseCalibration,V201/tangent,all_pim_combined_coarse,all,7.0,2.0,18.1852,14.0844,287.856
20260504T020331353Z,evalPimNoiseCalibration,V202/quadrature,all_pim_combined_coarse,all,7.0,2.0,21.4603,14.0844,287.856
20260504T020331353Z,evalPimNoiseCalibration,V202/tangent,all_pim_combined_coarse,all,7.0,2.0,22.0358,14.0844,287.856
20260504T020331353Z,evalPimNoiseCalibration,V203/quadrature,all_pim_combined_coarse,all,7.0,2.0,29.1477,14.0844,287.856
20260504T020331353Z,evalPimNoiseCalibration,V203/tangent,all_pim_combined_coarse,all,7.0,2.0,27.5778,14.0844,287.856
20260504T020331353Z,evalPimNoiseCalibration,MH01/quadrature,all_pim_combined_coarse,all,7.0,3.0,3.96337,6.84768,128.649
20260504T020331353Z,evalPimNoiseCalibration,MH01/tangent,all_pim_combined_coarse,all,7.0,3.0,3.62109,6.84768,128.649
20260504T020331353Z,evalPimNoiseCalibration,MH02/quadrature,all_pim_combined_coarse,all,7.0,3.0,3.23721,6.84768,128.649
20260504T020331353Z,evalPimNoiseCalibration,MH02/tangent,all_pim_combined_coarse,all,7.0,3.0,2.97407,6.84768,128.649
20260504T020331353Z,evalPimNoiseCalibration,MH03/quadrature,all_pim_combined_coarse,all,7.0,3.0,4.55102,6.84768,128.649
20260504T020331353Z,evalPimNoiseCalibration,MH03/tangent,all_pim_combined_coarse,all,7.0,3.0,4.459,6.84768,128.649
20260504T020331353Z,evalPimNoiseCalibration,MH04/quadrature,all_pim_combined_coarse,all,7.0,3.0,4.80912,6.84768,128.649
20260504T020331353Z,evalPimNoiseCalibration,MH04/tangent,all_pim_combined_coarse,all,7.0,3.0,4.19716,6.84768,128.649
20260504T020331353Z,evalPimNoiseCalibration,MH05/quadrature,all_pim_combined_coarse,all,7.0,3.0,4.93378,6.84768,128.649
20260504T020331353Z,evalPimNoiseCalibration,MH05/tangent,all_pim_combined_coarse,all,7.0,3.0,4.67009,6.84768,128.649
20260504T020331353Z,evalPimNoiseCalibration,V101/quadrature,all_pim_combined_coarse,all,7.0,3.0,7.59717,6.84768,128.649
20260504T020331353Z,evalPimNoiseCalibration,V101/tangent,all_pim_combined_coarse,all,7.0,3.0,7.42948,6.84768,128.649
20260504T020331353Z,evalPimNoiseCalibration,V102/quadrature,all_pim_combined_coarse,all,7.0,3.0,5.04165,6.84768,128.649
20260504T020331353Z,evalPimNoiseCalibration,V102/tangent,all_pim_combined_coarse,all,7.0,3.0,5.17305,6.84768,128.649
20260504T020331353Z,evalPimNoiseCalibration,V103/quadrature,all_pim_combined_coarse,all,7.0,3.0,8.54919,6.84768,128.649
20260504T020331353Z,evalPimNoiseCalibration,V103/tangent,all_pim_combined_coarse,all,7.0,3.0,8.44394,6.84768,128.649
20260504T020331353Z,evalPimNoiseCalibration,V201/quadrature,all_pim_combined_coarse,all,7.0,3.0,8.09075,6.84768,128.649
20260504T020331353Z,evalPimNoiseCalibration,V201/tangent,all_pim_combined_coarse,all,7.0,3.0,8.58431,6.84768,128.649
20260504T020331353Z,evalPimNoiseCalibration,V202/quadrature,all_pim_combined_coarse,all,7.0,3.0,10.1128,6.84768,128.649
20260504T020331353Z,evalPimNoiseCalibration,V202/tangent,all_pim_combined_coarse,all,7.0,3.0,10.9885,6.84768,128.649
20260504T020331353Z,evalPimNoiseCalibration,V203/quadrature,all_pim_combined_coarse,all,7.0,3.0,15.1669,6.84768,128.649
20260504T020331353Z,evalPimNoiseCalibration,V203/tangent,all_pim_combined_coarse,all,7.0,3.0,14.0554,6.84768,128.649
20260504T020331353Z,evalPimNoiseCalibration,MH01/quadrature,all_pim_combined_coarse,all,7.0,5.0,1.50004,2.83181,40.2998
20260504T020331353Z,evalPimNoiseCalibration,MH01/tangent,all_pim_combined_coarse,all,7.0,5.0,1.46463,2.83181,40.2998
20260504T020331353Z,evalPimNoiseCalibration,MH02/quadrature,all_pim_combined_coarse,all,7.0,5.0,1.21197,2.83181,40.2998
20260504T020331353Z,evalPimNoiseCalibration,MH02/tangent,all_pim_combined_coarse,all,7.0,5.0,1.16702,2.83181,40.2998
20260504T020331353Z,evalPimNoiseCalibration,MH03/quadrature,all_pim_combined_coarse,all,7.0,5.0,1.70689,2.83181,40.2998
20260504T020331353Z,evalPimNoiseCalibration,MH03/tangent,all_pim_combined_coarse,all,7.0,5.0,1.81799,2.83181,40.2998
20260504T020331353Z,evalPimNoiseCalibration,MH04/quadrature,all_pim_combined_coarse,all,7.0,5.0,1.79767,2.83181,40.2998
20260504T020331353Z,evalPimNoiseCalibration,MH04/tangent,all_pim_combined_coarse,all,7.0,5.0,1.61426,2.83181,40.2998
20260504T020331353Z,evalPimNoiseCalibration,MH05/quadrature,all_pim_combined_coarse,all,7.0,5.0,1.87318,2.83181,40.2998
20260504T020331353Z,evalPimNoiseCalibration,MH05/tangent,all_pim_combined_coarse,all,7.0,5.0,1.81801,2.83181,40.2998
20260504T020331353Z,evalPimNoiseCalibration,V101/quadrature,all_pim_combined_coarse,all,7.0,5.0,3.47539,2.83181,40.2998
20260504T020331353Z,evalPimNoiseCalibration,V101/tangent,all_pim_combined_coarse,all,7.0,5.0,3.51904,2.83181,40.2998
20260504T020331353Z,evalPimNoiseCalibration,V102/quadrature,all_pim_combined_coarse,all,7.0,5.0,1.96837,2.83181,40.2998
20260504T020331353Z,evalPimNoiseCalibration,V102/tangent,all_pim_combined_coarse,all,7.0,5.0,2.16618,2.83181,40.2998
20260504T020331353Z,evalPimNoiseCalibration,V103/quadrature,all_pim_combined_coarse,all,7.0,5.0,3.25622,2.83181,40.2998
20260504T020331353Z,evalPimNoiseCalibration,V103/tangent,all_pim_combined_coarse,all,7.0,5.0,3.67065,2.83181,40.2998
20260504T020331353Z,evalPimNoiseCalibration,V201/quadrature,all_pim_combined_coarse,all,7.0,5.0,3.06955,2.83181,40.2998
20260504T020331353Z,evalPimNoiseCalibration,V201/tangent,all_pim_combined_coarse,all,7.0,5.0,3.3069,2.83181,40.2998
20260504T020331353Z,evalPimNoiseCalibration,V202/quadrature,all_pim_combined_coarse,all,7.0,5.0,3.89421,2.83181,40.2998
20260504T020331353Z,evalPimNoiseCalibration,V202/tangent,all_pim_combined_coarse,all,7.0,5.0,4.68088,2.83181,40.2998
20260504T020331353Z,evalPimNoiseCalibration,V203/quadrature,all_pim_combined_coarse,all,7.0,5.0,6.81532,2.83181,40.2998
20260504T020331353Z,evalPimNoiseCalibration,V203/tangent,all_pim_combined_coarse,all,7.0,5.0,6.50539,2.83181,40.2998
20260504T020331353Z,evalPimNoiseCalibration,MH01/quadrature,all_pim_combined_coarse,all,7.0,7.0,0.792619,1.65109,17.0279
20260504T020331353Z,evalPimNoiseCalibration,MH01/tangent,all_pim_combined_coarse,all,7.0,7.0,0.856768,1.65109,17.0279
20260504T020331353Z,evalPimNoiseCalibration,MH02/quadrature,all_pim_combined_coarse,all,7.0,7.0,0.635988,1.65109,17.0279
20260504T020331353Z,evalPimNoiseCalibration,MH02/tangent,all_pim_combined_coarse,all,7.0,7.0,0.66289,1.65109,17.0279
20260504T020331353Z,evalPimNoiseCalibration,MH03/quadrature,all_pim_combined_coarse,all,7.0,7.0,0.882116,1.65109,17.0279
20260504T020331353Z,evalPimNoiseCalibration,MH03/tangent,all_pim_combined_coarse,all,7.0,7.0,1.04991,1.65109,17.0279
20260504T020331353Z,evalPimNoiseCalibration,MH04/quadrature,all_pim_combined_coarse,all,7.0,7.0,0.930784,1.65109,17.0279
20260504T020331353Z,evalPimNoiseCalibration,MH04/tangent,all_pim_combined_coarse,all,7.0,7.0,0.900333,1.65109,17.0279
20260504T020331353Z,evalPimNoiseCalibration,MH05/quadrature,all_pim_combined_coarse,all,7.0,7.0,0.986513,1.65109,17.0279
20260504T020331353Z,evalPimNoiseCalibration,MH05/tangent,all_pim_combined_coarse,all,7.0,7.0,1.00311,1.65109,17.0279
20260504T020331353Z,evalPimNoiseCalibration,V101/quadrature,all_pim_combined_coarse,all,7.0,7.0,2.20271,1.65109,17.0279
20260504T020331353Z,evalPimNoiseCalibration,V101/tangent,all_pim_combined_coarse,all,7.0,7.0,2.27057,1.65109,17.0279
20260504T020331353Z,evalPimNoiseCalibration,V102/quadrature,all_pim_combined_coarse,all,7.0,7.0,1.06296,1.65109,17.0279
20260504T020331353Z,evalPimNoiseCalibration,V102/tangent,all_pim_combined_coarse,all,7.0,7.0,1.26731,1.65109,17.0279
20260504T020331353Z,evalPimNoiseCalibration,V103/quadrature,all_pim_combined_coarse,all,7.0,7.0,1.75817,1.65109,17.0279
20260504T020331353Z,evalPimNoiseCalibration,V103/tangent,all_pim_combined_coarse,all,7.0,7.0,2.1914,1.65109,17.0279
20260504T020331353Z,evalPimNoiseCalibration,V201/quadrature,all_pim_combined_coarse,all,7.0,7.0,1.64796,1.65109,17.0279
20260504T020331353Z,evalPimNoiseCalibration,V201/tangent,all_pim_combined_coarse,all,7.0,7.0,1.85482,1.65109,17.0279
20260504T020331353Z,evalPimNoiseCalibration,V202/quadrature,all_pim_combined_coarse,all,7.0,7.0,2.1231,1.65109,17.0279
20260504T020331353Z,evalPimNoiseCalibration,V202/tangent,all_pim_combined_coarse,all,7.0,7.0,2.83319,1.65109,17.0279
20260504T020331353Z,evalPimNoiseCalibration,V203/quadrature,all_pim_combined_coarse,all,7.0,7.0,4.41477,1.65109,17.0279
20260504T020331353Z,evalPimNoiseCalibration,V203/tangent,all_pim_combined_coarse,all,7.0,7.0,3.99591,1.65109,17.0279
20260504T020331353Z,evalPimNoiseCalibration,MH01/quadrature,all_pim_combined_coarse,all,7.0,10.0,0.408202,0.987129,11.6797
20260504T020331353Z,evalPimNoiseCalibration,MH01/tangent,all_pim_combined_coarse,all,7.0,10.0,0.502149,0.987129,11.6797
20260504T020331353Z,evalPimNoiseCalibration,MH02/quadrature,all_pim_combined_coarse,all,7.0,10.0,0.32431,0.987129,11.6797
20260504T020331353Z,evalPimNoiseCalibration,MH02/tangent,all_pim_combined_coarse,all,7.0,10.0,0.387469,0.987129,11.6797
20260504T020331353Z,evalPimNoiseCalibration,MH03/quadrature,all_pim_combined_coarse,all,7.0,10.0,0.458332,0.987129,11.6797
20260504T020331353Z,evalPimNoiseCalibration,MH03/tangent,all_pim_combined_coarse,all,7.0,10.0,0.635837,0.987129,11.6797
20260504T020331353Z,evalPimNoiseCalibration,MH04/quadrature,all_pim_combined_coarse,all,7.0,10.0,0.481742,0.987129,11.6797
20260504T020331353Z,evalPimNoiseCalibration,MH04/tangent,all_pim_combined_coarse,all,7.0,10.0,0.527493,0.987129,11.6797
20260504T020331353Z,evalPimNoiseCalibration,MH05/quadrature,all_pim_combined_coarse,all,7.0,10.0,0.512958,0.987129,11.6797
20260504T020331353Z,evalPimNoiseCalibration,MH05/tangent,all_pim_combined_coarse,all,7.0,10.0,0.559473,0.987129,11.6797
20260504T020331353Z,evalPimNoiseCalibration,V101/quadrature,all_pim_combined_coarse,all,7.0,10.0,1.41813,0.987129,11.6797
20260504T020331353Z,evalPimNoiseCalibration,V101/tangent,all_pim_combined_coarse,all,7.0,10.0,1.52379,0.987129,11.6797
20260504T020331353Z,evalPimNoiseCalibration,V102/quadrature,all_pim_combined_coarse,all,7.0,10.0,0.570987,0.987129,11.6797
20260504T020331353Z,evalPimNoiseCalibration,V102/tangent,all_pim_combined_coarse,all,7.0,10.0,0.782653,0.987129,11.6797
20260504T020331353Z,evalPimNoiseCalibration,V103/quadrature,all_pim_combined_coarse,all,7.0,10.0,0.975485,0.987129,11.6797
20260504T020331353Z,evalPimNoiseCalibration,V103/tangent,all_pim_combined_coarse,all,7.0,10.0,1.36132,0.987129,11.6797
20260504T020331353Z,evalPimNoiseCalibration,V201/quadrature,all_pim_combined_coarse,all,7.0,10.0,0.891467,0.987129,11.6797
20260504T020331353Z,evalPimNoiseCalibration,V201/tangent,all_pim_combined_coarse,all,7.0,10.0,1.08547,0.987129,11.6797
20260504T020331353Z,evalPimNoiseCalibration,V202/quadrature,all_pim_combined_coarse,all,7.0,10.0,1.17898,0.987129,11.6797
20260504T020331353Z,evalPimNoiseCalibration,V202/tangent,all_pim_combined_coarse,all,7.0,10.0,1.76389,0.987129,11.6797
20260504T020331353Z,evalPimNoiseCalibration,V203/quadrature,all_pim_combined_coarse,all,7.0,10.0,2.8236,0.987129,11.6797
20260504T020331353Z,evalPimNoiseCalibration,V203/tangent,all_pim_combined_coarse,all,7.0,10.0,2.5431,0.987129,11.6797
20260504T020331353Z,evalPimNoiseCalibration,MH01/quadrature,all_pim_combined_coarse,all,7.0,13.0,0.255408,0.718707,11.799
20260504T020331353Z,evalPimNoiseCalibration,MH01/tangent,all_pim_combined_coarse,all,7.0,13.0,0.348266,0.718707,11.799
20260504T020331353Z,evalPimNoiseCalibration,MH02/quadrature,all_pim_combined_coarse,all,7.0,13.0,0.206871,0.718707,11.799
20260504T020331353Z,evalPimNoiseCalibration,MH02/tangent,all_pim_combined_coarse,all,7.0,13.0,0.275815,0.718707,11.799
20260504T020331353Z,evalPimNoiseCalibration,MH03/quadrature,all_pim_combined_coarse,all,7.0,13.0,0.291361,0.718707,11.799
20260504T020331353Z,evalPimNoiseCalibration,MH03/tangent,all_pim_combined_coarse,all,7.0,13.0,0.478215,0.718707,11.799
20260504T020331353Z,evalPimNoiseCalibration,MH04/quadrature,all_pim_combined_coarse,all,7.0,13.0,0.310272,0.718707,11.799
20260504T020331353Z,evalPimNoiseCalibration,MH04/tangent,all_pim_combined_coarse,all,7.0,13.0,0.377184,0.718707,11.799
20260504T020331353Z,evalPimNoiseCalibration,MH05/quadrature,all_pim_combined_coarse,all,7.0,13.0,0.321686,0.718707,11.799
20260504T020331353Z,evalPimNoiseCalibration,MH05/tangent,all_pim_combined_coarse,all,7.0,13.0,0.378924,0.718707,11.799
20260504T020331353Z,evalPimNoiseCalibration,V101/quadrature,all_pim_combined_coarse,all,7.0,13.0,1.08665,0.718707,11.799
20260504T020331353Z,evalPimNoiseCalibration,V101/tangent,all_pim_combined_coarse,all,7.0,13.0,1.20711,0.718707,11.799
20260504T020331353Z,evalPimNoiseCalibration,V102/quadrature,all_pim_combined_coarse,all,7.0,13.0,0.403815,0.718707,11.799
20260504T020331353Z,evalPimNoiseCalibration,V102/tangent,all_pim_combined_coarse,all,7.0,13.0,0.557403,0.718707,11.799
20260504T020331353Z,evalPimNoiseCalibration,V103/quadrature,all_pim_combined_coarse,all,7.0,13.0,0.659042,0.718707,11.799
20260504T020331353Z,evalPimNoiseCalibration,V103/tangent,all_pim_combined_coarse,all,7.0,13.0,1.00073,0.718707,11.799
20260504T020331353Z,evalPimNoiseCalibration,V201/quadrature,all_pim_combined_coarse,all,7.0,13.0,0.588887,0.718707,11.799
20260504T020331353Z,evalPimNoiseCalibration,V201/tangent,all_pim_combined_coarse,all,7.0,13.0,0.764985,0.718707,11.799
20260504T020331353Z,evalPimNoiseCalibration,V202/quadrature,all_pim_combined_coarse,all,7.0,13.0,0.788135,0.718707,11.799
20260504T020331353Z,evalPimNoiseCalibration,V202/tangent,all_pim_combined_coarse,all,7.0,13.0,1.32164,0.718707,11.799
20260504T020331353Z,evalPimNoiseCalibration,V203/quadrature,all_pim_combined_coarse,all,7.0,13.0,2.24148,0.718707,11.799
20260504T020331353Z,evalPimNoiseCalibration,V203/tangent,all_pim_combined_coarse,all,7.0,13.0,1.94768,0.718707,11.799
20260504T020331353Z,evalPimNoiseCalibration,MH01/quadrature,all_pim_combined_coarse,all,10.0,0.5,66.0718,113.632,2477.91
20260504T020331353Z,evalPimNoiseCalibration,MH01/tangent,all_pim_combined_coarse,all,10.0,0.5,58.4016,113.632,2477.91
20260504T020331353Z,evalPimNoiseCalibration,MH02/quadrature,all_pim_combined_coarse,all,10.0,0.5,55.4981,113.632,2477.91
20260504T020331353Z,evalPimNoiseCalibration,MH02/tangent,all_pim_combined_coarse,all,10.0,0.5,47.8632,113.632,2477.91
20260504T020331353Z,evalPimNoiseCalibration,MH03/quadrature,all_pim_combined_coarse,all,10.0,0.5,87.132,113.632,2477.91
20260504T020331353Z,evalPimNoiseCalibration,MH03/tangent,all_pim_combined_coarse,all,10.0,0.5,77.9671,113.632,2477.91
20260504T020331353Z,evalPimNoiseCalibration,MH04/quadrature,all_pim_combined_coarse,all,10.0,0.5,82.768,113.632,2477.91
20260504T020331353Z,evalPimNoiseCalibration,MH04/tangent,all_pim_combined_coarse,all,10.0,0.5,72.5402,113.632,2477.91
20260504T020331353Z,evalPimNoiseCalibration,MH05/quadrature,all_pim_combined_coarse,all,10.0,0.5,90.3568,113.632,2477.91
20260504T020331353Z,evalPimNoiseCalibration,MH05/tangent,all_pim_combined_coarse,all,10.0,0.5,82.2039,113.632,2477.91
20260504T020331353Z,evalPimNoiseCalibration,V101/quadrature,all_pim_combined_coarse,all,10.0,0.5,121.219,113.632,2477.91
20260504T020331353Z,evalPimNoiseCalibration,V101/tangent,all_pim_combined_coarse,all,10.0,0.5,115.044,113.632,2477.91
20260504T020331353Z,evalPimNoiseCalibration,V102/quadrature,all_pim_combined_coarse,all,10.0,0.5,84.7496,113.632,2477.91
20260504T020331353Z,evalPimNoiseCalibration,V102/tangent,all_pim_combined_coarse,all,10.0,0.5,82.4451,113.632,2477.91
20260504T020331353Z,evalPimNoiseCalibration,V103/quadrature,all_pim_combined_coarse,all,10.0,0.5,144.321,113.632,2477.91
20260504T020331353Z,evalPimNoiseCalibration,V103/tangent,all_pim_combined_coarse,all,10.0,0.5,133.808,113.632,2477.91
20260504T020331353Z,evalPimNoiseCalibration,V201/quadrature,all_pim_combined_coarse,all,10.0,0.5,149.821,113.632,2477.91
20260504T020331353Z,evalPimNoiseCalibration,V201/tangent,all_pim_combined_coarse,all,10.0,0.5,149.815,113.632,2477.91
20260504T020331353Z,evalPimNoiseCalibration,V202/quadrature,all_pim_combined_coarse,all,10.0,0.5,178.906,113.632,2477.91
20260504T020331353Z,evalPimNoiseCalibration,V202/tangent,all_pim_combined_coarse,all,10.0,0.5,179.973,113.632,2477.91
20260504T020331353Z,evalPimNoiseCalibration,V203/quadrature,all_pim_combined_coarse,all,10.0,0.5,216.405,113.632,2477.91
20260504T020331353Z,evalPimNoiseCalibration,V203/tangent,all_pim_combined_coarse,all,10.0,0.5,222.6,113.632,2477.91
20260504T020331353Z,evalPimNoiseCalibration,MH01/quadrature,all_pim_combined_coarse,all,10.0,1.0,26.605,43.877,943.295
20260504T020331353Z,evalPimNoiseCalibration,MH01/tangent,all_pim_combined_coarse,all,10.0,1.0,23.1598,43.877,943.295
20260504T020331353Z,evalPimNoiseCalibration,MH02/quadrature,all_pim_combined_coarse,all,10.0,1.0,21.739,43.877,943.295
20260504T020331353Z,evalPimNoiseCalibration,MH02/tangent,all_pim_combined_coarse,all,10.0,1.0,20.1841,43.877,943.295
20260504T020331353Z,evalPimNoiseCalibration,MH03/quadrature,all_pim_combined_coarse,all,10.0,1.0,32.2121,43.877,943.295
20260504T020331353Z,evalPimNoiseCalibration,MH03/tangent,all_pim_combined_coarse,all,10.0,1.0,30.0353,43.877,943.295
20260504T020331353Z,evalPimNoiseCalibration,MH04/quadrature,all_pim_combined_coarse,all,10.0,1.0,32.1321,43.877,943.295
20260504T020331353Z,evalPimNoiseCalibration,MH04/tangent,all_pim_combined_coarse,all,10.0,1.0,28.0061,43.877,943.295
20260504T020331353Z,evalPimNoiseCalibration,MH05/quadrature,all_pim_combined_coarse,all,10.0,1.0,33.9992,43.877,943.295
20260504T020331353Z,evalPimNoiseCalibration,MH05/tangent,all_pim_combined_coarse,all,10.0,1.0,31.3919,43.877,943.295
20260504T020331353Z,evalPimNoiseCalibration,V101/quadrature,all_pim_combined_coarse,all,10.0,1.0,46.2306,43.877,943.295
20260504T020331353Z,evalPimNoiseCalibration,V101/tangent,all_pim_combined_coarse,all,10.0,1.0,44.4767,43.877,943.295
20260504T020331353Z,evalPimNoiseCalibration,V102/quadrature,all_pim_combined_coarse,all,10.0,1.0,33.8125,43.877,943.295
20260504T020331353Z,evalPimNoiseCalibration,V102/tangent,all_pim_combined_coarse,all,10.0,1.0,32.7402,43.877,943.295
20260504T020331353Z,evalPimNoiseCalibration,V103/quadrature,all_pim_combined_coarse,all,10.0,1.0,55.2657,43.877,943.295
20260504T020331353Z,evalPimNoiseCalibration,V103/tangent,all_pim_combined_coarse,all,10.0,1.0,53.9781,43.877,943.295
20260504T020331353Z,evalPimNoiseCalibration,V201/quadrature,all_pim_combined_coarse,all,10.0,1.0,56.4587,43.877,943.295
20260504T020331353Z,evalPimNoiseCalibration,V201/tangent,all_pim_combined_coarse,all,10.0,1.0,57.5666,43.877,943.295
20260504T020331353Z,evalPimNoiseCalibration,V202/quadrature,all_pim_combined_coarse,all,10.0,1.0,68.6811,43.877,943.295
20260504T020331353Z,evalPimNoiseCalibration,V202/tangent,all_pim_combined_coarse,all,10.0,1.0,67.8792,43.877,943.295
20260504T020331353Z,evalPimNoiseCalibration,V203/quadrature,all_pim_combined_coarse,all,10.0,1.0,85.4341,43.877,943.295
20260504T020331353Z,evalPimNoiseCalibration,V203/tangent,all_pim_combined_coarse,all,10.0,1.0,83.3066,43.877,943.295
20260504T020331353Z,evalPimNoiseCalibration,MH01/quadrature,all_pim_combined_coarse,all,10.0,2.0,8.4032,13.5796,276.75
20260504T020331353Z,evalPimNoiseCalibration,MH01/tangent,all_pim_combined_coarse,all,10.0,2.0,7.22361,13.5796,276.75
20260504T020331353Z,evalPimNoiseCalibration,MH02/quadrature,all_pim_combined_coarse,all,10.0,2.0,6.80884,13.5796,276.75
20260504T020331353Z,evalPimNoiseCalibration,MH02/tangent,all_pim_combined_coarse,all,10.0,2.0,6.18805,13.5796,276.75
20260504T020331353Z,evalPimNoiseCalibration,MH03/quadrature,all_pim_combined_coarse,all,10.0,2.0,9.72187,13.5796,276.75
20260504T020331353Z,evalPimNoiseCalibration,MH03/tangent,all_pim_combined_coarse,all,10.0,2.0,9.0753,13.5796,276.75
20260504T020331353Z,evalPimNoiseCalibration,MH04/quadrature,all_pim_combined_coarse,all,10.0,2.0,10.0296,13.5796,276.75
20260504T020331353Z,evalPimNoiseCalibration,MH04/tangent,all_pim_combined_coarse,all,10.0,2.0,8.68527,13.5796,276.75
20260504T020331353Z,evalPimNoiseCalibration,MH05/quadrature,all_pim_combined_coarse,all,10.0,2.0,10.4645,13.5796,276.75
20260504T020331353Z,evalPimNoiseCalibration,MH05/tangent,all_pim_combined_coarse,all,10.0,2.0,9.77908,13.5796,276.75
20260504T020331353Z,evalPimNoiseCalibration,V101/quadrature,all_pim_combined_coarse,all,10.0,2.0,14.3977,13.5796,276.75
20260504T020331353Z,evalPimNoiseCalibration,V101/tangent,all_pim_combined_coarse,all,10.0,2.0,13.857,13.5796,276.75
20260504T020331353Z,evalPimNoiseCalibration,V102/quadrature,all_pim_combined_coarse,all,10.0,2.0,10.4315,13.5796,276.75
20260504T020331353Z,evalPimNoiseCalibration,V102/tangent,all_pim_combined_coarse,all,10.0,2.0,10.3003,13.5796,276.75
20260504T020331353Z,evalPimNoiseCalibration,V103/quadrature,all_pim_combined_coarse,all,10.0,2.0,17.5634,13.5796,276.75
20260504T020331353Z,evalPimNoiseCalibration,V103/tangent,all_pim_combined_coarse,all,10.0,2.0,16.6569,13.5796,276.75
20260504T020331353Z,evalPimNoiseCalibration,V201/quadrature,all_pim_combined_coarse,all,10.0,2.0,17.0695,13.5796,276.75
20260504T020331353Z,evalPimNoiseCalibration,V201/tangent,all_pim_combined_coarse,all,10.0,2.0,17.4874,13.5796,276.75
20260504T020331353Z,evalPimNoiseCalibration,V202/quadrature,all_pim_combined_coarse,all,10.0,2.0,20.8794,13.5796,276.75
20260504T020331353Z,evalPimNoiseCalibration,V202/tangent,all_pim_combined_coarse,all,10.0,2.0,21.1746,13.5796,276.75
20260504T020331353Z,evalPimNoiseCalibration,V203/quadrature,all_pim_combined_coarse,all,10.0,2.0,26.9949,13.5796,276.75
20260504T020331353Z,evalPimNoiseCalibration,V203/tangent,all_pim_combined_coarse,all,10.0,2.0,25.5583,13.5796,276.75
20260504T020331353Z,evalPimNoiseCalibration,MH01/quadrature,all_pim_combined_coarse,all,10.0,3.0,3.93455,6.49856,120.968
20260504T020331353Z,evalPimNoiseCalibration,MH01/tangent,all_pim_combined_coarse,all,10.0,3.0,3.47191,6.49856,120.968
20260504T020331353Z,evalPimNoiseCalibration,MH02/quadrature,all_pim_combined_coarse,all,10.0,3.0,3.21488,6.49856,120.968
20260504T020331353Z,evalPimNoiseCalibration,MH02/tangent,all_pim_combined_coarse,all,10.0,3.0,2.92145,6.49856,120.968
20260504T020331353Z,evalPimNoiseCalibration,MH03/quadrature,all_pim_combined_coarse,all,10.0,3.0,4.51212,6.49856,120.968
20260504T020331353Z,evalPimNoiseCalibration,MH03/tangent,all_pim_combined_coarse,all,10.0,3.0,4.2747,6.49856,120.968
20260504T020331353Z,evalPimNoiseCalibration,MH04/quadrature,all_pim_combined_coarse,all,10.0,3.0,4.79614,6.49856,120.968
20260504T020331353Z,evalPimNoiseCalibration,MH04/tangent,all_pim_combined_coarse,all,10.0,3.0,4.07638,6.49856,120.968
20260504T020331353Z,evalPimNoiseCalibration,MH05/quadrature,all_pim_combined_coarse,all,10.0,3.0,4.90199,6.49856,120.968
20260504T020331353Z,evalPimNoiseCalibration,MH05/tangent,all_pim_combined_coarse,all,10.0,3.0,4.56239,6.49856,120.968
20260504T020331353Z,evalPimNoiseCalibration,V101/quadrature,all_pim_combined_coarse,all,10.0,3.0,6.88741,6.49856,120.968
20260504T020331353Z,evalPimNoiseCalibration,V101/tangent,all_pim_combined_coarse,all,10.0,3.0,6.70384,6.49856,120.968
20260504T020331353Z,evalPimNoiseCalibration,V102/quadrature,all_pim_combined_coarse,all,10.0,3.0,4.92512,6.49856,120.968
20260504T020331353Z,evalPimNoiseCalibration,V102/tangent,all_pim_combined_coarse,all,10.0,3.0,4.95428,6.49856,120.968
20260504T020331353Z,evalPimNoiseCalibration,V103/quadrature,all_pim_combined_coarse,all,10.0,3.0,8.41859,6.49856,120.968
20260504T020331353Z,evalPimNoiseCalibration,V103/tangent,all_pim_combined_coarse,all,10.0,3.0,8.0456,6.49856,120.968
20260504T020331353Z,evalPimNoiseCalibration,V201/quadrature,all_pim_combined_coarse,all,10.0,3.0,7.92628,6.49856,120.968
20260504T020331353Z,evalPimNoiseCalibration,V201/tangent,all_pim_combined_coarse,all,10.0,3.0,8.30008,6.49856,120.968
20260504T020331353Z,evalPimNoiseCalibration,V202/quadrature,all_pim_combined_coarse,all,10.0,3.0,9.79885,6.49856,120.968
20260504T020331353Z,evalPimNoiseCalibration,V202/tangent,all_pim_combined_coarse,all,10.0,3.0,10.0351,6.49856,120.968
20260504T020331353Z,evalPimNoiseCalibration,V203/quadrature,all_pim_combined_coarse,all,10.0,3.0,13.4762,6.49856,120.968
20260504T020331353Z,evalPimNoiseCalibration,V203/tangent,all_pim_combined_coarse,all,10.0,3.0,12.8305,6.49856,120.968
20260504T020331353Z,evalPimNoiseCalibration,MH01/quadrature,all_pim_combined_coarse,all,10.0,5.0,1.47506,2.58342,34.8353
20260504T020331353Z,evalPimNoiseCalibration,MH01/tangent,all_pim_combined_coarse,all,10.0,5.0,1.37246,2.58342,34.8353
20260504T020331353Z,evalPimNoiseCalibration,MH02/quadrature,all_pim_combined_coarse,all,10.0,5.0,1.19793,2.58342,34.8353
20260504T020331353Z,evalPimNoiseCalibration,MH02/tangent,all_pim_combined_coarse,all,10.0,5.0,1.10358,2.58342,34.8353
20260504T020331353Z,evalPimNoiseCalibration,MH03/quadrature,all_pim_combined_coarse,all,10.0,5.0,1.69093,2.58342,34.8353
20260504T020331353Z,evalPimNoiseCalibration,MH03/tangent,all_pim_combined_coarse,all,10.0,5.0,1.67362,2.58342,34.8353
20260504T020331353Z,evalPimNoiseCalibration,MH04/quadrature,all_pim_combined_coarse,all,10.0,5.0,1.79179,2.58342,34.8353
20260504T020331353Z,evalPimNoiseCalibration,MH04/tangent,all_pim_combined_coarse,all,10.0,5.0,1.56591,2.58342,34.8353
20260504T020331353Z,evalPimNoiseCalibration,MH05/quadrature,all_pim_combined_coarse,all,10.0,5.0,1.83729,2.58342,34.8353
20260504T020331353Z,evalPimNoiseCalibration,MH05/tangent,all_pim_combined_coarse,all,10.0,5.0,1.74357,2.58342,34.8353
20260504T020331353Z,evalPimNoiseCalibration,V101/quadrature,all_pim_combined_coarse,all,10.0,5.0,2.95798,2.58342,34.8353
20260504T020331353Z,evalPimNoiseCalibration,V101/tangent,all_pim_combined_coarse,all,10.0,5.0,2.85222,2.58342,34.8353
20260504T020331353Z,evalPimNoiseCalibration,V102/quadrature,all_pim_combined_coarse,all,10.0,5.0,1.87666,2.58342,34.8353
20260504T020331353Z,evalPimNoiseCalibration,V102/tangent,all_pim_combined_coarse,all,10.0,5.0,1.97154,2.58342,34.8353
20260504T020331353Z,evalPimNoiseCalibration,V103/quadrature,all_pim_combined_coarse,all,10.0,5.0,3.17377,2.58342,34.8353
20260504T020331353Z,evalPimNoiseCalibration,V103/tangent,all_pim_combined_coarse,all,10.0,5.0,3.2173,2.58342,34.8353
20260504T020331353Z,evalPimNoiseCalibration,V201/quadrature,all_pim_combined_coarse,all,10.0,5.0,2.97514,2.58342,34.8353
20260504T020331353Z,evalPimNoiseCalibration,V201/tangent,all_pim_combined_coarse,all,10.0,5.0,3.17622,2.58342,34.8353
20260504T020331353Z,evalPimNoiseCalibration,V202/quadrature,all_pim_combined_coarse,all,10.0,5.0,3.73105,2.58342,34.8353
20260504T020331353Z,evalPimNoiseCalibration,V202/tangent,all_pim_combined_coarse,all,10.0,5.0,4.14253,2.58342,34.8353
20260504T020331353Z,evalPimNoiseCalibration,V203/quadrature,all_pim_combined_coarse,all,10.0,5.0,5.82036,2.58342,34.8353
20260504T020331353Z,evalPimNoiseCalibration,V203/tangent,all_pim_combined_coarse,all,10.0,5.0,5.48844,2.58342,34.8353
20260504T020331353Z,evalPimNoiseCalibration,MH01/quadrature,all_pim_combined_coarse,all,10.0,7.0,0.769975,1.43915,13.3009
20260504T020331353Z,evalPimNoiseCalibration,MH01/tangent,all_pim_combined_coarse,all,10.0,7.0,0.752474,1.43915,13.3009
20260504T020331353Z,evalPimNoiseCalibration,MH02/quadrature,all_pim_combined_coarse,all,10.0,7.0,0.622196,1.43915,13.3009
20260504T020331353Z,evalPimNoiseCalibration,MH02/tangent,all_pim_combined_coarse,all,10.0,7.0,0.596738,1.43915,13.3009
20260504T020331353Z,evalPimNoiseCalibration,MH03/quadrature,all_pim_combined_coarse,all,10.0,7.0,0.87517,1.43915,13.3009
20260504T020331353Z,evalPimNoiseCalibration,MH03/tangent,all_pim_combined_coarse,all,10.0,7.0,0.927665,1.43915,13.3009
20260504T020331353Z,evalPimNoiseCalibration,MH04/quadrature,all_pim_combined_coarse,all,10.0,7.0,0.925747,1.43915,13.3009
20260504T020331353Z,evalPimNoiseCalibration,MH04/tangent,all_pim_combined_coarse,all,10.0,7.0,0.826175,1.43915,13.3009
20260504T020331353Z,evalPimNoiseCalibration,MH05/quadrature,all_pim_combined_coarse,all,10.0,7.0,0.955269,1.43915,13.3009
20260504T020331353Z,evalPimNoiseCalibration,MH05/tangent,all_pim_combined_coarse,all,10.0,7.0,0.928769,1.43915,13.3009
20260504T020331353Z,evalPimNoiseCalibration,V101/quadrature,all_pim_combined_coarse,all,10.0,7.0,1.75329,1.43915,13.3009
20260504T020331353Z,evalPimNoiseCalibration,V101/tangent,all_pim_combined_coarse,all,10.0,7.0,1.75424,1.43915,13.3009
20260504T020331353Z,evalPimNoiseCalibration,V102/quadrature,all_pim_combined_coarse,all,10.0,7.0,1.00806,1.43915,13.3009
20260504T020331353Z,evalPimNoiseCalibration,V102/tangent,all_pim_combined_coarse,all,10.0,7.0,1.10523,1.43915,13.3009
20260504T020331353Z,evalPimNoiseCalibration,V103/quadrature,all_pim_combined_coarse,all,10.0,7.0,1.66782,1.43915,13.3009
20260504T020331353Z,evalPimNoiseCalibration,V103/tangent,all_pim_combined_coarse,all,10.0,7.0,1.87696,1.43915,13.3009
20260504T020331353Z,evalPimNoiseCalibration,V201/quadrature,all_pim_combined_coarse,all,10.0,7.0,1.56714,1.43915,13.3009
20260504T020331353Z,evalPimNoiseCalibration,V201/tangent,all_pim_combined_coarse,all,10.0,7.0,1.68535,1.43915,13.3009
20260504T020331353Z,evalPimNoiseCalibration,V202/quadrature,all_pim_combined_coarse,all,10.0,7.0,1.98502,1.43915,13.3009
20260504T020331353Z,evalPimNoiseCalibration,V202/tangent,all_pim_combined_coarse,all,10.0,7.0,2.3671,1.43915,13.3009
20260504T020331353Z,evalPimNoiseCalibration,V203/quadrature,all_pim_combined_coarse,all,10.0,7.0,3.41765,1.43915,13.3009
20260504T020331353Z,evalPimNoiseCalibration,V203/tangent,all_pim_combined_coarse,all,10.0,7.0,3.29325,1.43915,13.3009
20260504T020331353Z,evalPimNoiseCalibration,MH01/quadrature,all_pim_combined_coarse,all,10.0,10.0,0.389517,0.81062,9.82506
20260504T020331353Z,evalPimNoiseCalibration,MH01/tangent,all_pim_combined_coarse,all,10.0,10.0,0.42242,0.81062,9.82506
20260504T020331353Z,evalPimNoiseCalibration,MH02/quadrature,all_pim_combined_coarse,all,10.0,10.0,0.312087,0.81062,9.82506
20260504T020331353Z,evalPimNoiseCalibration,MH02/tangent,all_pim_combined_coarse,all,10.0,10.0,0.325493,0.81062,9.82506
20260504T020331353Z,evalPimNoiseCalibration,MH03/quadrature,all_pim_combined_coarse,all,10.0,10.0,0.433059,0.81062,9.82506
20260504T020331353Z,evalPimNoiseCalibration,MH03/tangent,all_pim_combined_coarse,all,10.0,10.0,0.516022,0.81062,9.82506
20260504T020331353Z,evalPimNoiseCalibration,MH04/quadrature,all_pim_combined_coarse,all,10.0,10.0,0.458422,0.81062,9.82506
20260504T020331353Z,evalPimNoiseCalibration,MH04/tangent,all_pim_combined_coarse,all,10.0,10.0,0.44273,0.81062,9.82506
20260504T020331353Z,evalPimNoiseCalibration,MH05/quadrature,all_pim_combined_coarse,all,10.0,10.0,0.484733,0.81062,9.82506
20260504T020331353Z,evalPimNoiseCalibration,MH05/tangent,all_pim_combined_coarse,all,10.0,10.0,0.493074,0.81062,9.82506
20260504T020331353Z,evalPimNoiseCalibration,V101/quadrature,all_pim_combined_coarse,all,10.0,10.0,1.08044,0.81062,9.82506
20260504T020331353Z,evalPimNoiseCalibration,V101/tangent,all_pim_combined_coarse,all,10.0,10.0,1.11335,0.81062,9.82506
20260504T020331353Z,evalPimNoiseCalibration,V102/quadrature,all_pim_combined_coarse,all,10.0,10.0,0.52301,0.81062,9.82506
20260504T020331353Z,evalPimNoiseCalibration,V102/tangent,all_pim_combined_coarse,all,10.0,10.0,0.622618,0.81062,9.82506
20260504T020331353Z,evalPimNoiseCalibration,V103/quadrature,all_pim_combined_coarse,all,10.0,10.0,0.863718,0.81062,9.82506
20260504T020331353Z,evalPimNoiseCalibration,V103/tangent,all_pim_combined_coarse,all,10.0,10.0,1.07716,0.81062,9.82506
20260504T020331353Z,evalPimNoiseCalibration,V201/quadrature,all_pim_combined_coarse,all,10.0,10.0,0.807741,0.81062,9.82506
20260504T020331353Z,evalPimNoiseCalibration,V201/tangent,all_pim_combined_coarse,all,10.0,10.0,0.909647,0.81062,9.82506
20260504T020331353Z,evalPimNoiseCalibration,V202/quadrature,all_pim_combined_coarse,all,10.0,10.0,1.04137,0.81062,9.82506
20260504T020331353Z,evalPimNoiseCalibration,V202/tangent,all_pim_combined_coarse,all,10.0,10.0,1.38933,0.81062,9.82506
20260504T020331353Z,evalPimNoiseCalibration,V203/quadrature,all_pim_combined_coarse,all,10.0,10.0,2.16878,0.81062,9.82506
20260504T020331353Z,evalPimNoiseCalibration,V203/tangent,all_pim_combined_coarse,all,10.0,10.0,1.95892,0.81062,9.82506
20260504T020331353Z,evalPimNoiseCalibration,MH01/quadrature,all_pim_combined_coarse,all,10.0,13.0,0.237834,0.549771,11.816
20260504T020331353Z,evalPimNoiseCalibration,MH01/tangent,all_pim_combined_coarse,all,10.0,13.0,0.285421,0.549771,11.816
20260504T020331353Z,evalPimNoiseCalibration,MH02/quadrature,all_pim_combined_coarse,all,10.0,13.0,0.189511,0.549771,11.816
20260504T020331353Z,evalPimNoiseCalibration,MH02/tangent,all_pim_combined_coarse,all,10.0,13.0,0.216589,0.549771,11.816
20260504T020331353Z,evalPimNoiseCalibration,MH03/quadrature,all_pim_combined_coarse,all,10.0,13.0,0.265856,0.549771,11.816
20260504T020331353Z,evalPimNoiseCalibration,MH03/tangent,all_pim_combined_coarse,all,10.0,13.0,0.351232,0.549771,11.816
20260504T020331353Z,evalPimNoiseCalibration,MH04/quadrature,all_pim_combined_coarse,all,10.0,13.0,0.280544,0.549771,11.816
20260504T020331353Z,evalPimNoiseCalibration,MH04/tangent,all_pim_combined_coarse,all,10.0,13.0,0.295364,0.549771,11.816
20260504T020331353Z,evalPimNoiseCalibration,MH05/quadrature,all_pim_combined_coarse,all,10.0,13.0,0.293594,0.549771,11.816
20260504T020331353Z,evalPimNoiseCalibration,MH05/tangent,all_pim_combined_coarse,all,10.0,13.0,0.321432,0.549771,11.816
20260504T020331353Z,evalPimNoiseCalibration,V101/quadrature,all_pim_combined_coarse,all,10.0,13.0,0.761908,0.549771,11.816
20260504T020331353Z,evalPimNoiseCalibration,V101/tangent,all_pim_combined_coarse,all,10.0,13.0,0.821714,0.549771,11.816
20260504T020331353Z,evalPimNoiseCalibration,V102/quadrature,all_pim_combined_coarse,all,10.0,13.0,0.331772,0.549771,11.816
20260504T020331353Z,evalPimNoiseCalibration,V102/tangent,all_pim_combined_coarse,all,10.0,13.0,0.431019,0.549771,11.816
20260504T020331353Z,evalPimNoiseCalibration,V103/quadrature,all_pim_combined_coarse,all,10.0,13.0,0.554786,0.549771,11.816
20260504T020331353Z,evalPimNoiseCalibration,V103/tangent,all_pim_combined_coarse,all,10.0,13.0,0.758168,0.549771,11.816
20260504T020331353Z,evalPimNoiseCalibration,V201/quadrature,all_pim_combined_coarse,all,10.0,13.0,0.506881,0.549771,11.816
20260504T020331353Z,evalPimNoiseCalibration,V201/tangent,all_pim_combined_coarse,all,10.0,13.0,0.613184,0.549771,11.816
20260504T020331353Z,evalPimNoiseCalibration,V202/quadrature,all_pim_combined_coarse,all,10.0,13.0,0.664826,0.549771,11.816
20260504T020331353Z,evalPimNoiseCalibration,V202/tangent,all_pim_combined_coarse,all,10.0,13.0,0.957862,0.549771,11.816
20260504T020331353Z,evalPimNoiseCalibration,V203/quadrature,all_pim_combined_coarse,all,10.0,13.0,1.56598,0.549771,11.816
20260504T020331353Z,evalPimNoiseCalibration,V203/tangent,all_pim_combined_coarse,all,10.0,13.0,1.38949,0.549771,11.816
20260504T020331353Z,evalPimNoiseCalibration,MH01/quadrature,all_pim_combined_coarse,all,13.0,0.5,61.7336,99.3339,2163.35
20260504T020331353Z,evalPimNoiseCalibration,MH01/tangent,all_pim_combined_coarse,all,13.0,0.5,54.3068,99.3339,2163.35
20260504T020331353Z,evalPimNoiseCalibration,MH02/quadrature,all_pim_combined_coarse,all,13.0,0.5,50.7047,99.3339,2163.35
20260504T020331353Z,evalPimNoiseCalibration,MH02/tangent,all_pim_combined_coarse,all,13.0,0.5,43.8909,99.3339,2163.35
20260504T020331353Z,evalPimNoiseCalibration,MH03/quadrature,all_pim_combined_coarse,all,13.0,0.5,80.2656,99.3339,2163.35
20260504T020331353Z,evalPimNoiseCalibration,MH03/tangent,all_pim_combined_coarse,all,13.0,0.5,70.3498,99.3339,2163.35
20260504T020331353Z,evalPimNoiseCalibration,MH04/quadrature,all_pim_combined_coarse,all,13.0,0.5,76.137,99.3339,2163.35
20260504T020331353Z,evalPimNoiseCalibration,MH04/tangent,all_pim_combined_coarse,all,13.0,0.5,62.6526,99.3339,2163.35
20260504T020331353Z,evalPimNoiseCalibration,MH05/quadrature,all_pim_combined_coarse,all,13.0,0.5,83.9051,99.3339,2163.35
20260504T020331353Z,evalPimNoiseCalibration,MH05/tangent,all_pim_combined_coarse,all,13.0,0.5,75.0316,99.3339,2163.35
20260504T020331353Z,evalPimNoiseCalibration,V101/quadrature,all_pim_combined_coarse,all,13.0,0.5,101.827,99.3339,2163.35
20260504T020331353Z,evalPimNoiseCalibration,V101/tangent,all_pim_combined_coarse,all,13.0,0.5,97.5381,99.3339,2163.35
20260504T020331353Z,evalPimNoiseCalibration,V102/quadrature,all_pim_combined_coarse,all,13.0,0.5,75.7476,99.3339,2163.35
20260504T020331353Z,evalPimNoiseCalibration,V102/tangent,all_pim_combined_coarse,all,13.0,0.5,73.1065,99.3339,2163.35
20260504T020331353Z,evalPimNoiseCalibration,V103/quadrature,all_pim_combined_coarse,all,13.0,0.5,134.006,99.3339,2163.35
20260504T020331353Z,evalPimNoiseCalibration,V103/tangent,all_pim_combined_coarse,all,13.0,0.5,121.32,99.3339,2163.35
20260504T020331353Z,evalPimNoiseCalibration,V201/quadrature,all_pim_combined_coarse,all,13.0,0.5,124.322,99.3339,2163.35
20260504T020331353Z,evalPimNoiseCalibration,V201/tangent,all_pim_combined_coarse,all,13.0,0.5,126.156,99.3339,2163.35
20260504T020331353Z,evalPimNoiseCalibration,V202/quadrature,all_pim_combined_coarse,all,13.0,0.5,150.132,99.3339,2163.35
20260504T020331353Z,evalPimNoiseCalibration,V202/tangent,all_pim_combined_coarse,all,13.0,0.5,153.795,99.3339,2163.35
20260504T020331353Z,evalPimNoiseCalibration,V203/quadrature,all_pim_combined_coarse,all,13.0,0.5,182.806,99.3339,2163.35
20260504T020331353Z,evalPimNoiseCalibration,V203/tangent,all_pim_combined_coarse,all,13.0,0.5,185.611,99.3339,2163.35
20260504T020331353Z,evalPimNoiseCalibration,MH01/quadrature,all_pim_combined_coarse,all,13.0,1.0,25.6142,41.3077,886.77
20260504T020331353Z,evalPimNoiseCalibration,MH01/tangent,all_pim_combined_coarse,all,13.0,1.0,22.0365,41.3077,886.77
20260504T020331353Z,evalPimNoiseCalibration,MH02/quadrature,all_pim_combined_coarse,all,13.0,1.0,20.7864,41.3077,886.77
20260504T020331353Z,evalPimNoiseCalibration,MH02/tangent,all_pim_combined_coarse,all,13.0,1.0,19.6238,41.3077,886.77
20260504T020331353Z,evalPimNoiseCalibration,MH03/quadrature,all_pim_combined_coarse,all,13.0,1.0,30.7818,41.3077,886.77
20260504T020331353Z,evalPimNoiseCalibration,MH03/tangent,all_pim_combined_coarse,all,13.0,1.0,28.216,41.3077,886.77
20260504T020331353Z,evalPimNoiseCalibration,MH04/quadrature,all_pim_combined_coarse,all,13.0,1.0,31.648,41.3077,886.77
20260504T020331353Z,evalPimNoiseCalibration,MH04/tangent,all_pim_combined_coarse,all,13.0,1.0,26.8228,41.3077,886.77
20260504T020331353Z,evalPimNoiseCalibration,MH05/quadrature,all_pim_combined_coarse,all,13.0,1.0,33.4472,41.3077,886.77
20260504T020331353Z,evalPimNoiseCalibration,MH05/tangent,all_pim_combined_coarse,all,13.0,1.0,30.1383,41.3077,886.77
20260504T020331353Z,evalPimNoiseCalibration,V101/quadrature,all_pim_combined_coarse,all,13.0,1.0,42.6641,41.3077,886.77
20260504T020331353Z,evalPimNoiseCalibration,V101/tangent,all_pim_combined_coarse,all,13.0,1.0,40.7242,41.3077,886.77
20260504T020331353Z,evalPimNoiseCalibration,V102/quadrature,all_pim_combined_coarse,all,13.0,1.0,32.0083,41.3077,886.77
20260504T020331353Z,evalPimNoiseCalibration,V102/tangent,all_pim_combined_coarse,all,13.0,1.0,31.3143,41.3077,886.77
20260504T020331353Z,evalPimNoiseCalibration,V103/quadrature,all_pim_combined_coarse,all,13.0,1.0,52.7571,41.3077,886.77
20260504T020331353Z,evalPimNoiseCalibration,V103/tangent,all_pim_combined_coarse,all,13.0,1.0,52.255,41.3077,886.77
20260504T020331353Z,evalPimNoiseCalibration,V201/quadrature,all_pim_combined_coarse,all,13.0,1.0,52.2999,41.3077,886.77
20260504T020331353Z,evalPimNoiseCalibration,V201/tangent,all_pim_combined_coarse,all,13.0,1.0,53.2098,41.3077,886.77
20260504T020331353Z,evalPimNoiseCalibration,V202/quadrature,all_pim_combined_coarse,all,13.0,1.0,64.2971,41.3077,886.77
20260504T020331353Z,evalPimNoiseCalibration,V202/tangent,all_pim_combined_coarse,all,13.0,1.0,62.7535,41.3077,886.77
20260504T020331353Z,evalPimNoiseCalibration,V203/quadrature,all_pim_combined_coarse,all,13.0,1.0,78.3505,41.3077,886.77
20260504T020331353Z,evalPimNoiseCalibration,V203/tangent,all_pim_combined_coarse,all,13.0,1.0,77.021,41.3077,886.77
20260504T020331353Z,evalPimNoiseCalibration,MH01/quadrature,all_pim_combined_coarse,all,13.0,2.0,8.25309,13.1916,268.215
20260504T020331353Z,evalPimNoiseCalibration,MH01/tangent,all_pim_combined_coarse,all,13.0,2.0,7.14308,13.1916,268.215
20260504T020331353Z,evalPimNoiseCalibration,MH02/quadrature,all_pim_combined_coarse,all,13.0,2.0,6.69375,13.1916,268.215
20260504T020331353Z,evalPimNoiseCalibration,MH02/tangent,all_pim_combined_coarse,all,13.0,2.0,6.12089,13.1916,268.215
20260504T020331353Z,evalPimNoiseCalibration,MH03/quadrature,all_pim_combined_coarse,all,13.0,2.0,9.52522,13.1916,268.215
20260504T020331353Z,evalPimNoiseCalibration,MH03/tangent,all_pim_combined_coarse,all,13.0,2.0,8.82809,13.1916,268.215
20260504T020331353Z,evalPimNoiseCalibration,MH04/quadrature,all_pim_combined_coarse,all,13.0,2.0,9.88916,13.1916,268.215
20260504T020331353Z,evalPimNoiseCalibration,MH04/tangent,all_pim_combined_coarse,all,13.0,2.0,8.55977,13.1916,268.215
20260504T020331353Z,evalPimNoiseCalibration,MH05/quadrature,all_pim_combined_coarse,all,13.0,2.0,10.3843,13.1916,268.215
20260504T020331353Z,evalPimNoiseCalibration,MH05/tangent,all_pim_combined_coarse,all,13.0,2.0,9.63769,13.1916,268.215
20260504T020331353Z,evalPimNoiseCalibration,V101/quadrature,all_pim_combined_coarse,all,13.0,2.0,13.8152,13.1916,268.215
20260504T020331353Z,evalPimNoiseCalibration,V101/tangent,all_pim_combined_coarse,all,13.0,2.0,13.2112,13.1916,268.215
20260504T020331353Z,evalPimNoiseCalibration,V102/quadrature,all_pim_combined_coarse,all,13.0,2.0,10.2644,13.1916,268.215
20260504T020331353Z,evalPimNoiseCalibration,V102/tangent,all_pim_combined_coarse,all,13.0,2.0,10.1377,13.1916,268.215
20260504T020331353Z,evalPimNoiseCalibration,V103/quadrature,all_pim_combined_coarse,all,13.0,2.0,17.4439,13.1916,268.215
20260504T020331353Z,evalPimNoiseCalibration,V103/tangent,all_pim_combined_coarse,all,13.0,2.0,16.2927,13.1916,268.215
20260504T020331353Z,evalPimNoiseCalibration,V201/quadrature,all_pim_combined_coarse,all,13.0,2.0,16.7528,13.1916,268.215
20260504T020331353Z,evalPimNoiseCalibration,V201/tangent,all_pim_combined_coarse,all,13.0,2.0,16.9761,13.1916,268.215
20260504T020331353Z,evalPimNoiseCalibration,V202/quadrature,all_pim_combined_coarse,all,13.0,2.0,20.5223,13.1916,268.215
20260504T020331353Z,evalPimNoiseCalibration,V202/tangent,all_pim_combined_coarse,all,13.0,2.0,20.3581,13.1916,268.215
20260504T020331353Z,evalPimNoiseCalibration,V203/quadrature,all_pim_combined_coarse,all,13.0,2.0,25.2826,13.1916,268.215
20260504T020331353Z,evalPimNoiseCalibration,V203/tangent,all_pim_combined_coarse,all,13.0,2.0,24.1229,13.1916,268.215
20260504T020331353Z,evalPimNoiseCalibration,MH01/quadrature,all_pim_combined_coarse,all,13.0,3.0,3.90463,6.30917,116.802
20260504T020331353Z,evalPimNoiseCalibration,MH01/tangent,all_pim_combined_coarse,all,13.0,3.0,3.39073,6.30917,116.802
20260504T020331353Z,evalPimNoiseCalibration,MH02/quadrature,all_pim_combined_coarse,all,13.0,3.0,3.18813,6.30917,116.802
20260504T020331353Z,evalPimNoiseCalibration,MH02/tangent,all_pim_combined_coarse,all,13.0,3.0,2.87961,6.30917,116.802
20260504T020331353Z,evalPimNoiseCalibration,MH03/quadrature,all_pim_combined_coarse,all,13.0,3.0,4.47771,6.30917,116.802
20260504T020331353Z,evalPimNoiseCalibration,MH03/tangent,all_pim_combined_coarse,all,13.0,3.0,4.22073,6.30917,116.802
20260504T020331353Z,evalPimNoiseCalibration,MH04/quadrature,all_pim_combined_coarse,all,13.0,3.0,4.75313,6.30917,116.802
20260504T020331353Z,evalPimNoiseCalibration,MH04/tangent,all_pim_combined_coarse,all,13.0,3.0,4.03879,6.30917,116.802
20260504T020331353Z,evalPimNoiseCalibration,MH05/quadrature,all_pim_combined_coarse,all,13.0,3.0,4.86932,6.30917,116.802
20260504T020331353Z,evalPimNoiseCalibration,MH05/tangent,all_pim_combined_coarse,all,13.0,3.0,4.55197,6.30917,116.802
20260504T020331353Z,evalPimNoiseCalibration,V101/quadrature,all_pim_combined_coarse,all,13.0,3.0,6.68987,6.30917,116.802
20260504T020331353Z,evalPimNoiseCalibration,V101/tangent,all_pim_combined_coarse,all,13.0,3.0,6.38686,6.30917,116.802
20260504T020331353Z,evalPimNoiseCalibration,V102/quadrature,all_pim_combined_coarse,all,13.0,3.0,4.86824,6.30917,116.802
20260504T020331353Z,evalPimNoiseCalibration,V102/tangent,all_pim_combined_coarse,all,13.0,3.0,4.83639,6.30917,116.802
20260504T020331353Z,evalPimNoiseCalibration,V103/quadrature,all_pim_combined_coarse,all,13.0,3.0,8.33537,6.30917,116.802
20260504T020331353Z,evalPimNoiseCalibration,V103/tangent,all_pim_combined_coarse,all,13.0,3.0,7.76079,6.30917,116.802
20260504T020331353Z,evalPimNoiseCalibration,V201/quadrature,all_pim_combined_coarse,all,13.0,3.0,7.78643,6.30917,116.802
20260504T020331353Z,evalPimNoiseCalibration,V201/tangent,all_pim_combined_coarse,all,13.0,3.0,8.09115,6.30917,116.802
20260504T020331353Z,evalPimNoiseCalibration,V202/quadrature,all_pim_combined_coarse,all,13.0,3.0,9.68442,6.30917,116.802
20260504T020331353Z,evalPimNoiseCalibration,V202/tangent,all_pim_combined_coarse,all,13.0,3.0,9.71543,6.30917,116.802
20260504T020331353Z,evalPimNoiseCalibration,V203/quadrature,all_pim_combined_coarse,all,13.0,3.0,12.4806,6.30917,116.802
20260504T020331353Z,evalPimNoiseCalibration,V203/tangent,all_pim_combined_coarse,all,13.0,3.0,11.8913,6.30917,116.802
20260504T020331353Z,evalPimNoiseCalibration,MH01/quadrature,all_pim_combined_coarse,all,13.0,5.0,1.46536,2.46155,32.154
20260504T020331353Z,evalPimNoiseCalibration,MH01/tangent,all_pim_combined_coarse,all,13.0,5.0,1.32728,2.46155,32.154
20260504T020331353Z,evalPimNoiseCalibration,MH02/quadrature,all_pim_combined_coarse,all,13.0,5.0,1.19079,2.46155,32.154
20260504T020331353Z,evalPimNoiseCalibration,MH02/tangent,all_pim_combined_coarse,all,13.0,5.0,1.08643,2.46155,32.154
20260504T020331353Z,evalPimNoiseCalibration,MH03/quadrature,all_pim_combined_coarse,all,13.0,5.0,1.67011,2.46155,32.154
20260504T020331353Z,evalPimNoiseCalibration,MH03/tangent,all_pim_combined_coarse,all,13.0,5.0,1.61131,2.46155,32.154
20260504T020331353Z,evalPimNoiseCalibration,MH04/quadrature,all_pim_combined_coarse,all,13.0,5.0,1.78841,2.46155,32.154
20260504T020331353Z,evalPimNoiseCalibration,MH04/tangent,all_pim_combined_coarse,all,13.0,5.0,1.5194,2.46155,32.154
20260504T020331353Z,evalPimNoiseCalibration,MH05/quadrature,all_pim_combined_coarse,all,13.0,5.0,1.82492,2.46155,32.154
20260504T020331353Z,evalPimNoiseCalibration,MH05/tangent,all_pim_combined_coarse,all,13.0,5.0,1.73409,2.46155,32.154
20260504T020331353Z,evalPimNoiseCalibration,V101/quadrature,all_pim_combined_coarse,all,13.0,5.0,2.67541,2.46155,32.154
20260504T020331353Z,evalPimNoiseCalibration,V101/tangent,all_pim_combined_coarse,all,13.0,5.0,2.5907,2.46155,32.154
20260504T020331353Z,evalPimNoiseCalibration,V102/quadrature,all_pim_combined_coarse,all,13.0,5.0,1.84049,2.46155,32.154
20260504T020331353Z,evalPimNoiseCalibration,V102/tangent,all_pim_combined_coarse,all,13.0,5.0,1.87937,2.46155,32.154
20260504T020331353Z,evalPimNoiseCalibration,V103/quadrature,all_pim_combined_coarse,all,13.0,5.0,3.14387,2.46155,32.154
20260504T020331353Z,evalPimNoiseCalibration,V103/tangent,all_pim_combined_coarse,all,13.0,5.0,3.07134,2.46155,32.154
20260504T020331353Z,evalPimNoiseCalibration,V201/quadrature,all_pim_combined_coarse,all,13.0,5.0,2.92821,2.46155,32.154
20260504T020331353Z,evalPimNoiseCalibration,V201/tangent,all_pim_combined_coarse,all,13.0,5.0,3.09661,2.46155,32.154
20260504T020331353Z,evalPimNoiseCalibration,V202/quadrature,all_pim_combined_coarse,all,13.0,5.0,3.65598,2.46155,32.154
20260504T020331353Z,evalPimNoiseCalibration,V202/tangent,all_pim_combined_coarse,all,13.0,5.0,3.87054,2.46155,32.154
20260504T020331353Z,evalPimNoiseCalibration,V203/quadrature,all_pim_combined_coarse,all,13.0,5.0,5.32957,2.46155,32.154
20260504T020331353Z,evalPimNoiseCalibration,V203/tangent,all_pim_combined_coarse,all,13.0,5.0,4.85383,2.46155,32.154
20260504T020331353Z,evalPimNoiseCalibration,MH01/quadrature,all_pim_combined_coarse,all,13.0,7.0,0.761802,1.34407,11.662
20260504T020331353Z,evalPimNoiseCalibration,MH01/tangent,all_pim_combined_coarse,all,13.0,7.0,0.712184,1.34407,11.662
20260504T020331353Z,evalPimNoiseCalibration,MH02/quadrature,all_pim_combined_coarse,all,13.0,7.0,0.616926,1.34407,11.662
20260504T020331353Z,evalPimNoiseCalibration,MH02/tangent,all_pim_combined_coarse,all,13.0,7.0,0.569508,1.34407,11.662
20260504T020331353Z,evalPimNoiseCalibration,MH03/quadrature,all_pim_combined_coarse,all,13.0,7.0,0.871362,1.34407,11.662
20260504T020331353Z,evalPimNoiseCalibration,MH03/tangent,all_pim_combined_coarse,all,13.0,7.0,0.874745,1.34407,11.662
20260504T020331353Z,evalPimNoiseCalibration,MH04/quadrature,all_pim_combined_coarse,all,13.0,7.0,0.923482,1.34407,11.662
20260504T020331353Z,evalPimNoiseCalibration,MH04/tangent,all_pim_combined_coarse,all,13.0,7.0,0.802996,1.34407,11.662
20260504T020331353Z,evalPimNoiseCalibration,MH05/quadrature,all_pim_combined_coarse,all,13.0,7.0,0.944784,1.34407,11.662
20260504T020331353Z,evalPimNoiseCalibration,MH05/tangent,all_pim_combined_coarse,all,13.0,7.0,0.904479,1.34407,11.662
20260504T020331353Z,evalPimNoiseCalibration,V101/quadrature,all_pim_combined_coarse,all,13.0,7.0,1.55871,1.34407,11.662
20260504T020331353Z,evalPimNoiseCalibration,V101/tangent,all_pim_combined_coarse,all,13.0,7.0,1.52094,1.34407,11.662
20260504T020331353Z,evalPimNoiseCalibration,V102/quadrature,all_pim_combined_coarse,all,13.0,7.0,0.971555,1.34407,11.662
20260504T020331353Z,evalPimNoiseCalibration,V102/tangent,all_pim_combined_coarse,all,13.0,7.0,1.02548,1.34407,11.662
20260504T020331353Z,evalPimNoiseCalibration,V103/quadrature,all_pim_combined_coarse,all,13.0,7.0,1.64137,1.34407,11.662
20260504T020331353Z,evalPimNoiseCalibration,V103/tangent,all_pim_combined_coarse,all,13.0,7.0,1.68498,1.34407,11.662
20260504T020331353Z,evalPimNoiseCalibration,V201/quadrature,all_pim_combined_coarse,all,13.0,7.0,1.53095,1.34407,11.662
20260504T020331353Z,evalPimNoiseCalibration,V201/tangent,all_pim_combined_coarse,all,13.0,7.0,1.63433,1.34407,11.662
20260504T020331353Z,evalPimNoiseCalibration,V202/quadrature,all_pim_combined_coarse,all,13.0,7.0,1.91691,1.34407,11.662
20260504T020331353Z,evalPimNoiseCalibration,V202/tangent,all_pim_combined_coarse,all,13.0,7.0,2.15858,1.34407,11.662
20260504T020331353Z,evalPimNoiseCalibration,V203/quadrature,all_pim_combined_coarse,all,13.0,7.0,3.05591,1.34407,11.662
20260504T020331353Z,evalPimNoiseCalibration,V203/tangent,all_pim_combined_coarse,all,13.0,7.0,2.88761,1.34407,11.662
20260504T020331353Z,evalPimNoiseCalibration,MH01/quadrature,all_pim_combined_coarse,all,13.0,10.0,0.381334,0.73,9.3665
20260504T020331353Z,evalPimNoiseCalibration,MH01/tangent,all_pim_combined_coarse,all,13.0,10.0,0.379129,0.73,9.3665
20260504T020331353Z,evalPimNoiseCalibration,MH02/quadrature,all_pim_combined_coarse,all,13.0,10.0,0.306681,0.73,9.3665
20260504T020331353Z,evalPimNoiseCalibration,MH02/tangent,all_pim_combined_coarse,all,13.0,10.0,0.29898,0.73,9.3665
20260504T020331353Z,evalPimNoiseCalibration,MH03/quadrature,all_pim_combined_coarse,all,13.0,10.0,0.430605,0.73,9.3665
20260504T020331353Z,evalPimNoiseCalibration,MH03/tangent,all_pim_combined_coarse,all,13.0,10.0,0.467229,0.73,9.3665
20260504T020331353Z,evalPimNoiseCalibration,MH04/quadrature,all_pim_combined_coarse,all,13.0,10.0,0.456465,0.73,9.3665
20260504T020331353Z,evalPimNoiseCalibration,MH04/tangent,all_pim_combined_coarse,all,13.0,10.0,0.41254,0.73,9.3665
20260504T020331353Z,evalPimNoiseCalibration,MH05/quadrature,all_pim_combined_coarse,all,13.0,10.0,0.475329,0.73,9.3665
20260504T020331353Z,evalPimNoiseCalibration,MH05/tangent,all_pim_combined_coarse,all,13.0,10.0,0.464299,0.73,9.3665
20260504T020331353Z,evalPimNoiseCalibration,V101/quadrature,all_pim_combined_coarse,all,13.0,10.0,0.906778,0.73,9.3665
20260504T020331353Z,evalPimNoiseCalibration,V101/tangent,all_pim_combined_coarse,all,13.0,10.0,0.917853,0.73,9.3665
20260504T020331353Z,evalPimNoiseCalibration,V102/quadrature,all_pim_combined_coarse,all,13.0,10.0,0.501168,0.73,9.3665
20260504T020331353Z,evalPimNoiseCalibration,V102/tangent,all_pim_combined_coarse,all,13.0,10.0,0.564421,0.73,9.3665
20260504T020331353Z,evalPimNoiseCalibration,V103/quadrature,all_pim_combined_coarse,all,13.0,10.0,0.82675,0.73,9.3665
20260504T020331353Z,evalPimNoiseCalibration,V103/tangent,all_pim_combined_coarse,all,13.0,10.0,0.945111,0.73,9.3665
20260504T020331353Z,evalPimNoiseCalibration,V201/quadrature,all_pim_combined_coarse,all,13.0,10.0,0.777774,0.73,9.3665
20260504T020331353Z,evalPimNoiseCalibration,V201/tangent,all_pim_combined_coarse,all,13.0,10.0,0.843524,0.73,9.3665
20260504T020331353Z,evalPimNoiseCalibration,V202/quadrature,all_pim_combined_coarse,all,13.0,10.0,0.990784,0.73,9.3665
20260504T020331353Z,evalPimNoiseCalibration,V202/tangent,all_pim_combined_coarse,all,13.0,10.0,1.21847,0.73,9.3665
20260504T020331353Z,evalPimNoiseCalibration,V203/quadrature,all_pim_combined_coarse,all,13.0,10.0,1.81361,0.73,9.3665
20260504T020331353Z,evalPimNoiseCalibration,V203/tangent,all_pim_combined_coarse,all,13.0,10.0,1.68118,0.73,9.3665
20260504T020331353Z,evalPimNoiseCalibration,MH01/quadrature,all_pim_combined_coarse,all,13.0,13.0,0.230749,0.48004,12.327
20260504T020331353Z,evalPimNoiseCalibration,MH01/tangent,all_pim_combined_coarse,all,13.0,13.0,0.250505,0.48004,12.327
20260504T020331353Z,evalPimNoiseCalibration,MH02/quadrature,all_pim_combined_coarse,all,13.0,13.0,0.184707,0.48004,12.327
20260504T020331353Z,evalPimNoiseCalibration,MH02/tangent,all_pim_combined_coarse,all,13.0,13.0,0.192893,0.48004,12.327
20260504T020331353Z,evalPimNoiseCalibration,MH03/quadrature,all_pim_combined_coarse,all,13.0,13.0,0.256441,0.48004,12.327
20260504T020331353Z,evalPimNoiseCalibration,MH03/tangent,all_pim_combined_coarse,all,13.0,13.0,0.305706,0.48004,12.327
20260504T020331353Z,evalPimNoiseCalibration,MH04/quadrature,all_pim_combined_coarse,all,13.0,13.0,0.271804,0.48004,12.327
20260504T020331353Z,evalPimNoiseCalibration,MH04/tangent,all_pim_combined_coarse,all,13.0,13.0,0.262336,0.48004,12.327
20260504T020331353Z,evalPimNoiseCalibration,MH05/quadrature,all_pim_combined_coarse,all,13.0,13.0,0.287139,0.48004,12.327
20260504T020331353Z,evalPimNoiseCalibration,MH05/tangent,all_pim_combined_coarse,all,13.0,13.0,0.29203,0.48004,12.327
20260504T020331353Z,evalPimNoiseCalibration,V101/quadrature,all_pim_combined_coarse,all,13.0,13.0,0.639577,0.48004,12.327
20260504T020331353Z,evalPimNoiseCalibration,V101/tangent,all_pim_combined_coarse,all,13.0,13.0,0.658966,0.48004,12.327
20260504T020331353Z,evalPimNoiseCalibration,V102/quadrature,all_pim_combined_coarse,all,13.0,13.0,0.309986,0.48004,12.327
20260504T020331353Z,evalPimNoiseCalibration,V102/tangent,all_pim_combined_coarse,all,13.0,13.0,0.368797,0.48004,12.327
20260504T020331353Z,evalPimNoiseCalibration,V103/quadrature,all_pim_combined_coarse,all,13.0,13.0,0.511596,0.48004,12.327
20260504T020331353Z,evalPimNoiseCalibration,V103/tangent,all_pim_combined_coarse,all,13.0,13.0,0.638469,0.48004,12.327
20260504T020331353Z,evalPimNoiseCalibration,V201/quadrature,all_pim_combined_coarse,all,13.0,13.0,0.478009,0.48004,12.327
20260504T020331353Z,evalPimNoiseCalibration,V201/tangent,all_pim_combined_coarse,all,13.0,13.0,0.538436,0.48004,12.327
20260504T020331353Z,evalPimNoiseCalibration,V202/quadrature,all_pim_combined_coarse,all,13.0,13.0,0.616445,0.48004,12.327
20260504T020331353Z,evalPimNoiseCalibration,V202/tangent,all_pim_combined_coarse,all,13.0,13.0,0.822338,0.48004,12.327
20260504T020331353Z,evalPimNoiseCalibration,V203/quadrature,all_pim_combined_coarse,all,13.0,13.0,1.28461,0.48004,12.327
20260504T020331353Z,evalPimNoiseCalibration,V203/tangent,all_pim_combined_coarse,all,13.0,13.0,1.15934,0.48004,12.327
20260504T020331353Z,evalPimNoiseCalibration,MH01,all_pim_quadrature_coarse,all,0.5,0.5,90.7804,240.473,2634.21
20260504T020331353Z,evalPimNoiseCalibration,MH02,all_pim_quadrature_coarse,all,0.5,0.5,76.9597,240.473,2634.21
20260504T020331353Z,evalPimNoiseCalibration,MH03,all_pim_quadrature_coarse,all,0.5,0.5,125.163,240.473,2634.21
20260504T020331353Z,evalPimNoiseCalibration,MH04,all_pim_quadrature_coarse,all,0.5,0.5,115.338,240.473,2634.21
20260504T020331353Z,evalPimNoiseCalibration,MH05,all_pim_quadrature_coarse,all,0.5,0.5,120.646,240.473,2634.21
20260504T020331353Z,evalPimNoiseCalibration,V101,all_pim_quadrature_coarse,all,0.5,0.5,361.979,240.473,2634.21
20260504T020331353Z,evalPimNoiseCalibration,V102,all_pim_quadrature_coarse,all,0.5,0.5,139.054,240.473,2634.21
20260504T020331353Z,evalPimNoiseCalibration,V103,all_pim_quadrature_coarse,all,0.5,0.5,224.696,240.473,2634.21
20260504T020331353Z,evalPimNoiseCalibration,V201,all_pim_quadrature_coarse,all,0.5,0.5,271.387,240.473,2634.21
20260504T020331353Z,evalPimNoiseCalibration,V202,all_pim_quadrature_coarse,all,0.5,0.5,335.038,240.473,2634.21
20260504T020331353Z,evalPimNoiseCalibration,V203,all_pim_quadrature_coarse,all,0.5,0.5,784.169,240.473,2634.21
20260504T020331353Z,evalPimNoiseCalibration,MH01,all_pim_quadrature_coarse,all,0.5,1.0,36.571,107.066,1166.72
20260504T020331353Z,evalPimNoiseCalibration,MH02,all_pim_quadrature_coarse,all,0.5,1.0,30.2474,107.066,1166.72
20260504T020331353Z,evalPimNoiseCalibration,MH03,all_pim_quadrature_coarse,all,0.5,1.0,44.132,107.066,1166.72
20260504T020331353Z,evalPimNoiseCalibration,MH04,all_pim_quadrature_coarse,all,0.5,1.0,43.9186,107.066,1166.72
20260504T020331353Z,evalPimNoiseCalibration,MH05,all_pim_quadrature_coarse,all,0.5,1.0,46.1083,107.066,1166.72
20260504T020331353Z,evalPimNoiseCalibration,V101,all_pim_quadrature_coarse,all,0.5,1.0,191.262,107.066,1166.72
20260504T020331353Z,evalPimNoiseCalibration,V102,all_pim_quadrature_coarse,all,0.5,1.0,60.5347,107.066,1166.72
20260504T020331353Z,evalPimNoiseCalibration,V103,all_pim_quadrature_coarse,all,0.5,1.0,96.3492,107.066,1166.72
20260504T020331353Z,evalPimNoiseCalibration,V201,all_pim_quadrature_coarse,all,0.5,1.0,95.0326,107.066,1166.72
20260504T020331353Z,evalPimNoiseCalibration,V202,all_pim_quadrature_coarse,all,0.5,1.0,128.909,107.066,1166.72
20260504T020331353Z,evalPimNoiseCalibration,V203,all_pim_quadrature_coarse,all,0.5,1.0,404.659,107.066,1166.72
20260504T020331353Z,evalPimNoiseCalibration,MH01,all_pim_quadrature_coarse,all,0.5,2.0,16.0775,65.3265,707.592
20260504T020331353Z,evalPimNoiseCalibration,MH02,all_pim_quadrature_coarse,all,0.5,2.0,12.65,65.3265,707.592
20260504T020331353Z,evalPimNoiseCalibration,MH03,all_pim_quadrature_coarse,all,0.5,2.0,19.0219,65.3265,707.592
20260504T020331353Z,evalPimNoiseCalibration,MH04,all_pim_quadrature_coarse,all,0.5,2.0,19.376,65.3265,707.592
20260504T020331353Z,evalPimNoiseCalibration,MH05,all_pim_quadrature_coarse,all,0.5,2.0,19.6353,65.3265,707.592
20260504T020331353Z,evalPimNoiseCalibration,V101,all_pim_quadrature_coarse,all,0.5,2.0,135.322,65.3265,707.592
20260504T020331353Z,evalPimNoiseCalibration,V102,all_pim_quadrature_coarse,all,0.5,2.0,30.4441,65.3265,707.592
20260504T020331353Z,evalPimNoiseCalibration,V103,all_pim_quadrature_coarse,all,0.5,2.0,48.4377,65.3265,707.592
20260504T020331353Z,evalPimNoiseCalibration,V201,all_pim_quadrature_coarse,all,0.5,2.0,43.4428,65.3265,707.592
20260504T020331353Z,evalPimNoiseCalibration,V202,all_pim_quadrature_coarse,all,0.5,2.0,61.8286,65.3265,707.592
20260504T020331353Z,evalPimNoiseCalibration,V203,all_pim_quadrature_coarse,all,0.5,2.0,312.356,65.3265,707.592
20260504T020331353Z,evalPimNoiseCalibration,MH01,all_pim_quadrature_coarse,all,0.5,3.0,10.2028,56.2753,608.028
20260504T020331353Z,evalPimNoiseCalibration,MH02,all_pim_quadrature_coarse,all,0.5,3.0,8.35183,56.2753,608.028
20260504T020331353Z,evalPimNoiseCalibration,MH03,all_pim_quadrature_coarse,all,0.5,3.0,13.031,56.2753,608.028
20260504T020331353Z,evalPimNoiseCalibration,MH04,all_pim_quadrature_coarse,all,0.5,3.0,13.4465,56.2753,608.028
20260504T020331353Z,evalPimNoiseCalibration,MH05,all_pim_quadrature_coarse,all,0.5,3.0,12.8916,56.2753,608.028
20260504T020331353Z,evalPimNoiseCalibration,V101,all_pim_quadrature_coarse,all,0.5,3.0,124.298,56.2753,608.028
20260504T020331353Z,evalPimNoiseCalibration,V102,all_pim_quadrature_coarse,all,0.5,3.0,22.2734,56.2753,608.028
20260504T020331353Z,evalPimNoiseCalibration,V103,all_pim_quadrature_coarse,all,0.5,3.0,36.1101,56.2753,608.028
20260504T020331353Z,evalPimNoiseCalibration,V201,all_pim_quadrature_coarse,all,0.5,3.0,30.8046,56.2753,608.028
20260504T020331353Z,evalPimNoiseCalibration,V202,all_pim_quadrature_coarse,all,0.5,3.0,45.3645,56.2753,608.028
20260504T020331353Z,evalPimNoiseCalibration,V203,all_pim_quadrature_coarse,all,0.5,3.0,302.254,56.2753,608.028
20260504T020331353Z,evalPimNoiseCalibration,MH01,all_pim_quadrature_coarse,all,0.5,5.0,7.48583,51.1636,551.8
20260504T020331353Z,evalPimNoiseCalibration,MH02,all_pim_quadrature_coarse,all,0.5,5.0,5.87216,51.1636,551.8
20260504T020331353Z,evalPimNoiseCalibration,MH03,all_pim_quadrature_coarse,all,0.5,5.0,9.16456,51.1636,551.8
20260504T020331353Z,evalPimNoiseCalibration,MH04,all_pim_quadrature_coarse,all,0.5,5.0,9.55924,51.1636,551.8
20260504T020331353Z,evalPimNoiseCalibration,MH05,all_pim_quadrature_coarse,all,0.5,5.0,8.73246,51.1636,551.8
20260504T020331353Z,evalPimNoiseCalibration,V101,all_pim_quadrature_coarse,all,0.5,5.0,117.837,51.1636,551.8
20260504T020331353Z,evalPimNoiseCalibration,V102,all_pim_quadrature_coarse,all,0.5,5.0,17.4903,51.1636,551.8
20260504T020331353Z,evalPimNoiseCalibration,V103,all_pim_quadrature_coarse,all,0.5,5.0,27.5125,51.1636,551.8
20260504T020331353Z,evalPimNoiseCalibration,V201,all_pim_quadrature_coarse,all,0.5,5.0,24.7681,51.1636,551.8
20260504T020331353Z,evalPimNoiseCalibration,V202,all_pim_quadrature_coarse,all,0.5,5.0,37.1854,51.1636,551.8
20260504T020331353Z,evalPimNoiseCalibration,V203,all_pim_quadrature_coarse,all,0.5,5.0,297.192,51.1636,551.8
20260504T020331353Z,evalPimNoiseCalibration,MH01,all_pim_quadrature_coarse,all,0.5,7.0,6.42801,49.6404,535.044
20260504T020331353Z,evalPimNoiseCalibration,MH02,all_pim_quadrature_coarse,all,0.5,7.0,5.32595,49.6404,535.044
20260504T020331353Z,evalPimNoiseCalibration,MH03,all_pim_quadrature_coarse,all,0.5,7.0,7.83879,49.6404,535.044
20260504T020331353Z,evalPimNoiseCalibration,MH04,all_pim_quadrature_coarse,all,0.5,7.0,8.37833,49.6404,535.044
20260504T020331353Z,evalPimNoiseCalibration,MH05,all_pim_quadrature_coarse,all,0.5,7.0,7.37584,49.6404,535.044
20260504T020331353Z,evalPimNoiseCalibration,V101,all_pim_quadrature_coarse,all,0.5,7.0,116.265,49.6404,535.044
20260504T020331353Z,evalPimNoiseCalibration,V102,all_pim_quadrature_coarse,all,0.5,7.0,16.5619,49.6404,535.044
20260504T020331353Z,evalPimNoiseCalibration,V103,all_pim_quadrature_coarse,all,0.5,7.0,24.8877,49.6404,535.044
20260504T020331353Z,evalPimNoiseCalibration,V201,all_pim_quadrature_coarse,all,0.5,7.0,22.8627,49.6404,535.044
20260504T020331353Z,evalPimNoiseCalibration,V202,all_pim_quadrature_coarse,all,0.5,7.0,34.9234,49.6404,535.044
20260504T020331353Z,evalPimNoiseCalibration,V203,all_pim_quadrature_coarse,all,0.5,7.0,295.197,49.6404,535.044
20260504T020331353Z,evalPimNoiseCalibration,MH01,all_pim_quadrature_coarse,all,0.5,10.0,5.67732,48.724,524.964
20260504T020331353Z,evalPimNoiseCalibration,MH02,all_pim_quadrature_coarse,all,0.5,10.0,4.85105,48.724,524.964
20260504T020331353Z,evalPimNoiseCalibration,MH03,all_pim_quadrature_coarse,all,0.5,10.0,6.89619,48.724,524.964
20260504T020331353Z,evalPimNoiseCalibration,MH04,all_pim_quadrature_coarse,all,0.5,10.0,7.29725,48.724,524.964
20260504T020331353Z,evalPimNoiseCalibration,MH05,all_pim_quadrature_coarse,all,0.5,10.0,6.57812,48.724,524.964
20260504T020331353Z,evalPimNoiseCalibration,V101,all_pim_quadrature_coarse,all,0.5,10.0,115.693,48.724,524.964
20260504T020331353Z,evalPimNoiseCalibration,V102,all_pim_quadrature_coarse,all,0.5,10.0,15.9494,48.724,524.964
20260504T020331353Z,evalPimNoiseCalibration,V103,all_pim_quadrature_coarse,all,0.5,10.0,23.6401,48.724,524.964
20260504T020331353Z,evalPimNoiseCalibration,V201,all_pim_quadrature_coarse,all,0.5,10.0,21.6421,48.724,524.964
20260504T020331353Z,evalPimNoiseCalibration,V202,all_pim_quadrature_coarse,all,0.5,10.0,33.6077,48.724,524.964
20260504T020331353Z,evalPimNoiseCalibration,V203,all_pim_quadrature_coarse,all,0.5,10.0,294.131,48.724,524.964
20260504T020331353Z,evalPimNoiseCalibration,MH01,all_pim_quadrature_coarse,all,0.5,13.0,5.47707,48.4122,521.534
20260504T020331353Z,evalPimNoiseCalibration,MH02,all_pim_quadrature_coarse,all,0.5,13.0,4.66024,48.4122,521.534
20260504T020331353Z,evalPimNoiseCalibration,MH03,all_pim_quadrature_coarse,all,0.5,13.0,6.43559,48.4122,521.534
20260504T020331353Z,evalPimNoiseCalibration,MH04,all_pim_quadrature_coarse,all,0.5,13.0,6.94633,48.4122,521.534
20260504T020331353Z,evalPimNoiseCalibration,MH05,all_pim_quadrature_coarse,all,0.5,13.0,6.30231,48.4122,521.534
20260504T020331353Z,evalPimNoiseCalibration,V101,all_pim_quadrature_coarse,all,0.5,13.0,115.583,48.4122,521.534
20260504T020331353Z,evalPimNoiseCalibration,V102,all_pim_quadrature_coarse,all,0.5,13.0,15.6577,48.4122,521.534
20260504T020331353Z,evalPimNoiseCalibration,V103,all_pim_quadrature_coarse,all,0.5,13.0,23.2369,48.4122,521.534
20260504T020331353Z,evalPimNoiseCalibration,V201,all_pim_quadrature_coarse,all,0.5,13.0,21.3858,48.4122,521.534
20260504T020331353Z,evalPimNoiseCalibration,V202,all_pim_quadrature_coarse,all,0.5,13.0,33.1367,48.4122,521.534
20260504T020331353Z,evalPimNoiseCalibration,V203,all_pim_quadrature_coarse,all,0.5,13.0,293.712,48.4122,521.534
20260504T020331353Z,evalPimNoiseCalibration,MH01,all_pim_quadrature_coarse,all,1.0,0.5,86.9928,190.734,2087.08
20260504T020331353Z,evalPimNoiseCalibration,MH02,all_pim_quadrature_coarse,all,1.0,0.5,71.9558,190.734,2087.08
20260504T020331353Z,evalPimNoiseCalibration,MH03,all_pim_quadrature_coarse,all,1.0,0.5,115.635,190.734,2087.08
20260504T020331353Z,evalPimNoiseCalibration,MH04,all_pim_quadrature_coarse,all,1.0,0.5,109.335,190.734,2087.08
20260504T020331353Z,evalPimNoiseCalibration,MH05,all_pim_quadrature_coarse,all,1.0,0.5,117.031,190.734,2087.08
20260504T020331353Z,evalPimNoiseCalibration,V101,all_pim_quadrature_coarse,all,1.0,0.5,241.866,190.734,2087.08
20260504T020331353Z,evalPimNoiseCalibration,V102,all_pim_quadrature_coarse,all,1.0,0.5,119.29,190.734,2087.08
20260504T020331353Z,evalPimNoiseCalibration,V103,all_pim_quadrature_coarse,all,1.0,0.5,193.893,190.734,2087.08
20260504T020331353Z,evalPimNoiseCalibration,V201,all_pim_quadrature_coarse,all,1.0,0.5,249.966,190.734,2087.08
20260504T020331353Z,evalPimNoiseCalibration,V202,all_pim_quadrature_coarse,all,1.0,0.5,294.744,190.734,2087.08
20260504T020331353Z,evalPimNoiseCalibration,V203,all_pim_quadrature_coarse,all,1.0,0.5,497.367,190.734,2087.08
20260504T020331353Z,evalPimNoiseCalibration,MH01,all_pim_quadrature_coarse,all,1.0,1.0,30.4735,68.1391,738.53
20260504T020331353Z,evalPimNoiseCalibration,MH02,all_pim_quadrature_coarse,all,1.0,1.0,24.9313,68.1391,738.53
20260504T020331353Z,evalPimNoiseCalibration,MH03,all_pim_quadrature_coarse,all,1.0,1.0,36.9631,68.1391,738.53
20260504T020331353Z,evalPimNoiseCalibration,MH04,all_pim_quadrature_coarse,all,1.0,1.0,36.454,68.1391,738.53
20260504T020331353Z,evalPimNoiseCalibration,MH05,all_pim_quadrature_coarse,all,1.0,1.0,39.0713,68.1391,738.53
20260504T020331353Z,evalPimNoiseCalibration,V101,all_pim_quadrature_coarse,all,1.0,1.0,98.3216,68.1391,738.53
20260504T020331353Z,evalPimNoiseCalibration,V102,all_pim_quadrature_coarse,all,1.0,1.0,42.2927,68.1391,738.53
20260504T020331353Z,evalPimNoiseCalibration,V103,all_pim_quadrature_coarse,all,1.0,1.0,70.8218,68.1391,738.53
20260504T020331353Z,evalPimNoiseCalibration,V201,all_pim_quadrature_coarse,all,1.0,1.0,74.804,68.1391,738.53
20260504T020331353Z,evalPimNoiseCalibration,V202,all_pim_quadrature_coarse,all,1.0,1.0,91.9994,68.1391,738.53
20260504T020331353Z,evalPimNoiseCalibration,V203,all_pim_quadrature_coarse,all,1.0,1.0,203.398,68.1391,738.53
20260504T020331353Z,evalPimNoiseCalibration,MH01,all_pim_quadrature_coarse,all,1.0,2.0,10.438,28.3581,300.939
20260504T020331353Z,evalPimNoiseCalibration,MH02,all_pim_quadrature_coarse,all,1.0,2.0,8.59579,28.3581,300.939
20260504T020331353Z,evalPimNoiseCalibration,MH03,all_pim_quadrature_coarse,all,1.0,2.0,12.0961,28.3581,300.939
20260504T020331353Z,evalPimNoiseCalibration,MH04,all_pim_quadrature_coarse,all,1.0,2.0,12.6924,28.3581,300.939
20260504T020331353Z,evalPimNoiseCalibration,MH05,all_pim_quadrature_coarse,all,1.0,2.0,12.9262,28.3581,300.939
20260504T020331353Z,evalPimNoiseCalibration,V101,all_pim_quadrature_coarse,all,1.0,2.0,49.2909,28.3581,300.939
20260504T020331353Z,evalPimNoiseCalibration,V102,all_pim_quadrature_coarse,all,1.0,2.0,16.8068,28.3581,300.939
20260504T020331353Z,evalPimNoiseCalibration,V103,all_pim_quadrature_coarse,all,1.0,2.0,27.3657,28.3581,300.939
20260504T020331353Z,evalPimNoiseCalibration,V201,all_pim_quadrature_coarse,all,1.0,2.0,25.1506,28.3581,300.939
20260504T020331353Z,evalPimNoiseCalibration,V202,all_pim_quadrature_coarse,all,1.0,2.0,33.4468,28.3581,300.939
20260504T020331353Z,evalPimNoiseCalibration,V203,all_pim_quadrature_coarse,all,1.0,2.0,103.13,28.3581,300.939
20260504T020331353Z,evalPimNoiseCalibration,MH01,all_pim_quadrature_coarse,all,1.0,3.0,5.95299,19.8784,207.663
20260504T020331353Z,evalPimNoiseCalibration,MH02,all_pim_quadrature_coarse,all,1.0,3.0,4.83851,19.8784,207.663
20260504T020331353Z,evalPimNoiseCalibration,MH03,all_pim_quadrature_coarse,all,1.0,3.0,6.78844,19.8784,207.663
20260504T020331353Z,evalPimNoiseCalibration,MH04,all_pim_quadrature_coarse,all,1.0,3.0,7.25604,19.8784,207.663
20260504T020331353Z,evalPimNoiseCalibration,MH05,all_pim_quadrature_coarse,all,1.0,3.0,7.18443,19.8784,207.663
20260504T020331353Z,evalPimNoiseCalibration,V101,all_pim_quadrature_coarse,all,1.0,3.0,37.4463,19.8784,207.663
20260504T020331353Z,evalPimNoiseCalibration,V102,all_pim_quadrature_coarse,all,1.0,3.0,10.1425,19.8784,207.663
20260504T020331353Z,evalPimNoiseCalibration,V103,all_pim_quadrature_coarse,all,1.0,3.0,16.8221,19.8784,207.663
20260504T020331353Z,evalPimNoiseCalibration,V201,all_pim_quadrature_coarse,all,1.0,3.0,14.932,19.8784,207.663
20260504T020331353Z,evalPimNoiseCalibration,V202,all_pim_quadrature_coarse,all,1.0,3.0,20.6786,19.8784,207.663
20260504T020331353Z,evalPimNoiseCalibration,V203,all_pim_quadrature_coarse,all,1.0,3.0,86.621,19.8784,207.663
20260504T020331353Z,evalPimNoiseCalibration,MH01,all_pim_quadrature_coarse,all,1.0,5.0,3.20792,14.9987,153.986
20260504T020331353Z,evalPimNoiseCalibration,MH02,all_pim_quadrature_coarse,all,1.0,5.0,2.52998,14.9987,153.986
20260504T020331353Z,evalPimNoiseCalibration,MH03,all_pim_quadrature_coarse,all,1.0,5.0,3.87222,14.9987,153.986
20260504T020331353Z,evalPimNoiseCalibration,MH04,all_pim_quadrature_coarse,all,1.0,5.0,3.91242,14.9987,153.986
20260504T020331353Z,evalPimNoiseCalibration,MH05,all_pim_quadrature_coarse,all,1.0,5.0,3.9937,14.9987,153.986
20260504T020331353Z,evalPimNoiseCalibration,V101,all_pim_quadrature_coarse,all,1.0,5.0,32.0949,14.9987,153.986
20260504T020331353Z,evalPimNoiseCalibration,V102,all_pim_quadrature_coarse,all,1.0,5.0,6.60228,14.9987,153.986
20260504T020331353Z,evalPimNoiseCalibration,V103,all_pim_quadrature_coarse,all,1.0,5.0,10.2986,14.9987,153.986
20260504T020331353Z,evalPimNoiseCalibration,V201,all_pim_quadrature_coarse,all,1.0,5.0,8.91461,14.9987,153.986
20260504T020331353Z,evalPimNoiseCalibration,V202,all_pim_quadrature_coarse,all,1.0,5.0,12.9503,14.9987,153.986
20260504T020331353Z,evalPimNoiseCalibration,V203,all_pim_quadrature_coarse,all,1.0,5.0,76.6087,14.9987,153.986
20260504T020331353Z,evalPimNoiseCalibration,MH01,all_pim_quadrature_coarse,all,1.0,7.0,2.33876,13.5839,138.423
20260504T020331353Z,evalPimNoiseCalibration,MH02,all_pim_quadrature_coarse,all,1.0,7.0,1.82977,13.5839,138.423
20260504T020331353Z,evalPimNoiseCalibration,MH03,all_pim_quadrature_coarse,all,1.0,7.0,2.90532,13.5839,138.423
20260504T020331353Z,evalPimNoiseCalibration,MH04,all_pim_quadrature_coarse,all,1.0,7.0,2.95409,13.5839,138.423
20260504T020331353Z,evalPimNoiseCalibration,MH05,all_pim_quadrature_coarse,all,1.0,7.0,2.81918,13.5839,138.423
20260504T020331353Z,evalPimNoiseCalibration,V101,all_pim_quadrature_coarse,all,1.0,7.0,30.3379,13.5839,138.423
20260504T020331353Z,evalPimNoiseCalibration,V102,all_pim_quadrature_coarse,all,1.0,7.0,5.16355,13.5839,138.423
20260504T020331353Z,evalPimNoiseCalibration,V103,all_pim_quadrature_coarse,all,1.0,7.0,8.17349,13.5839,138.423
20260504T020331353Z,evalPimNoiseCalibration,V201,all_pim_quadrature_coarse,all,1.0,7.0,7.09999,13.5839,138.423
20260504T020331353Z,evalPimNoiseCalibration,V202,all_pim_quadrature_coarse,all,1.0,7.0,10.659,13.5839,138.423
20260504T020331353Z,evalPimNoiseCalibration,V203,all_pim_quadrature_coarse,all,1.0,7.0,75.1416,13.5839,138.423
20260504T020331353Z,evalPimNoiseCalibration,MH01,all_pim_quadrature_coarse,all,1.0,10.0,1.88014,12.8049,129.854
20260504T020331353Z,evalPimNoiseCalibration,MH02,all_pim_quadrature_coarse,all,1.0,10.0,1.47334,12.8049,129.854
20260504T020331353Z,evalPimNoiseCalibration,MH03,all_pim_quadrature_coarse,all,1.0,10.0,2.30098,12.8049,129.854
20260504T020331353Z,evalPimNoiseCalibration,MH04,all_pim_quadrature_coarse,all,1.0,10.0,2.39545,12.8049,129.854
20260504T020331353Z,evalPimNoiseCalibration,MH05,all_pim_quadrature_coarse,all,1.0,10.0,2.19205,12.8049,129.854
20260504T020331353Z,evalPimNoiseCalibration,V101,all_pim_quadrature_coarse,all,1.0,10.0,29.4794,12.8049,129.854
20260504T020331353Z,evalPimNoiseCalibration,V102,all_pim_quadrature_coarse,all,1.0,10.0,4.38003,12.8049,129.854
20260504T020331353Z,evalPimNoiseCalibration,V103,all_pim_quadrature_coarse,all,1.0,10.0,6.89273,12.8049,129.854
20260504T020331353Z,evalPimNoiseCalibration,V201,all_pim_quadrature_coarse,all,1.0,10.0,6.20129,12.8049,129.854
20260504T020331353Z,evalPimNoiseCalibration,V202,all_pim_quadrature_coarse,all,1.0,10.0,9.31835,12.8049,129.854
20260504T020331353Z,evalPimNoiseCalibration,V203,all_pim_quadrature_coarse,all,1.0,10.0,74.3407,12.8049,129.854
20260504T020331353Z,evalPimNoiseCalibration,MH01,all_pim_quadrature_coarse,all,1.0,13.0,1.67698,12.4838,126.322
20260504T020331353Z,evalPimNoiseCalibration,MH02,all_pim_quadrature_coarse,all,1.0,13.0,1.34468,12.4838,126.322
20260504T020331353Z,evalPimNoiseCalibration,MH03,all_pim_quadrature_coarse,all,1.0,13.0,2.03355,12.4838,126.322
20260504T020331353Z,evalPimNoiseCalibration,MH04,all_pim_quadrature_coarse,all,1.0,13.0,2.13948,12.4838,126.322
20260504T020331353Z,evalPimNoiseCalibration,MH05,all_pim_quadrature_coarse,all,1.0,13.0,1.88522,12.4838,126.322
20260504T020331353Z,evalPimNoiseCalibration,V101,all_pim_quadrature_coarse,all,1.0,13.0,29.1483,12.4838,126.322
20260504T020331353Z,evalPimNoiseCalibration,V102,all_pim_quadrature_coarse,all,1.0,13.0,4.21237,12.4838,126.322
20260504T020331353Z,evalPimNoiseCalibration,V103,all_pim_quadrature_coarse,all,1.0,13.0,6.34584,12.4838,126.322
20260504T020331353Z,evalPimNoiseCalibration,V201,all_pim_quadrature_coarse,all,1.0,13.0,5.83729,12.4838,126.322
20260504T020331353Z,evalPimNoiseCalibration,V202,all_pim_quadrature_coarse,all,1.0,13.0,8.77642,12.4838,126.322
20260504T020331353Z,evalPimNoiseCalibration,V203,all_pim_quadrature_coarse,all,1.0,13.0,73.9218,12.4838,126.322
20260504T020331353Z,evalPimNoiseCalibration,MH01,all_pim_quadrature_coarse,all,2.0,0.5,84.373,172.637,1888.01
20260504T020331353Z,evalPimNoiseCalibration,MH02,all_pim_quadrature_coarse,all,2.0,0.5,70.0335,172.637,1888.01
20260504T020331353Z,evalPimNoiseCalibration,MH03,all_pim_quadrature_coarse,all,2.0,0.5,114.036,172.637,1888.01
20260504T020331353Z,evalPimNoiseCalibration,MH04,all_pim_quadrature_coarse,all,2.0,0.5,106.467,172.637,1888.01
20260504T020331353Z,evalPimNoiseCalibration,MH05,all_pim_quadrature_coarse,all,2.0,0.5,116.137,172.637,1888.01
20260504T020331353Z,evalPimNoiseCalibration,V101,all_pim_quadrature_coarse,all,2.0,0.5,194.42,172.637,1888.01
20260504T020331353Z,evalPimNoiseCalibration,V102,all_pim_quadrature_coarse,all,2.0,0.5,115.277,172.637,1888.01
20260504T020331353Z,evalPimNoiseCalibration,V103,all_pim_quadrature_coarse,all,2.0,0.5,185.148,172.637,1888.01
20260504T020331353Z,evalPimNoiseCalibration,V201,all_pim_quadrature_coarse,all,2.0,0.5,240.057,172.637,1888.01
20260504T020331353Z,evalPimNoiseCalibration,V202,all_pim_quadrature_coarse,all,2.0,0.5,279.055,172.637,1888.01
20260504T020331353Z,evalPimNoiseCalibration,V203,all_pim_quadrature_coarse,all,2.0,0.5,394.007,172.637,1888.01
20260504T020331353Z,evalPimNoiseCalibration,MH01,all_pim_quadrature_coarse,all,2.0,1.0,29.0429,55.4073,598.481
20260504T020331353Z,evalPimNoiseCalibration,MH02,all_pim_quadrature_coarse,all,2.0,1.0,24.099,55.4073,598.481
20260504T020331353Z,evalPimNoiseCalibration,MH03,all_pim_quadrature_coarse,all,2.0,1.0,34.9922,55.4073,598.481
20260504T020331353Z,evalPimNoiseCalibration,MH04,all_pim_quadrature_coarse,all,2.0,1.0,34.4238,55.4073,598.481
20260504T020331353Z,evalPimNoiseCalibration,MH05,all_pim_quadrature_coarse,all,2.0,1.0,36.6986,55.4073,598.481
20260504T020331353Z,evalPimNoiseCalibration,V101,all_pim_quadrature_coarse,all,2.0,1.0,66.0328,55.4073,598.481
20260504T020331353Z,evalPimNoiseCalibration,V102,all_pim_quadrature_coarse,all,2.0,1.0,37.9067,55.4073,598.481
20260504T020331353Z,evalPimNoiseCalibration,V103,all_pim_quadrature_coarse,all,2.0,1.0,62.4185,55.4073,598.481
20260504T020331353Z,evalPimNoiseCalibration,V201,all_pim_quadrature_coarse,all,2.0,1.0,67.8361,55.4073,598.481
20260504T020331353Z,evalPimNoiseCalibration,V202,all_pim_quadrature_coarse,all,2.0,1.0,82.8379,55.4073,598.481
20260504T020331353Z,evalPimNoiseCalibration,V203,all_pim_quadrature_coarse,all,2.0,1.0,133.192,55.4073,598.481
20260504T020331353Z,evalPimNoiseCalibration,MH01,all_pim_quadrature_coarse,all,2.0,2.0,8.95506,18.6137,193.75
20260504T020331353Z,evalPimNoiseCalibration,MH02,all_pim_quadrature_coarse,all,2.0,2.0,7.25837,18.6137,193.75
20260504T020331353Z,evalPimNoiseCalibration,MH03,all_pim_quadrature_coarse,all,2.0,2.0,10.2516,18.6137,193.75
20260504T020331353Z,evalPimNoiseCalibration,MH04,all_pim_quadrature_coarse,all,2.0,2.0,10.701,18.6137,193.75
20260504T020331353Z,evalPimNoiseCalibration,MH05,all_pim_quadrature_coarse,all,2.0,2.0,11.2371,18.6137,193.75
20260504T020331353Z,evalPimNoiseCalibration,V101,all_pim_quadrature_coarse,all,2.0,2.0,26.2681,18.6137,193.75
20260504T020331353Z,evalPimNoiseCalibration,V102,all_pim_quadrature_coarse,all,2.0,2.0,12.1145,18.6137,193.75
20260504T020331353Z,evalPimNoiseCalibration,V103,all_pim_quadrature_coarse,all,2.0,2.0,20.0958,18.6137,193.75
20260504T020331353Z,evalPimNoiseCalibration,V201,all_pim_quadrature_coarse,all,2.0,2.0,19.7428,18.6137,193.75
20260504T020331353Z,evalPimNoiseCalibration,V202,all_pim_quadrature_coarse,all,2.0,2.0,25.0059,18.6137,193.75
20260504T020331353Z,evalPimNoiseCalibration,V203,all_pim_quadrature_coarse,all,2.0,2.0,53.1199,18.6137,193.75
20260504T020331353Z,evalPimNoiseCalibration,MH01,all_pim_quadrature_coarse,all,2.0,3.0,4.37705,10.2703,101.974
20260504T020331353Z,evalPimNoiseCalibration,MH02,all_pim_quadrature_coarse,all,2.0,3.0,3.53306,10.2703,101.974
20260504T020331353Z,evalPimNoiseCalibration,MH03,all_pim_quadrature_coarse,all,2.0,3.0,5.077,10.2703,101.974
20260504T020331353Z,evalPimNoiseCalibration,MH04,all_pim_quadrature_coarse,all,2.0,3.0,5.22741,10.2703,101.974
20260504T020331353Z,evalPimNoiseCalibration,MH05,all_pim_quadrature_coarse,all,2.0,3.0,5.54893,10.2703,101.974
20260504T020331353Z,evalPimNoiseCalibration,V101,all_pim_quadrature_coarse,all,2.0,3.0,16.255,10.2703,101.974
20260504T020331353Z,evalPimNoiseCalibration,V102,all_pim_quadrature_coarse,all,2.0,3.0,6.27483,10.2703,101.974
20260504T020331353Z,evalPimNoiseCalibration,V103,all_pim_quadrature_coarse,all,2.0,3.0,10.8043,10.2703,101.974
20260504T020331353Z,evalPimNoiseCalibration,V201,all_pim_quadrature_coarse,all,2.0,3.0,9.8083,10.2703,101.974
20260504T020331353Z,evalPimNoiseCalibration,V202,all_pim_quadrature_coarse,all,2.0,3.0,13.1821,10.2703,101.974
20260504T020331353Z,evalPimNoiseCalibration,V203,all_pim_quadrature_coarse,all,2.0,3.0,32.8857,10.2703,101.974
20260504T020331353Z,evalPimNoiseCalibration,MH01,all_pim_quadrature_coarse,all,2.0,5.0,1.96017,5.77532,52.5286
20260504T020331353Z,evalPimNoiseCalibration,MH02,all_pim_quadrature_coarse,all,2.0,5.0,1.62215,5.77532,52.5286
20260504T020331353Z,evalPimNoiseCalibration,MH03,all_pim_quadrature_coarse,all,2.0,5.0,2.22821,5.77532,52.5286
20260504T020331353Z,evalPimNoiseCalibration,MH04,all_pim_quadrature_coarse,all,2.0,5.0,2.35081,5.77532,52.5286
20260504T020331353Z,evalPimNoiseCalibration,MH05,all_pim_quadrature_coarse,all,2.0,5.0,2.34357,5.77532,52.5286
20260504T020331353Z,evalPimNoiseCalibration,V101,all_pim_quadrature_coarse,all,2.0,5.0,10.5465,5.77532,52.5286
20260504T020331353Z,evalPimNoiseCalibration,V102,all_pim_quadrature_coarse,all,2.0,5.0,3.22666,5.77532,52.5286
20260504T020331353Z,evalPimNoiseCalibration,V103,all_pim_quadrature_coarse,all,2.0,5.0,5.25968,5.77532,52.5286
20260504T020331353Z,evalPimNoiseCalibration,V201,all_pim_quadrature_coarse,all,2.0,5.0,4.71152,5.77532,52.5286
20260504T020331353Z,evalPimNoiseCalibration,V202,all_pim_quadrature_coarse,all,2.0,5.0,6.4525,5.77532,52.5286
20260504T020331353Z,evalPimNoiseCalibration,V203,all_pim_quadrature_coarse,all,2.0,5.0,22.8268,5.77532,52.5286
20260504T020331353Z,evalPimNoiseCalibration,MH01,all_pim_quadrature_coarse,all,2.0,7.0,1.24381,4.45297,38.0045
20260504T020331353Z,evalPimNoiseCalibration,MH02,all_pim_quadrature_coarse,all,2.0,7.0,0.989114,4.45297,38.0045
20260504T020331353Z,evalPimNoiseCalibration,MH03,all_pim_quadrature_coarse,all,2.0,7.0,1.41073,4.45297,38.0045
20260504T020331353Z,evalPimNoiseCalibration,MH04,all_pim_quadrature_coarse,all,2.0,7.0,1.49128,4.45297,38.0045
20260504T020331353Z,evalPimNoiseCalibration,MH05,all_pim_quadrature_coarse,all,2.0,7.0,1.51511,4.45297,38.0045
20260504T020331353Z,evalPimNoiseCalibration,V101,all_pim_quadrature_coarse,all,2.0,7.0,8.85486,4.45297,38.0045
20260504T020331353Z,evalPimNoiseCalibration,V102,all_pim_quadrature_coarse,all,2.0,7.0,2.20842,4.45297,38.0045
20260504T020331353Z,evalPimNoiseCalibration,V103,all_pim_quadrature_coarse,all,2.0,7.0,3.60236,4.45297,38.0045
20260504T020331353Z,evalPimNoiseCalibration,V201,all_pim_quadrature_coarse,all,2.0,7.0,3.11069,4.45297,38.0045
20260504T020331353Z,evalPimNoiseCalibration,V202,all_pim_quadrature_coarse,all,2.0,7.0,4.42306,4.45297,38.0045
20260504T020331353Z,evalPimNoiseCalibration,V203,all_pim_quadrature_coarse,all,2.0,7.0,20.1332,4.45297,38.0045
20260504T020331353Z,evalPimNoiseCalibration,MH01,all_pim_quadrature_coarse,all,2.0,10.0,0.806631,3.75449,31.5135
20260504T020331353Z,evalPimNoiseCalibration,MH02,all_pim_quadrature_coarse,all,2.0,10.0,0.634107,3.75449,31.5135
20260504T020331353Z,evalPimNoiseCalibration,MH03,all_pim_quadrature_coarse,all,2.0,10.0,0.972688,3.75449,31.5135
20260504T020331353Z,evalPimNoiseCalibration,MH04,all_pim_quadrature_coarse,all,2.0,10.0,0.97949,3.75449,31.5135
20260504T020331353Z,evalPimNoiseCalibration,MH05,all_pim_quadrature_coarse,all,2.0,10.0,1.00361,3.75449,31.5135
20260504T020331353Z,evalPimNoiseCalibration,V101,all_pim_quadrature_coarse,all,2.0,10.0,8.03403,3.75449,31.5135
20260504T020331353Z,evalPimNoiseCalibration,V102,all_pim_quadrature_coarse,all,2.0,10.0,1.65229,3.75449,31.5135
20260504T020331353Z,evalPimNoiseCalibration,V103,all_pim_quadrature_coarse,all,2.0,10.0,2.58481,3.75449,31.5135
20260504T020331353Z,evalPimNoiseCalibration,V201,all_pim_quadrature_coarse,all,2.0,10.0,2.23347,3.75449,31.5135
20260504T020331353Z,evalPimNoiseCalibration,V202,all_pim_quadrature_coarse,all,2.0,10.0,3.23841,3.75449,31.5135
20260504T020331353Z,evalPimNoiseCalibration,V203,all_pim_quadrature_coarse,all,2.0,10.0,19.1598,3.75449,31.5135
20260504T020331353Z,evalPimNoiseCalibration,MH01,all_pim_quadrature_coarse,all,2.0,13.0,0.6164,3.46441,30.2373
20260504T020331353Z,evalPimNoiseCalibration,MH02,all_pim_quadrature_coarse,all,2.0,13.0,0.49254,3.46441,30.2373
20260504T020331353Z,evalPimNoiseCalibration,MH03,all_pim_quadrature_coarse,all,2.0,13.0,0.772592,3.46441,30.2373
20260504T020331353Z,evalPimNoiseCalibration,MH04,all_pim_quadrature_coarse,all,2.0,13.0,0.792078,3.46441,30.2373
20260504T020331353Z,evalPimNoiseCalibration,MH05,all_pim_quadrature_coarse,all,2.0,13.0,0.761957,3.46441,30.2373
20260504T020331353Z,evalPimNoiseCalibration,V101,all_pim_quadrature_coarse,all,2.0,13.0,7.69833,3.46441,30.2373
20260504T020331353Z,evalPimNoiseCalibration,V102,all_pim_quadrature_coarse,all,2.0,13.0,1.35058,3.46441,30.2373
20260504T020331353Z,evalPimNoiseCalibration,V103,all_pim_quadrature_coarse,all,2.0,13.0,2.16805,3.46441,30.2373
20260504T020331353Z,evalPimNoiseCalibration,V201,all_pim_quadrature_coarse,all,2.0,13.0,1.84997,3.46441,30.2373
20260504T020331353Z,evalPimNoiseCalibration,V202,all_pim_quadrature_coarse,all,2.0,13.0,2.76414,3.46441,30.2373
20260504T020331353Z,evalPimNoiseCalibration,V203,all_pim_quadrature_coarse,all,2.0,13.0,18.8418,3.46441,30.2373
20260504T020331353Z,evalPimNoiseCalibration,MH01,all_pim_quadrature_coarse,all,3.0,0.5,82.519,163.835,1791.19
20260504T020331353Z,evalPimNoiseCalibration,MH02,all_pim_quadrature_coarse,all,3.0,0.5,68.6205,163.835,1791.19
20260504T020331353Z,evalPimNoiseCalibration,MH03,all_pim_quadrature_coarse,all,3.0,0.5,112.962,163.835,1791.19
20260504T020331353Z,evalPimNoiseCalibration,MH04,all_pim_quadrature_coarse,all,3.0,0.5,104.064,163.835,1791.19
20260504T020331353Z,evalPimNoiseCalibration,MH05,all_pim_quadrature_coarse,all,3.0,0.5,114.208,163.835,1791.19
20260504T020331353Z,evalPimNoiseCalibration,V101,all_pim_quadrature_coarse,all,3.0,0.5,179.14,163.835,1791.19
20260504T020331353Z,evalPimNoiseCalibration,V102,all_pim_quadrature_coarse,all,3.0,0.5,111.142,163.835,1791.19
20260504T020331353Z,evalPimNoiseCalibration,V103,all_pim_quadrature_coarse,all,3.0,0.5,181.524,163.835,1791.19
20260504T020331353Z,evalPimNoiseCalibration,V201,all_pim_quadrature_coarse,all,3.0,0.5,230.166,163.835,1791.19
20260504T020331353Z,evalPimNoiseCalibration,V202,all_pim_quadrature_coarse,all,3.0,0.5,267.669,163.835,1791.19
20260504T020331353Z,evalPimNoiseCalibration,V203,all_pim_quadrature_coarse,all,3.0,0.5,350.174,163.835,1791.19
20260504T020331353Z,evalPimNoiseCalibration,MH01,all_pim_quadrature_coarse,all,3.0,1.0,28.5692,52.2902,564.192
20260504T020331353Z,evalPimNoiseCalibration,MH02,all_pim_quadrature_coarse,all,3.0,1.0,23.7129,52.2902,564.192
20260504T020331353Z,evalPimNoiseCalibration,MH03,all_pim_quadrature_coarse,all,3.0,1.0,34.4804,52.2902,564.192
20260504T020331353Z,evalPimNoiseCalibration,MH04,all_pim_quadrature_coarse,all,3.0,1.0,34.1762,52.2902,564.192
20260504T020331353Z,evalPimNoiseCalibration,MH05,all_pim_quadrature_coarse,all,3.0,1.0,36.1423,52.2902,564.192
20260504T020331353Z,evalPimNoiseCalibration,V101,all_pim_quadrature_coarse,all,3.0,1.0,58.0071,52.2902,564.192
20260504T020331353Z,evalPimNoiseCalibration,V102,all_pim_quadrature_coarse,all,3.0,1.0,36.5111,52.2902,564.192
20260504T020331353Z,evalPimNoiseCalibration,V103,all_pim_quadrature_coarse,all,3.0,1.0,60.7959,52.2902,564.192
20260504T020331353Z,evalPimNoiseCalibration,V201,all_pim_quadrature_coarse,all,3.0,1.0,66.441,52.2902,564.192
20260504T020331353Z,evalPimNoiseCalibration,V202,all_pim_quadrature_coarse,all,3.0,1.0,80.0535,52.2902,564.192
20260504T020331353Z,evalPimNoiseCalibration,V203,all_pim_quadrature_coarse,all,3.0,1.0,116.303,52.2902,564.192
20260504T020331353Z,evalPimNoiseCalibration,MH01,all_pim_quadrature_coarse,all,3.0,2.0,8.63332,16.2704,167.974
20260504T020331353Z,evalPimNoiseCalibration,MH02,all_pim_quadrature_coarse,all,3.0,2.0,7.05745,16.2704,167.974
20260504T020331353Z,evalPimNoiseCalibration,MH03,all_pim_quadrature_coarse,all,3.0,2.0,10.0784,16.2704,167.974
20260504T020331353Z,evalPimNoiseCalibration,MH04,all_pim_quadrature_coarse,all,3.0,2.0,10.3589,16.2704,167.974
20260504T020331353Z,evalPimNoiseCalibration,MH05,all_pim_quadrature_coarse,all,3.0,2.0,10.9851,16.2704,167.974
20260504T020331353Z,evalPimNoiseCalibration,V101,all_pim_quadrature_coarse,all,3.0,2.0,20.3423,16.2704,167.974
20260504T020331353Z,evalPimNoiseCalibration,V102,all_pim_quadrature_coarse,all,3.0,2.0,11.4232,16.2704,167.974
20260504T020331353Z,evalPimNoiseCalibration,V103,all_pim_quadrature_coarse,all,3.0,2.0,18.752,16.2704,167.974
20260504T020331353Z,evalPimNoiseCalibration,V201,all_pim_quadrature_coarse,all,3.0,2.0,18.585,16.2704,167.974
20260504T020331353Z,evalPimNoiseCalibration,V202,all_pim_quadrature_coarse,all,3.0,2.0,23.1168,16.2704,167.974
20260504T020331353Z,evalPimNoiseCalibration,V203,all_pim_quadrature_coarse,all,3.0,2.0,39.6418,16.2704,167.974
20260504T020331353Z,evalPimNoiseCalibration,MH01,all_pim_quadrature_coarse,all,3.0,3.0,4.14277,8.48196,82.3016
20260504T020331353Z,evalPimNoiseCalibration,MH02,all_pim_quadrature_coarse,all,3.0,3.0,3.35538,8.48196,82.3016
20260504T020331353Z,evalPimNoiseCalibration,MH03,all_pim_quadrature_coarse,all,3.0,3.0,4.67473,8.48196,82.3016
20260504T020331353Z,evalPimNoiseCalibration,MH04,all_pim_quadrature_coarse,all,3.0,3.0,4.89541,8.48196,82.3016
20260504T020331353Z,evalPimNoiseCalibration,MH05,all_pim_quadrature_coarse,all,3.0,3.0,5.2257,8.48196,82.3016
20260504T020331353Z,evalPimNoiseCalibration,V101,all_pim_quadrature_coarse,all,3.0,3.0,11.9117,8.48196,82.3016
20260504T020331353Z,evalPimNoiseCalibration,V102,all_pim_quadrature_coarse,all,3.0,3.0,5.59255,8.48196,82.3016
20260504T020331353Z,evalPimNoiseCalibration,V103,all_pim_quadrature_coarse,all,3.0,3.0,9.37361,8.48196,82.3016
20260504T020331353Z,evalPimNoiseCalibration,V201,all_pim_quadrature_coarse,all,3.0,3.0,8.94296,8.48196,82.3016
20260504T020331353Z,evalPimNoiseCalibration,V202,all_pim_quadrature_coarse,all,3.0,3.0,11.3431,8.48196,82.3016
20260504T020331353Z,evalPimNoiseCalibration,V203,all_pim_quadrature_coarse,all,3.0,3.0,23.8437,8.48196,82.3016
20260504T020331353Z,evalPimNoiseCalibration,MH01,all_pim_quadrature_coarse,all,3.0,5.0,1.6557,4.02552,33.2808
20260504T020331353Z,evalPimNoiseCalibration,MH02,all_pim_quadrature_coarse,all,3.0,5.0,1.33454,4.02552,33.2808
20260504T020331353Z,evalPimNoiseCalibration,MH03,all_pim_quadrature_coarse,all,3.0,5.0,1.91314,4.02552,33.2808
20260504T020331353Z,evalPimNoiseCalibration,MH04,all_pim_quadrature_coarse,all,3.0,5.0,1.99637,4.02552,33.2808
20260504T020331353Z,evalPimNoiseCalibration,MH05,all_pim_quadrature_coarse,all,3.0,5.0,2.08617,4.02552,33.2808
20260504T020331353Z,evalPimNoiseCalibration,V101,all_pim_quadrature_coarse,all,3.0,5.0,6.54316,4.02552,33.2808
20260504T020331353Z,evalPimNoiseCalibration,V102,all_pim_quadrature_coarse,all,3.0,5.0,2.50721,4.02552,33.2808
20260504T020331353Z,evalPimNoiseCalibration,V103,all_pim_quadrature_coarse,all,3.0,5.0,4.16129,4.02552,33.2808
20260504T020331353Z,evalPimNoiseCalibration,V201,all_pim_quadrature_coarse,all,3.0,5.0,3.7954,4.02552,33.2808
20260504T020331353Z,evalPimNoiseCalibration,V202,all_pim_quadrature_coarse,all,3.0,5.0,5.02402,4.02552,33.2808
20260504T020331353Z,evalPimNoiseCalibration,V203,all_pim_quadrature_coarse,all,3.0,5.0,13.2638,4.02552,33.2808
20260504T020331353Z,evalPimNoiseCalibration,MH01,all_pim_quadrature_coarse,all,3.0,7.0,0.970262,2.75515,19.7836
20260504T020331353Z,evalPimNoiseCalibration,MH02,all_pim_quadrature_coarse,all,3.0,7.0,0.791241,2.75515,19.7836
20260504T020331353Z,evalPimNoiseCalibration,MH03,all_pim_quadrature_coarse,all,3.0,7.0,1.11038,2.75515,19.7836
20260504T020331353Z,evalPimNoiseCalibration,MH04,all_pim_quadrature_coarse,all,3.0,7.0,1.15744,2.75515,19.7836
20260504T020331353Z,evalPimNoiseCalibration,MH05,all_pim_quadrature_coarse,all,3.0,7.0,1.16521,2.75515,19.7836
20260504T020331353Z,evalPimNoiseCalibration,V101,all_pim_quadrature_coarse,all,3.0,7.0,4.95101,2.75515,19.7836
20260504T020331353Z,evalPimNoiseCalibration,V102,all_pim_quadrature_coarse,all,3.0,7.0,1.59928,2.75515,19.7836
20260504T020331353Z,evalPimNoiseCalibration,V103,all_pim_quadrature_coarse,all,3.0,7.0,2.59546,2.75515,19.7836
20260504T020331353Z,evalPimNoiseCalibration,V201,all_pim_quadrature_coarse,all,3.0,7.0,2.31334,2.75515,19.7836
20260504T020331353Z,evalPimNoiseCalibration,V202,all_pim_quadrature_coarse,all,3.0,7.0,3.13133,2.75515,19.7836
20260504T020331353Z,evalPimNoiseCalibration,V203,all_pim_quadrature_coarse,all,3.0,7.0,10.5217,2.75515,19.7836
20260504T020331353Z,evalPimNoiseCalibration,MH01,all_pim_quadrature_coarse,all,3.0,10.0,0.5888,2.04972,15.2598
20260504T020331353Z,evalPimNoiseCalibration,MH02,all_pim_quadrature_coarse,all,3.0,10.0,0.472275,2.04972,15.2598
20260504T020331353Z,evalPimNoiseCalibration,MH03,all_pim_quadrature_coarse,all,3.0,10.0,0.667188,2.04972,15.2598
20260504T020331353Z,evalPimNoiseCalibration,MH04,all_pim_quadrature_coarse,all,3.0,10.0,0.707358,2.04972,15.2598
20260504T020331353Z,evalPimNoiseCalibration,MH05,all_pim_quadrature_coarse,all,3.0,10.0,0.707917,2.04972,15.2598
20260504T020331353Z,evalPimNoiseCalibration,V101,all_pim_quadrature_coarse,all,3.0,10.0,3.99644,2.04972,15.2598
20260504T020331353Z,evalPimNoiseCalibration,V102,all_pim_quadrature_coarse,all,3.0,10.0,1.02408,2.04972,15.2598
20260504T020331353Z,evalPimNoiseCalibration,V103,all_pim_quadrature_coarse,all,3.0,10.0,1.68823,2.04972,15.2598
20260504T020331353Z,evalPimNoiseCalibration,V201,all_pim_quadrature_coarse,all,3.0,10.0,1.4574,2.04972,15.2598
20260504T020331353Z,evalPimNoiseCalibration,V202,all_pim_quadrature_coarse,all,3.0,10.0,2.0647,2.04972,15.2598
20260504T020331353Z,evalPimNoiseCalibration,V203,all_pim_quadrature_coarse,all,3.0,10.0,9.17254,2.04972,15.2598
20260504T020331353Z,evalPimNoiseCalibration,MH01,all_pim_quadrature_coarse,all,3.0,13.0,0.424543,1.77053,14.2659
20260504T020331353Z,evalPimNoiseCalibration,MH02,all_pim_quadrature_coarse,all,3.0,13.0,0.331967,1.77053,14.2659
20260504T020331353Z,evalPimNoiseCalibration,MH03,all_pim_quadrature_coarse,all,3.0,13.0,0.501034,1.77053,14.2659
20260504T020331353Z,evalPimNoiseCalibration,MH04,all_pim_quadrature_coarse,all,3.0,13.0,0.510296,1.77053,14.2659
20260504T020331353Z,evalPimNoiseCalibration,MH05,all_pim_quadrature_coarse,all,3.0,13.0,0.522723,1.77053,14.2659
20260504T020331353Z,evalPimNoiseCalibration,V101,all_pim_quadrature_coarse,all,3.0,13.0,3.70143,1.77053,14.2659
20260504T020331353Z,evalPimNoiseCalibration,V102,all_pim_quadrature_coarse,all,3.0,13.0,0.814389,1.77053,14.2659
20260504T020331353Z,evalPimNoiseCalibration,V103,all_pim_quadrature_coarse,all,3.0,13.0,1.29312,1.77053,14.2659
20260504T020331353Z,evalPimNoiseCalibration,V201,all_pim_quadrature_coarse,all,3.0,13.0,1.13715,1.77053,14.2659
20260504T020331353Z,evalPimNoiseCalibration,V202,all_pim_quadrature_coarse,all,3.0,13.0,1.63057,1.77053,14.2659
20260504T020331353Z,evalPimNoiseCalibration,V203,all_pim_quadrature_coarse,all,3.0,13.0,8.60855,1.77053,14.2659
20260504T020331353Z,evalPimNoiseCalibration,MH01,all_pim_quadrature_coarse,all,5.0,0.5,78.2784,149.055,1628.61
20260504T020331353Z,evalPimNoiseCalibration,MH02,all_pim_quadrature_coarse,all,5.0,0.5,65.6933,149.055,1628.61
20260504T020331353Z,evalPimNoiseCalibration,MH03,all_pim_quadrature_coarse,all,5.0,0.5,102.651,149.055,1628.61
20260504T020331353Z,evalPimNoiseCalibration,MH04,all_pim_quadrature_coarse,all,5.0,0.5,98.7665,149.055,1628.61
20260504T020331353Z,evalPimNoiseCalibration,MH05,all_pim_quadrature_coarse,all,5.0,0.5,106.689,149.055,1628.61
20260504T020331353Z,evalPimNoiseCalibration,V101,all_pim_quadrature_coarse,all,5.0,0.5,159.869,149.055,1628.61
20260504T020331353Z,evalPimNoiseCalibration,V102,all_pim_quadrature_coarse,all,5.0,0.5,101.066,149.055,1628.61
20260504T020331353Z,evalPimNoiseCalibration,V103,all_pim_quadrature_coarse,all,5.0,0.5,171.236,149.055,1628.61
20260504T020331353Z,evalPimNoiseCalibration,V201,all_pim_quadrature_coarse,all,5.0,0.5,208.153,149.055,1628.61
20260504T020331353Z,evalPimNoiseCalibration,V202,all_pim_quadrature_coarse,all,5.0,0.5,241.701,149.055,1628.61
20260504T020331353Z,evalPimNoiseCalibration,V203,all_pim_quadrature_coarse,all,5.0,0.5,305.503,149.055,1628.61
20260504T020331353Z,evalPimNoiseCalibration,MH01,all_pim_quadrature_coarse,all,5.0,1.0,28.0295,49.5539,534.093
20260504T020331353Z,evalPimNoiseCalibration,MH02,all_pim_quadrature_coarse,all,5.0,1.0,23.0544,49.5539,534.093
20260504T020331353Z,evalPimNoiseCalibration,MH03,all_pim_quadrature_coarse,all,5.0,1.0,33.8225,49.5539,534.093
20260504T020331353Z,evalPimNoiseCalibration,MH04,all_pim_quadrature_coarse,all,5.0,1.0,33.8797,49.5539,534.093
20260504T020331353Z,evalPimNoiseCalibration,MH05,all_pim_quadrature_coarse,all,5.0,1.0,35.5095,49.5539,534.093
20260504T020331353Z,evalPimNoiseCalibration,V101,all_pim_quadrature_coarse,all,5.0,1.0,52.813,49.5539,534.093
20260504T020331353Z,evalPimNoiseCalibration,V102,all_pim_quadrature_coarse,all,5.0,1.0,35.9409,49.5539,534.093
20260504T020331353Z,evalPimNoiseCalibration,V103,all_pim_quadrature_coarse,all,5.0,1.0,58.6379,49.5539,534.093
20260504T020331353Z,evalPimNoiseCalibration,V201,all_pim_quadrature_coarse,all,5.0,1.0,64.0224,49.5539,534.093
20260504T020331353Z,evalPimNoiseCalibration,V202,all_pim_quadrature_coarse,all,5.0,1.0,77.4075,49.5539,534.093
20260504T020331353Z,evalPimNoiseCalibration,V203,all_pim_quadrature_coarse,all,5.0,1.0,101.976,49.5539,534.093
20260504T020331353Z,evalPimNoiseCalibration,MH01,all_pim_quadrature_coarse,all,5.0,2.0,8.4755,14.9748,153.723
20260504T020331353Z,evalPimNoiseCalibration,MH02,all_pim_quadrature_coarse,all,5.0,2.0,6.97388,14.9748,153.723
20260504T020331353Z,evalPimNoiseCalibration,MH03,all_pim_quadrature_coarse,all,5.0,2.0,9.98269,14.9748,153.723
20260504T020331353Z,evalPimNoiseCalibration,MH04,all_pim_quadrature_coarse,all,5.0,2.0,10.195,14.9748,153.723
20260504T020331353Z,evalPimNoiseCalibration,MH05,all_pim_quadrature_coarse,all,5.0,2.0,10.6793,14.9748,153.723
20260504T020331353Z,evalPimNoiseCalibration,V101,all_pim_quadrature_coarse,all,5.0,2.0,16.3473,14.9748,153.723
20260504T020331353Z,evalPimNoiseCalibration,V102,all_pim_quadrature_coarse,all,5.0,2.0,10.8218,14.9748,153.723
20260504T020331353Z,evalPimNoiseCalibration,V103,all_pim_quadrature_coarse,all,5.0,2.0,18.1393,14.9748,153.723
20260504T020331353Z,evalPimNoiseCalibration,V201,all_pim_quadrature_coarse,all,5.0,2.0,17.8879,14.9748,153.723
20260504T020331353Z,evalPimNoiseCalibration,V202,all_pim_quadrature_coarse,all,5.0,2.0,22.0304,14.9748,153.723
20260504T020331353Z,evalPimNoiseCalibration,V203,all_pim_quadrature_coarse,all,5.0,2.0,33.1899,14.9748,153.723
20260504T020331353Z,evalPimNoiseCalibration,MH01,all_pim_quadrature_coarse,all,5.0,3.0,4.01838,7.27272,68.9999
20260504T020331353Z,evalPimNoiseCalibration,MH02,all_pim_quadrature_coarse,all,5.0,3.0,3.26824,7.27272,68.9999
20260504T020331353Z,evalPimNoiseCalibration,MH03,all_pim_quadrature_coarse,all,5.0,3.0,4.57944,7.27272,68.9999
20260504T020331353Z,evalPimNoiseCalibration,MH04,all_pim_quadrature_coarse,all,5.0,3.0,4.82196,7.27272,68.9999
20260504T020331353Z,evalPimNoiseCalibration,MH05,all_pim_quadrature_coarse,all,5.0,3.0,4.99688,7.27272,68.9999
20260504T020331353Z,evalPimNoiseCalibration,V101,all_pim_quadrature_coarse,all,5.0,3.0,8.74866,7.27272,68.9999
20260504T020331353Z,evalPimNoiseCalibration,V102,all_pim_quadrature_coarse,all,5.0,3.0,5.18563,7.27272,68.9999
20260504T020331353Z,evalPimNoiseCalibration,V103,all_pim_quadrature_coarse,all,5.0,3.0,8.69894,7.27272,68.9999
20260504T020331353Z,evalPimNoiseCalibration,V201,all_pim_quadrature_coarse,all,5.0,3.0,8.33562,7.27272,68.9999
20260504T020331353Z,evalPimNoiseCalibration,V202,all_pim_quadrature_coarse,all,5.0,3.0,10.3329,7.27272,68.9999
20260504T020331353Z,evalPimNoiseCalibration,V203,all_pim_quadrature_coarse,all,5.0,3.0,17.0132,7.27272,68.9999
20260504T020331353Z,evalPimNoiseCalibration,MH01,all_pim_quadrature_coarse,all,5.0,5.0,1.54232,3.09421,23.0363
20260504T020331353Z,evalPimNoiseCalibration,MH02,all_pim_quadrature_coarse,all,5.0,5.0,1.23309,3.09421,23.0363
20260504T020331353Z,evalPimNoiseCalibration,MH03,all_pim_quadrature_coarse,all,5.0,5.0,1.72159,3.09421,23.0363
20260504T020331353Z,evalPimNoiseCalibration,MH04,all_pim_quadrature_coarse,all,5.0,5.0,1.80712,3.09421,23.0363
20260504T020331353Z,evalPimNoiseCalibration,MH05,all_pim_quadrature_coarse,all,5.0,5.0,1.92368,3.09421,23.0363
20260504T020331353Z,evalPimNoiseCalibration,V101,all_pim_quadrature_coarse,all,5.0,5.0,4.31222,3.09421,23.0363
20260504T020331353Z,evalPimNoiseCalibration,V102,all_pim_quadrature_coarse,all,5.0,5.0,2.06749,3.09421,23.0363
20260504T020331353Z,evalPimNoiseCalibration,V103,all_pim_quadrature_coarse,all,5.0,5.0,3.42969,3.09421,23.0363
20260504T020331353Z,evalPimNoiseCalibration,V201,all_pim_quadrature_coarse,all,5.0,5.0,3.22825,3.09421,23.0363
20260504T020331353Z,evalPimNoiseCalibration,V202,all_pim_quadrature_coarse,all,5.0,5.0,4.13728,3.09421,23.0363
20260504T020331353Z,evalPimNoiseCalibration,V203,all_pim_quadrature_coarse,all,5.0,5.0,8.63356,3.09421,23.0363
20260504T020331353Z,evalPimNoiseCalibration,MH01,all_pim_quadrature_coarse,all,5.0,7.0,0.827736,1.83488,10.4083
20260504T020331353Z,evalPimNoiseCalibration,MH02,all_pim_quadrature_coarse,all,5.0,7.0,0.658384,1.83488,10.4083
20260504T020331353Z,evalPimNoiseCalibration,MH03,all_pim_quadrature_coarse,all,5.0,7.0,0.927702,1.83488,10.4083
20260504T020331353Z,evalPimNoiseCalibration,MH04,all_pim_quadrature_coarse,all,5.0,7.0,0.973914,1.83488,10.4083
20260504T020331353Z,evalPimNoiseCalibration,MH05,all_pim_quadrature_coarse,all,5.0,7.0,1.03518,1.83488,10.4083
20260504T020331353Z,evalPimNoiseCalibration,V101,all_pim_quadrature_coarse,all,5.0,7.0,2.83149,1.83488,10.4083
20260504T020331353Z,evalPimNoiseCalibration,V102,all_pim_quadrature_coarse,all,5.0,7.0,1.15727,1.83488,10.4083
20260504T020331353Z,evalPimNoiseCalibration,V103,all_pim_quadrature_coarse,all,5.0,7.0,1.97059,1.83488,10.4083
20260504T020331353Z,evalPimNoiseCalibration,V201,all_pim_quadrature_coarse,all,5.0,7.0,1.79639,1.83488,10.4083
20260504T020331353Z,evalPimNoiseCalibration,V202,all_pim_quadrature_coarse,all,5.0,7.0,2.37035,1.83488,10.4083
20260504T020331353Z,evalPimNoiseCalibration,V203,all_pim_quadrature_coarse,all,5.0,7.0,5.63473,1.83488,10.4083
20260504T020331353Z,evalPimNoiseCalibration,MH01,all_pim_quadrature_coarse,all,5.0,10.0,0.442908,1.17066,7.65327
20260504T020331353Z,evalPimNoiseCalibration,MH02,all_pim_quadrature_coarse,all,5.0,10.0,0.361763,1.17066,7.65327
20260504T020331353Z,evalPimNoiseCalibration,MH03,all_pim_quadrature_coarse,all,5.0,10.0,0.506134,1.17066,7.65327
20260504T020331353Z,evalPimNoiseCalibration,MH04,all_pim_quadrature_coarse,all,5.0,10.0,0.536803,1.17066,7.65327
20260504T020331353Z,evalPimNoiseCalibration,MH05,all_pim_quadrature_coarse,all,5.0,10.0,0.550869,1.17066,7.65327
20260504T020331353Z,evalPimNoiseCalibration,V101,all_pim_quadrature_coarse,all,5.0,10.0,1.99716,1.17066,7.65327
20260504T020331353Z,evalPimNoiseCalibration,V102,all_pim_quadrature_coarse,all,5.0,10.0,0.713517,1.17066,7.65327
20260504T020331353Z,evalPimNoiseCalibration,V103,all_pim_quadrature_coarse,all,5.0,10.0,1.16541,1.17066,7.65327
20260504T020331353Z,evalPimNoiseCalibration,V201,all_pim_quadrature_coarse,all,5.0,10.0,1.03798,1.17066,7.65327
20260504T020331353Z,evalPimNoiseCalibration,V202,all_pim_quadrature_coarse,all,5.0,10.0,1.38146,1.17066,7.65327
20260504T020331353Z,evalPimNoiseCalibration,V203,all_pim_quadrature_coarse,all,5.0,10.0,4.18325,1.17066,7.65327
20260504T020331353Z,evalPimNoiseCalibration,MH01,all_pim_quadrature_coarse,all,5.0,13.0,0.296629,0.899172,7.63522
20260504T020331353Z,evalPimNoiseCalibration,MH02,all_pim_quadrature_coarse,all,5.0,13.0,0.246641,0.899172,7.63522
20260504T020331353Z,evalPimNoiseCalibration,MH03,all_pim_quadrature_coarse,all,5.0,13.0,0.34187,0.899172,7.63522
20260504T020331353Z,evalPimNoiseCalibration,MH04,all_pim_quadrature_coarse,all,5.0,13.0,0.354751,0.899172,7.63522
20260504T020331353Z,evalPimNoiseCalibration,MH05,all_pim_quadrature_coarse,all,5.0,13.0,0.355552,0.899172,7.63522
20260504T020331353Z,evalPimNoiseCalibration,V101,all_pim_quadrature_coarse,all,5.0,13.0,1.64354,0.899172,7.63522
20260504T020331353Z,evalPimNoiseCalibration,V102,all_pim_quadrature_coarse,all,5.0,13.0,0.496926,0.899172,7.63522
20260504T020331353Z,evalPimNoiseCalibration,V103,all_pim_quadrature_coarse,all,5.0,13.0,0.815463,0.899172,7.63522
20260504T020331353Z,evalPimNoiseCalibration,V201,all_pim_quadrature_coarse,all,5.0,13.0,0.728469,0.899172,7.63522
20260504T020331353Z,evalPimNoiseCalibration,V202,all_pim_quadrature_coarse,all,5.0,13.0,0.991537,0.899172,7.63522
20260504T020331353Z,evalPimNoiseCalibration,V203,all_pim_quadrature_coarse,all,5.0,13.0,3.61952,0.899172,7.63522
20260504T020331353Z,evalPimNoiseCalibration,MH01,all_pim_quadrature_coarse,all,7.0,0.5,73.7195,135.114,1475.25
20260504T020331353Z,evalPimNoiseCalibration,MH02,all_pim_quadrature_coarse,all,7.0,0.5,62.2553,135.114,1475.25
20260504T020331353Z,evalPimNoiseCalibration,MH03,all_pim_quadrature_coarse,all,7.0,0.5,95.8435,135.114,1475.25
20260504T020331353Z,evalPimNoiseCalibration,MH04,all_pim_quadrature_coarse,all,7.0,0.5,92.0132,135.114,1475.25
20260504T020331353Z,evalPimNoiseCalibration,MH05,all_pim_quadrature_coarse,all,7.0,0.5,99.1465,135.114,1475.25
20260504T020331353Z,evalPimNoiseCalibration,V101,all_pim_quadrature_coarse,all,7.0,0.5,145.055,135.114,1475.25
20260504T020331353Z,evalPimNoiseCalibration,V102,all_pim_quadrature_coarse,all,7.0,0.5,94.3697,135.114,1475.25
20260504T020331353Z,evalPimNoiseCalibration,V103,all_pim_quadrature_coarse,all,7.0,0.5,161.468,135.114,1475.25
20260504T020331353Z,evalPimNoiseCalibration,V201,all_pim_quadrature_coarse,all,7.0,0.5,183.95,135.114,1475.25
20260504T020331353Z,evalPimNoiseCalibration,V202,all_pim_quadrature_coarse,all,7.0,0.5,214.244,135.114,1475.25
20260504T020331353Z,evalPimNoiseCalibration,V203,all_pim_quadrature_coarse,all,7.0,0.5,264.187,135.114,1475.25
20260504T020331353Z,evalPimNoiseCalibration,MH01,all_pim_quadrature_coarse,all,7.0,1.0,27.3729,47.5486,512.035
20260504T020331353Z,evalPimNoiseCalibration,MH02,all_pim_quadrature_coarse,all,7.0,1.0,22.7036,47.5486,512.035
20260504T020331353Z,evalPimNoiseCalibration,MH03,all_pim_quadrature_coarse,all,7.0,1.0,33.2425,47.5486,512.035
20260504T020331353Z,evalPimNoiseCalibration,MH04,all_pim_quadrature_coarse,all,7.0,1.0,33.4179,47.5486,512.035
20260504T020331353Z,evalPimNoiseCalibration,MH05,all_pim_quadrature_coarse,all,7.0,1.0,35.2415,47.5486,512.035
20260504T020331353Z,evalPimNoiseCalibration,V101,all_pim_quadrature_coarse,all,7.0,1.0,50.1364,47.5486,512.035
20260504T020331353Z,evalPimNoiseCalibration,V102,all_pim_quadrature_coarse,all,7.0,1.0,35.1719,47.5486,512.035
20260504T020331353Z,evalPimNoiseCalibration,V103,all_pim_quadrature_coarse,all,7.0,1.0,57.0364,47.5486,512.035
20260504T020331353Z,evalPimNoiseCalibration,V201,all_pim_quadrature_coarse,all,7.0,1.0,61.2656,47.5486,512.035
20260504T020331353Z,evalPimNoiseCalibration,V202,all_pim_quadrature_coarse,all,7.0,1.0,74.3141,47.5486,512.035
20260504T020331353Z,evalPimNoiseCalibration,V203,all_pim_quadrature_coarse,all,7.0,1.0,93.1321,47.5486,512.035
20260504T020331353Z,evalPimNoiseCalibration,MH01,all_pim_quadrature_coarse,all,7.0,2.0,8.43569,14.3392,146.731
20260504T020331353Z,evalPimNoiseCalibration,MH02,all_pim_quadrature_coarse,all,7.0,2.0,6.91005,14.3392,146.731
20260504T020331353Z,evalPimNoiseCalibration,MH03,all_pim_quadrature_coarse,all,7.0,2.0,9.87687,14.3392,146.731
20260504T020331353Z,evalPimNoiseCalibration,MH04,all_pim_quadrature_coarse,all,7.0,2.0,10.1559,14.3392,146.731
20260504T020331353Z,evalPimNoiseCalibration,MH05,all_pim_quadrature_coarse,all,7.0,2.0,10.5555,14.3392,146.731
20260504T020331353Z,evalPimNoiseCalibration,V101,all_pim_quadrature_coarse,all,7.0,2.0,15.2315,14.3392,146.731
20260504T020331353Z,evalPimNoiseCalibration,V102,all_pim_quadrature_coarse,all,7.0,2.0,10.6161,14.3392,146.731
20260504T020331353Z,evalPimNoiseCalibration,V103,all_pim_quadrature_coarse,all,7.0,2.0,17.8178,14.3392,146.731
20260504T020331353Z,evalPimNoiseCalibration,V201,all_pim_quadrature_coarse,all,7.0,2.0,17.524,14.3392,146.731
20260504T020331353Z,evalPimNoiseCalibration,V202,all_pim_quadrature_coarse,all,7.0,2.0,21.4603,14.3392,146.731
20260504T020331353Z,evalPimNoiseCalibration,V203,all_pim_quadrature_coarse,all,7.0,2.0,29.1477,14.3392,146.731
20260504T020331353Z,evalPimNoiseCalibration,MH01,all_pim_quadrature_coarse,all,7.0,3.0,3.96337,6.9139,65.0529
20260504T020331353Z,evalPimNoiseCalibration,MH02,all_pim_quadrature_coarse,all,7.0,3.0,3.23721,6.9139,65.0529
20260504T020331353Z,evalPimNoiseCalibration,MH03,all_pim_quadrature_coarse,all,7.0,3.0,4.55102,6.9139,65.0529
20260504T020331353Z,evalPimNoiseCalibration,MH04,all_pim_quadrature_coarse,all,7.0,3.0,4.80912,6.9139,65.0529
20260504T020331353Z,evalPimNoiseCalibration,MH05,all_pim_quadrature_coarse,all,7.0,3.0,4.93378,6.9139,65.0529
20260504T020331353Z,evalPimNoiseCalibration,V101,all_pim_quadrature_coarse,all,7.0,3.0,7.59717,6.9139,65.0529
20260504T020331353Z,evalPimNoiseCalibration,V102,all_pim_quadrature_coarse,all,7.0,3.0,5.04165,6.9139,65.0529
20260504T020331353Z,evalPimNoiseCalibration,V103,all_pim_quadrature_coarse,all,7.0,3.0,8.54919,6.9139,65.0529
20260504T020331353Z,evalPimNoiseCalibration,V201,all_pim_quadrature_coarse,all,7.0,3.0,8.09075,6.9139,65.0529
20260504T020331353Z,evalPimNoiseCalibration,V202,all_pim_quadrature_coarse,all,7.0,3.0,10.1128,6.9139,65.0529
20260504T020331353Z,evalPimNoiseCalibration,V203,all_pim_quadrature_coarse,all,7.0,3.0,15.1669,6.9139,65.0529
20260504T020331353Z,evalPimNoiseCalibration,MH01,all_pim_quadrature_coarse,all,7.0,5.0,1.50004,2.77898,19.5688
20260504T020331353Z,evalPimNoiseCalibration,MH02,all_pim_quadrature_coarse,all,7.0,5.0,1.21197,2.77898,19.5688
20260504T020331353Z,evalPimNoiseCalibration,MH03,all_pim_quadrature_coarse,all,7.0,5.0,1.70689,2.77898,19.5688
20260504T020331353Z,evalPimNoiseCalibration,MH04,all_pim_quadrature_coarse,all,7.0,5.0,1.79767,2.77898,19.5688
20260504T020331353Z,evalPimNoiseCalibration,MH05,all_pim_quadrature_coarse,all,7.0,5.0,1.87318,2.77898,19.5688
20260504T020331353Z,evalPimNoiseCalibration,V101,all_pim_quadrature_coarse,all,7.0,5.0,3.47539,2.77898,19.5688
20260504T020331353Z,evalPimNoiseCalibration,V102,all_pim_quadrature_coarse,all,7.0,5.0,1.96837,2.77898,19.5688
20260504T020331353Z,evalPimNoiseCalibration,V103,all_pim_quadrature_coarse,all,7.0,5.0,3.25622,2.77898,19.5688
20260504T020331353Z,evalPimNoiseCalibration,V201,all_pim_quadrature_coarse,all,7.0,5.0,3.06955,2.77898,19.5688
20260504T020331353Z,evalPimNoiseCalibration,V202,all_pim_quadrature_coarse,all,7.0,5.0,3.89421,2.77898,19.5688
20260504T020331353Z,evalPimNoiseCalibration,V203,all_pim_quadrature_coarse,all,7.0,5.0,6.81532,2.77898,19.5688
20260504T020331353Z,evalPimNoiseCalibration,MH01,all_pim_quadrature_coarse,all,7.0,7.0,0.792619,1.58524,7.98165
20260504T020331353Z,evalPimNoiseCalibration,MH02,all_pim_quadrature_coarse,all,7.0,7.0,0.635988,1.58524,7.98165
20260504T020331353Z,evalPimNoiseCalibration,MH03,all_pim_quadrature_coarse,all,7.0,7.0,0.882116,1.58524,7.98165
20260504T020331353Z,evalPimNoiseCalibration,MH04,all_pim_quadrature_coarse,all,7.0,7.0,0.930784,1.58524,7.98165
20260504T020331353Z,evalPimNoiseCalibration,MH05,all_pim_quadrature_coarse,all,7.0,7.0,0.986513,1.58524,7.98165
20260504T020331353Z,evalPimNoiseCalibration,V101,all_pim_quadrature_coarse,all,7.0,7.0,2.20271,1.58524,7.98165
20260504T020331353Z,evalPimNoiseCalibration,V102,all_pim_quadrature_coarse,all,7.0,7.0,1.06296,1.58524,7.98165
20260504T020331353Z,evalPimNoiseCalibration,V103,all_pim_quadrature_coarse,all,7.0,7.0,1.75817,1.58524,7.98165
20260504T020331353Z,evalPimNoiseCalibration,V201,all_pim_quadrature_coarse,all,7.0,7.0,1.64796,1.58524,7.98165
20260504T020331353Z,evalPimNoiseCalibration,V202,all_pim_quadrature_coarse,all,7.0,7.0,2.1231,1.58524,7.98165
20260504T020331353Z,evalPimNoiseCalibration,V203,all_pim_quadrature_coarse,all,7.0,7.0,4.41477,1.58524,7.98165
20260504T020331353Z,evalPimNoiseCalibration,MH01,all_pim_quadrature_coarse,all,7.0,10.0,0.408202,0.913108,5.79723
20260504T020331353Z,evalPimNoiseCalibration,MH02,all_pim_quadrature_coarse,all,7.0,10.0,0.32431,0.913108,5.79723
20260504T020331353Z,evalPimNoiseCalibration,MH03,all_pim_quadrature_coarse,all,7.0,10.0,0.458332,0.913108,5.79723
20260504T020331353Z,evalPimNoiseCalibration,MH04,all_pim_quadrature_coarse,all,7.0,10.0,0.481742,0.913108,5.79723
20260504T020331353Z,evalPimNoiseCalibration,MH05,all_pim_quadrature_coarse,all,7.0,10.0,0.512958,0.913108,5.79723
20260504T020331353Z,evalPimNoiseCalibration,V101,all_pim_quadrature_coarse,all,7.0,10.0,1.41813,0.913108,5.79723
20260504T020331353Z,evalPimNoiseCalibration,V102,all_pim_quadrature_coarse,all,7.0,10.0,0.570987,0.913108,5.79723
20260504T020331353Z,evalPimNoiseCalibration,V103,all_pim_quadrature_coarse,all,7.0,10.0,0.975485,0.913108,5.79723
20260504T020331353Z,evalPimNoiseCalibration,V201,all_pim_quadrature_coarse,all,7.0,10.0,0.891467,0.913108,5.79723
20260504T020331353Z,evalPimNoiseCalibration,V202,all_pim_quadrature_coarse,all,7.0,10.0,1.17898,0.913108,5.79723
20260504T020331353Z,evalPimNoiseCalibration,V203,all_pim_quadrature_coarse,all,7.0,10.0,2.8236,0.913108,5.79723
20260504T020331353Z,evalPimNoiseCalibration,MH01,all_pim_quadrature_coarse,all,7.0,13.0,0.255408,0.650328,6.50265
20260504T020331353Z,evalPimNoiseCalibration,MH02,all_pim_quadrature_coarse,all,7.0,13.0,0.206871,0.650328,6.50265
20260504T020331353Z,evalPimNoiseCalibration,MH03,all_pim_quadrature_coarse,all,7.0,13.0,0.291361,0.650328,6.50265
20260504T020331353Z,evalPimNoiseCalibration,MH04,all_pim_quadrature_coarse,all,7.0,13.0,0.310272,0.650328,6.50265
20260504T020331353Z,evalPimNoiseCalibration,MH05,all_pim_quadrature_coarse,all,7.0,13.0,0.321686,0.650328,6.50265
20260504T020331353Z,evalPimNoiseCalibration,V101,all_pim_quadrature_coarse,all,7.0,13.0,1.08665,0.650328,6.50265
20260504T020331353Z,evalPimNoiseCalibration,V102,all_pim_quadrature_coarse,all,7.0,13.0,0.403815,0.650328,6.50265
20260504T020331353Z,evalPimNoiseCalibration,V103,all_pim_quadrature_coarse,all,7.0,13.0,0.659042,0.650328,6.50265
20260504T020331353Z,evalPimNoiseCalibration,V201,all_pim_quadrature_coarse,all,7.0,13.0,0.588887,0.650328,6.50265
20260504T020331353Z,evalPimNoiseCalibration,V202,all_pim_quadrature_coarse,all,7.0,13.0,0.788135,0.650328,6.50265
20260504T020331353Z,evalPimNoiseCalibration,V203,all_pim_quadrature_coarse,all,7.0,13.0,2.24148,0.650328,6.50265
20260504T020331353Z,evalPimNoiseCalibration,MH01,all_pim_quadrature_coarse,all,10.0,0.5,66.0718,116.114,1266.25
20260504T020331353Z,evalPimNoiseCalibration,MH02,all_pim_quadrature_coarse,all,10.0,0.5,55.4981,116.114,1266.25
20260504T020331353Z,evalPimNoiseCalibration,MH03,all_pim_quadrature_coarse,all,10.0,0.5,87.132,116.114,1266.25
20260504T020331353Z,evalPimNoiseCalibration,MH04,all_pim_quadrature_coarse,all,10.0,0.5,82.768,116.114,1266.25
20260504T020331353Z,evalPimNoiseCalibration,MH05,all_pim_quadrature_coarse,all,10.0,0.5,90.3568,116.114,1266.25
20260504T020331353Z,evalPimNoiseCalibration,V101,all_pim_quadrature_coarse,all,10.0,0.5,121.219,116.114,1266.25
20260504T020331353Z,evalPimNoiseCalibration,V102,all_pim_quadrature_coarse,all,10.0,0.5,84.7496,116.114,1266.25
20260504T020331353Z,evalPimNoiseCalibration,V103,all_pim_quadrature_coarse,all,10.0,0.5,144.321,116.114,1266.25
20260504T020331353Z,evalPimNoiseCalibration,V201,all_pim_quadrature_coarse,all,10.0,0.5,149.821,116.114,1266.25
20260504T020331353Z,evalPimNoiseCalibration,V202,all_pim_quadrature_coarse,all,10.0,0.5,178.906,116.114,1266.25
20260504T020331353Z,evalPimNoiseCalibration,V203,all_pim_quadrature_coarse,all,10.0,0.5,216.405,116.114,1266.25
20260504T020331353Z,evalPimNoiseCalibration,MH01,all_pim_quadrature_coarse,all,10.0,1.0,26.605,44.7791,481.57
20260504T020331353Z,evalPimNoiseCalibration,MH02,all_pim_quadrature_coarse,all,10.0,1.0,21.739,44.7791,481.57
20260504T020331353Z,evalPimNoiseCalibration,MH03,all_pim_quadrature_coarse,all,10.0,1.0,32.2121,44.7791,481.57
20260504T020331353Z,evalPimNoiseCalibration,MH04,all_pim_quadrature_coarse,all,10.0,1.0,32.1321,44.7791,481.57
20260504T020331353Z,evalPimNoiseCalibration,MH05,all_pim_quadrature_coarse,all,10.0,1.0,33.9992,44.7791,481.57
20260504T020331353Z,evalPimNoiseCalibration,V101,all_pim_quadrature_coarse,all,10.0,1.0,46.2306,44.7791,481.57
20260504T020331353Z,evalPimNoiseCalibration,V102,all_pim_quadrature_coarse,all,10.0,1.0,33.8125,44.7791,481.57
20260504T020331353Z,evalPimNoiseCalibration,V103,all_pim_quadrature_coarse,all,10.0,1.0,55.2657,44.7791,481.57
20260504T020331353Z,evalPimNoiseCalibration,V201,all_pim_quadrature_coarse,all,10.0,1.0,56.4587,44.7791,481.57
20260504T020331353Z,evalPimNoiseCalibration,V202,all_pim_quadrature_coarse,all,10.0,1.0,68.6811,44.7791,481.57
20260504T020331353Z,evalPimNoiseCalibration,V203,all_pim_quadrature_coarse,all,10.0,1.0,85.4341,44.7791,481.57
20260504T020331353Z,evalPimNoiseCalibration,MH01,all_pim_quadrature_coarse,all,10.0,2.0,8.4032,13.8877,141.765
20260504T020331353Z,evalPimNoiseCalibration,MH02,all_pim_quadrature_coarse,all,10.0,2.0,6.80884,13.8877,141.765
20260504T020331353Z,evalPimNoiseCalibration,MH03,all_pim_quadrature_coarse,all,10.0,2.0,9.72187,13.8877,141.765
20260504T020331353Z,evalPimNoiseCalibration,MH04,all_pim_quadrature_coarse,all,10.0,2.0,10.0296,13.8877,141.765
20260504T020331353Z,evalPimNoiseCalibration,MH05,all_pim_quadrature_coarse,all,10.0,2.0,10.4645,13.8877,141.765
20260504T020331353Z,evalPimNoiseCalibration,V101,all_pim_quadrature_coarse,all,10.0,2.0,14.3977,13.8877,141.765
20260504T020331353Z,evalPimNoiseCalibration,V102,all_pim_quadrature_coarse,all,10.0,2.0,10.4315,13.8877,141.765
20260504T020331353Z,evalPimNoiseCalibration,V103,all_pim_quadrature_coarse,all,10.0,2.0,17.5634,13.8877,141.765
20260504T020331353Z,evalPimNoiseCalibration,V201,all_pim_quadrature_coarse,all,10.0,2.0,17.0695,13.8877,141.765
20260504T020331353Z,evalPimNoiseCalibration,V202,all_pim_quadrature_coarse,all,10.0,2.0,20.8794,13.8877,141.765
20260504T020331353Z,evalPimNoiseCalibration,V203,all_pim_quadrature_coarse,all,10.0,2.0,26.9949,13.8877,141.765
20260504T020331353Z,evalPimNoiseCalibration,MH01,all_pim_quadrature_coarse,all,10.0,3.0,3.93455,6.61746,61.7921
20260504T020331353Z,evalPimNoiseCalibration,MH02,all_pim_quadrature_coarse,all,10.0,3.0,3.21488,6.61746,61.7921
20260504T020331353Z,evalPimNoiseCalibration,MH03,all_pim_quadrature_coarse,all,10.0,3.0,4.51212,6.61746,61.7921
20260504T020331353Z,evalPimNoiseCalibration,MH04,all_pim_quadrature_coarse,all,10.0,3.0,4.79614,6.61746,61.7921
20260504T020331353Z,evalPimNoiseCalibration,MH05,all_pim_quadrature_coarse,all,10.0,3.0,4.90199,6.61746,61.7921
20260504T020331353Z,evalPimNoiseCalibration,V101,all_pim_quadrature_coarse,all,10.0,3.0,6.88741,6.61746,61.7921
20260504T020331353Z,evalPimNoiseCalibration,V102,all_pim_quadrature_coarse,all,10.0,3.0,4.92512,6.61746,61.7921
20260504T020331353Z,evalPimNoiseCalibration,V103,all_pim_quadrature_coarse,all,10.0,3.0,8.41859,6.61746,61.7921
20260504T020331353Z,evalPimNoiseCalibration,V201,all_pim_quadrature_coarse,all,10.0,3.0,7.92628,6.61746,61.7921
20260504T020331353Z,evalPimNoiseCalibration,V202,all_pim_quadrature_coarse,all,10.0,3.0,9.79885,6.61746,61.7921
20260504T020331353Z,evalPimNoiseCalibration,V203,all_pim_quadrature_coarse,all,10.0,3.0,13.4762,6.61746,61.7921
20260504T020331353Z,evalPimNoiseCalibration,MH01,all_pim_quadrature_coarse,all,10.0,5.0,1.47506,2.59345,17.528
20260504T020331353Z,evalPimNoiseCalibration,MH02,all_pim_quadrature_coarse,all,10.0,5.0,1.19793,2.59345,17.528
20260504T020331353Z,evalPimNoiseCalibration,MH03,all_pim_quadrature_coarse,all,10.0,5.0,1.69093,2.59345,17.528
20260504T020331353Z,evalPimNoiseCalibration,MH04,all_pim_quadrature_coarse,all,10.0,5.0,1.79179,2.59345,17.528
20260504T020331353Z,evalPimNoiseCalibration,MH05,all_pim_quadrature_coarse,all,10.0,5.0,1.83729,2.59345,17.528
20260504T020331353Z,evalPimNoiseCalibration,V101,all_pim_quadrature_coarse,all,10.0,5.0,2.95798,2.59345,17.528
20260504T020331353Z,evalPimNoiseCalibration,V102,all_pim_quadrature_coarse,all,10.0,5.0,1.87666,2.59345,17.528
20260504T020331353Z,evalPimNoiseCalibration,V103,all_pim_quadrature_coarse,all,10.0,5.0,3.17377,2.59345,17.528
20260504T020331353Z,evalPimNoiseCalibration,V201,all_pim_quadrature_coarse,all,10.0,5.0,2.97514,2.59345,17.528
20260504T020331353Z,evalPimNoiseCalibration,V202,all_pim_quadrature_coarse,all,10.0,5.0,3.73105,2.59345,17.528
20260504T020331353Z,evalPimNoiseCalibration,V203,all_pim_quadrature_coarse,all,10.0,5.0,5.82036,2.59345,17.528
20260504T020331353Z,evalPimNoiseCalibration,MH01,all_pim_quadrature_coarse,all,10.0,7.0,0.769975,1.41339,6.25061
20260504T020331353Z,evalPimNoiseCalibration,MH02,all_pim_quadrature_coarse,all,10.0,7.0,0.622196,1.41339,6.25061
20260504T020331353Z,evalPimNoiseCalibration,MH03,all_pim_quadrature_coarse,all,10.0,7.0,0.87517,1.41339,6.25061
20260504T020331353Z,evalPimNoiseCalibration,MH04,all_pim_quadrature_coarse,all,10.0,7.0,0.925747,1.41339,6.25061
20260504T020331353Z,evalPimNoiseCalibration,MH05,all_pim_quadrature_coarse,all,10.0,7.0,0.955269,1.41339,6.25061
20260504T020331353Z,evalPimNoiseCalibration,V101,all_pim_quadrature_coarse,all,10.0,7.0,1.75329,1.41339,6.25061
20260504T020331353Z,evalPimNoiseCalibration,V102,all_pim_quadrature_coarse,all,10.0,7.0,1.00806,1.41339,6.25061
20260504T020331353Z,evalPimNoiseCalibration,V103,all_pim_quadrature_coarse,all,10.0,7.0,1.66782,1.41339,6.25061
20260504T020331353Z,evalPimNoiseCalibration,V201,all_pim_quadrature_coarse,all,10.0,7.0,1.56714,1.41339,6.25061
20260504T020331353Z,evalPimNoiseCalibration,V202,all_pim_quadrature_coarse,all,10.0,7.0,1.98502,1.41339,6.25061
20260504T020331353Z,evalPimNoiseCalibration,V203,all_pim_quadrature_coarse,all,10.0,7.0,3.41765,1.41339,6.25061
20260504T020331353Z,evalPimNoiseCalibration,MH01,all_pim_quadrature_coarse,all,10.0,10.0,0.389517,0.778444,5.01831
20260504T020331353Z,evalPimNoiseCalibration,MH02,all_pim_quadrature_coarse,all,10.0,10.0,0.312087,0.778444,5.01831
20260504T020331353Z,evalPimNoiseCalibration,MH03,all_pim_quadrature_coarse,all,10.0,10.0,0.433059,0.778444,5.01831
20260504T020331353Z,evalPimNoiseCalibration,MH04,all_pim_quadrature_coarse,all,10.0,10.0,0.458422,0.778444,5.01831
20260504T020331353Z,evalPimNoiseCalibration,MH05,all_pim_quadrature_coarse,all,10.0,10.0,0.484733,0.778444,5.01831
20260504T020331353Z,evalPimNoiseCalibration,V101,all_pim_quadrature_coarse,all,10.0,10.0,1.08044,0.778444,5.01831
20260504T020331353Z,evalPimNoiseCalibration,V102,all_pim_quadrature_coarse,all,10.0,10.0,0.52301,0.778444,5.01831
20260504T020331353Z,evalPimNoiseCalibration,V103,all_pim_quadrature_coarse,all,10.0,10.0,0.863718,0.778444,5.01831
20260504T020331353Z,evalPimNoiseCalibration,V201,all_pim_quadrature_coarse,all,10.0,10.0,0.807741,0.778444,5.01831
20260504T020331353Z,evalPimNoiseCalibration,V202,all_pim_quadrature_coarse,all,10.0,10.0,1.04137,0.778444,5.01831
20260504T020331353Z,evalPimNoiseCalibration,V203,all_pim_quadrature_coarse,all,10.0,10.0,2.16878,0.778444,5.01831
20260504T020331353Z,evalPimNoiseCalibration,MH01,all_pim_quadrature_coarse,all,10.0,13.0,0.237834,0.513953,6.47846
20260504T020331353Z,evalPimNoiseCalibration,MH02,all_pim_quadrature_coarse,all,10.0,13.0,0.189511,0.513953,6.47846
20260504T020331353Z,evalPimNoiseCalibration,MH03,all_pim_quadrature_coarse,all,10.0,13.0,0.265856,0.513953,6.47846
20260504T020331353Z,evalPimNoiseCalibration,MH04,all_pim_quadrature_coarse,all,10.0,13.0,0.280544,0.513953,6.47846
20260504T020331353Z,evalPimNoiseCalibration,MH05,all_pim_quadrature_coarse,all,10.0,13.0,0.293594,0.513953,6.47846
20260504T020331353Z,evalPimNoiseCalibration,V101,all_pim_quadrature_coarse,all,10.0,13.0,0.761908,0.513953,6.47846
20260504T020331353Z,evalPimNoiseCalibration,V102,all_pim_quadrature_coarse,all,10.0,13.0,0.331772,0.513953,6.47846
20260504T020331353Z,evalPimNoiseCalibration,V103,all_pim_quadrature_coarse,all,10.0,13.0,0.554786,0.513953,6.47846
20260504T020331353Z,evalPimNoiseCalibration,V201,all_pim_quadrature_coarse,all,10.0,13.0,0.506881,0.513953,6.47846
20260504T020331353Z,evalPimNoiseCalibration,V202,all_pim_quadrature_coarse,all,10.0,13.0,0.664826,0.513953,6.47846
20260504T020331353Z,evalPimNoiseCalibration,V203,all_pim_quadrature_coarse,all,10.0,13.0,1.56598,0.513953,6.47846
20260504T020331353Z,evalPimNoiseCalibration,MH01,all_pim_quadrature_coarse,all,13.0,0.5,61.7336,101.962,1110.59
20260504T020331353Z,evalPimNoiseCalibration,MH02,all_pim_quadrature_coarse,all,13.0,0.5,50.7047,101.962,1110.59
20260504T020331353Z,evalPimNoiseCalibration,MH03,all_pim_quadrature_coarse,all,13.0,0.5,80.2656,101.962,1110.59
20260504T020331353Z,evalPimNoiseCalibration,MH04,all_pim_quadrature_coarse,all,13.0,0.5,76.137,101.962,1110.59
20260504T020331353Z,evalPimNoiseCalibration,MH05,all_pim_quadrature_coarse,all,13.0,0.5,83.9051,101.962,1110.59
20260504T020331353Z,evalPimNoiseCalibration,V101,all_pim_quadrature_coarse,all,13.0,0.5,101.827,101.962,1110.59
20260504T020331353Z,evalPimNoiseCalibration,V102,all_pim_quadrature_coarse,all,13.0,0.5,75.7476,101.962,1110.59
20260504T020331353Z,evalPimNoiseCalibration,V103,all_pim_quadrature_coarse,all,13.0,0.5,134.006,101.962,1110.59
20260504T020331353Z,evalPimNoiseCalibration,V201,all_pim_quadrature_coarse,all,13.0,0.5,124.322,101.962,1110.59
20260504T020331353Z,evalPimNoiseCalibration,V202,all_pim_quadrature_coarse,all,13.0,0.5,150.132,101.962,1110.59
20260504T020331353Z,evalPimNoiseCalibration,V203,all_pim_quadrature_coarse,all,13.0,0.5,182.806,101.962,1110.59
20260504T020331353Z,evalPimNoiseCalibration,MH01,all_pim_quadrature_coarse,all,13.0,1.0,25.6142,42.2413,453.655
20260504T020331353Z,evalPimNoiseCalibration,MH02,all_pim_quadrature_coarse,all,13.0,1.0,20.7864,42.2413,453.655
20260504T020331353Z,evalPimNoiseCalibration,MH03,all_pim_quadrature_coarse,all,13.0,1.0,30.7818,42.2413,453.655
20260504T020331353Z,evalPimNoiseCalibration,MH04,all_pim_quadrature_coarse,all,13.0,1.0,31.648,42.2413,453.655
20260504T020331353Z,evalPimNoiseCalibration,MH05,all_pim_quadrature_coarse,all,13.0,1.0,33.4472,42.2413,453.655
20260504T020331353Z,evalPimNoiseCalibration,V101,all_pim_quadrature_coarse,all,13.0,1.0,42.6641,42.2413,453.655
20260504T020331353Z,evalPimNoiseCalibration,V102,all_pim_quadrature_coarse,all,13.0,1.0,32.0083,42.2413,453.655
20260504T020331353Z,evalPimNoiseCalibration,V103,all_pim_quadrature_coarse,all,13.0,1.0,52.7571,42.2413,453.655
20260504T020331353Z,evalPimNoiseCalibration,V201,all_pim_quadrature_coarse,all,13.0,1.0,52.2999,42.2413,453.655
20260504T020331353Z,evalPimNoiseCalibration,V202,all_pim_quadrature_coarse,all,13.0,1.0,64.2971,42.2413,453.655
20260504T020331353Z,evalPimNoiseCalibration,V203,all_pim_quadrature_coarse,all,13.0,1.0,78.3505,42.2413,453.655
20260504T020331353Z,evalPimNoiseCalibration,MH01,all_pim_quadrature_coarse,all,13.0,2.0,8.25309,13.5297,137.827
20260504T020331353Z,evalPimNoiseCalibration,MH02,all_pim_quadrature_coarse,all,13.0,2.0,6.69375,13.5297,137.827
20260504T020331353Z,evalPimNoiseCalibration,MH03,all_pim_quadrature_coarse,all,13.0,2.0,9.52522,13.5297,137.827
20260504T020331353Z,evalPimNoiseCalibration,MH04,all_pim_quadrature_coarse,all,13.0,2.0,9.88916,13.5297,137.827
20260504T020331353Z,evalPimNoiseCalibration,MH05,all_pim_quadrature_coarse,all,13.0,2.0,10.3843,13.5297,137.827
20260504T020331353Z,evalPimNoiseCalibration,V101,all_pim_quadrature_coarse,all,13.0,2.0,13.8152,13.5297,137.827
20260504T020331353Z,evalPimNoiseCalibration,V102,all_pim_quadrature_coarse,all,13.0,2.0,10.2644,13.5297,137.827
20260504T020331353Z,evalPimNoiseCalibration,V103,all_pim_quadrature_coarse,all,13.0,2.0,17.4439,13.5297,137.827
20260504T020331353Z,evalPimNoiseCalibration,V201,all_pim_quadrature_coarse,all,13.0,2.0,16.7528,13.5297,137.827
20260504T020331353Z,evalPimNoiseCalibration,V202,all_pim_quadrature_coarse,all,13.0,2.0,20.5223,13.5297,137.827
20260504T020331353Z,evalPimNoiseCalibration,V203,all_pim_quadrature_coarse,all,13.0,2.0,25.2826,13.5297,137.827
20260504T020331353Z,evalPimNoiseCalibration,MH01,all_pim_quadrature_coarse,all,13.0,3.0,3.90463,6.45799,60.0379
20260504T020331353Z,evalPimNoiseCalibration,MH02,all_pim_quadrature_coarse,all,13.0,3.0,3.18813,6.45799,60.0379
20260504T020331353Z,evalPimNoiseCalibration,MH03,all_pim_quadrature_coarse,all,13.0,3.0,4.47771,6.45799,60.0379
20260504T020331353Z,evalPimNoiseCalibration,MH04,all_pim_quadrature_coarse,all,13.0,3.0,4.75313,6.45799,60.0379
20260504T020331353Z,evalPimNoiseCalibration,MH05,all_pim_quadrature_coarse,all,13.0,3.0,4.86932,6.45799,60.0379
20260504T020331353Z,evalPimNoiseCalibration,V101,all_pim_quadrature_coarse,all,13.0,3.0,6.68987,6.45799,60.0379
20260504T020331353Z,evalPimNoiseCalibration,V102,all_pim_quadrature_coarse,all,13.0,3.0,4.86824,6.45799,60.0379
20260504T020331353Z,evalPimNoiseCalibration,V103,all_pim_quadrature_coarse,all,13.0,3.0,8.33537,6.45799,60.0379
20260504T020331353Z,evalPimNoiseCalibration,V201,all_pim_quadrature_coarse,all,13.0,3.0,7.78643,6.45799,60.0379
20260504T020331353Z,evalPimNoiseCalibration,V202,all_pim_quadrature_coarse,all,13.0,3.0,9.68442,6.45799,60.0379
20260504T020331353Z,evalPimNoiseCalibration,V203,all_pim_quadrature_coarse,all,13.0,3.0,12.4806,6.45799,60.0379
20260504T020331353Z,evalPimNoiseCalibration,MH01,all_pim_quadrature_coarse,all,13.0,5.0,1.46536,2.50119,16.5131
20260504T020331353Z,evalPimNoiseCalibration,MH02,all_pim_quadrature_coarse,all,13.0,5.0,1.19079,2.50119,16.5131
20260504T020331353Z,evalPimNoiseCalibration,MH03,all_pim_quadrature_coarse,all,13.0,5.0,1.67011,2.50119,16.5131
20260504T020331353Z,evalPimNoiseCalibration,MH04,all_pim_quadrature_coarse,all,13.0,5.0,1.78841,2.50119,16.5131
20260504T020331353Z,evalPimNoiseCalibration,MH05,all_pim_quadrature_coarse,all,13.0,5.0,1.82492,2.50119,16.5131
20260504T020331353Z,evalPimNoiseCalibration,V101,all_pim_quadrature_coarse,all,13.0,5.0,2.67541,2.50119,16.5131
20260504T020331353Z,evalPimNoiseCalibration,V102,all_pim_quadrature_coarse,all,13.0,5.0,1.84049,2.50119,16.5131
20260504T020331353Z,evalPimNoiseCalibration,V103,all_pim_quadrature_coarse,all,13.0,5.0,3.14387,2.50119,16.5131
20260504T020331353Z,evalPimNoiseCalibration,V201,all_pim_quadrature_coarse,all,13.0,5.0,2.92821,2.50119,16.5131
20260504T020331353Z,evalPimNoiseCalibration,V202,all_pim_quadrature_coarse,all,13.0,5.0,3.65598,2.50119,16.5131
20260504T020331353Z,evalPimNoiseCalibration,V203,all_pim_quadrature_coarse,all,13.0,5.0,5.32957,2.50119,16.5131
20260504T020331353Z,evalPimNoiseCalibration,MH01,all_pim_quadrature_coarse,all,13.0,7.0,0.761802,1.34489,5.61393
20260504T020331353Z,evalPimNoiseCalibration,MH02,all_pim_quadrature_coarse,all,13.0,7.0,0.616926,1.34489,5.61393
20260504T020331353Z,evalPimNoiseCalibration,MH03,all_pim_quadrature_coarse,all,13.0,7.0,0.871362,1.34489,5.61393
20260504T020331353Z,evalPimNoiseCalibration,MH04,all_pim_quadrature_coarse,all,13.0,7.0,0.923482,1.34489,5.61393
20260504T020331353Z,evalPimNoiseCalibration,MH05,all_pim_quadrature_coarse,all,13.0,7.0,0.944784,1.34489,5.61393
20260504T020331353Z,evalPimNoiseCalibration,V101,all_pim_quadrature_coarse,all,13.0,7.0,1.55871,1.34489,5.61393
20260504T020331353Z,evalPimNoiseCalibration,V102,all_pim_quadrature_coarse,all,13.0,7.0,0.971555,1.34489,5.61393
20260504T020331353Z,evalPimNoiseCalibration,V103,all_pim_quadrature_coarse,all,13.0,7.0,1.64137,1.34489,5.61393
20260504T020331353Z,evalPimNoiseCalibration,V201,all_pim_quadrature_coarse,all,13.0,7.0,1.53095,1.34489,5.61393
20260504T020331353Z,evalPimNoiseCalibration,V202,all_pim_quadrature_coarse,all,13.0,7.0,1.91691,1.34489,5.61393
20260504T020331353Z,evalPimNoiseCalibration,V203,all_pim_quadrature_coarse,all,13.0,7.0,3.05591,1.34489,5.61393
20260504T020331353Z,evalPimNoiseCalibration,MH01,all_pim_quadrature_coarse,all,13.0,10.0,0.381334,0.715207,4.75994
20260504T020331353Z,evalPimNoiseCalibration,MH02,all_pim_quadrature_coarse,all,13.0,10.0,0.306681,0.715207,4.75994
20260504T020331353Z,evalPimNoiseCalibration,MH03,all_pim_quadrature_coarse,all,13.0,10.0,0.430605,0.715207,4.75994
20260504T020331353Z,evalPimNoiseCalibration,MH04,all_pim_quadrature_coarse,all,13.0,10.0,0.456465,0.715207,4.75994
20260504T020331353Z,evalPimNoiseCalibration,MH05,all_pim_quadrature_coarse,all,13.0,10.0,0.475329,0.715207,4.75994
20260504T020331353Z,evalPimNoiseCalibration,V101,all_pim_quadrature_coarse,all,13.0,10.0,0.906778,0.715207,4.75994
20260504T020331353Z,evalPimNoiseCalibration,V102,all_pim_quadrature_coarse,all,13.0,10.0,0.501168,0.715207,4.75994
20260504T020331353Z,evalPimNoiseCalibration,V103,all_pim_quadrature_coarse,all,13.0,10.0,0.82675,0.715207,4.75994
20260504T020331353Z,evalPimNoiseCalibration,V201,all_pim_quadrature_coarse,all,13.0,10.0,0.777774,0.715207,4.75994
20260504T020331353Z,evalPimNoiseCalibration,V202,all_pim_quadrature_coarse,all,13.0,10.0,0.990784,0.715207,4.75994
20260504T020331353Z,evalPimNoiseCalibration,V203,all_pim_quadrature_coarse,all,13.0,10.0,1.81361,0.715207,4.75994
20260504T020331353Z,evalPimNoiseCalibration,MH01,all_pim_quadrature_coarse,all,13.0,13.0,0.230749,0.461005,6.49815
20260504T020331353Z,evalPimNoiseCalibration,MH02,all_pim_quadrature_coarse,all,13.0,13.0,0.184707,0.461005,6.49815
20260504T020331353Z,evalPimNoiseCalibration,MH03,all_pim_quadrature_coarse,all,13.0,13.0,0.256441,0.461005,6.49815
20260504T020331353Z,evalPimNoiseCalibration,MH04,all_pim_quadrature_coarse,all,13.0,13.0,0.271804,0.461005,6.49815
20260504T020331353Z,evalPimNoiseCalibration,MH05,all_pim_quadrature_coarse,all,13.0,13.0,0.287139,0.461005,6.49815
20260504T020331353Z,evalPimNoiseCalibration,V101,all_pim_quadrature_coarse,all,13.0,13.0,0.639577,0.461005,6.49815
20260504T020331353Z,evalPimNoiseCalibration,V102,all_pim_quadrature_coarse,all,13.0,13.0,0.309986,0.461005,6.49815
20260504T020331353Z,evalPimNoiseCalibration,V103,all_pim_quadrature_coarse,all,13.0,13.0,0.511596,0.461005,6.49815
20260504T020331353Z,evalPimNoiseCalibration,V201,all_pim_quadrature_coarse,all,13.0,13.0,0.478009,0.461005,6.49815
20260504T020331353Z,evalPimNoiseCalibration,V202,all_pim_quadrature_coarse,all,13.0,13.0,0.616445,0.461005,6.49815
20260504T020331353Z,evalPimNoiseCalibration,V203,all_pim_quadrature_coarse,all,13.0,13.0,1.28461,0.461005,6.49815
20260504T020331353Z,evalPimNoiseCalibration,MH01,all_pim_tangent_coarse,all,0.5,0.5,113.08,271.957,2980.53
20260504T020331353Z,evalPimNoiseCalibration,MH02,all_pim_tangent_coarse,all,0.5,0.5,88.6944,271.957,2980.53
20260504T020331353Z,evalPimNoiseCalibration,MH03,all_pim_tangent_coarse,all,0.5,0.5,155.178,271.957,2980.53
20260504T020331353Z,evalPimNoiseCalibration,MH04,all_pim_tangent_coarse,all,0.5,0.5,122.374,271.957,2980.53
20260504T020331353Z,evalPimNoiseCalibration,MH05,all_pim_tangent_coarse,all,0.5,0.5,139.491,271.957,2980.53
20260504T020331353Z,evalPimNoiseCalibration,V101,all_pim_tangent_coarse,all,0.5,0.5,378.334,271.957,2980.53
20260504T020331353Z,evalPimNoiseCalibration,V102,all_pim_tangent_coarse,all,0.5,0.5,182.848,271.957,2980.53
20260504T020331353Z,evalPimNoiseCalibration,V103,all_pim_tangent_coarse,all,0.5,0.5,307.113,271.957,2980.53
20260504T020331353Z,evalPimNoiseCalibration,V201,all_pim_tangent_coarse,all,0.5,0.5,314.663,271.957,2980.53
20260504T020331353Z,evalPimNoiseCalibration,V202,all_pim_tangent_coarse,all,0.5,0.5,486.983,271.957,2980.53
20260504T020331353Z,evalPimNoiseCalibration,V203,all_pim_tangent_coarse,all,0.5,0.5,702.767,271.957,2980.53
20260504T020331353Z,evalPimNoiseCalibration,MH01,all_pim_tangent_coarse,all,0.5,1.0,54.8743,133.172,1453.89
20260504T020331353Z,evalPimNoiseCalibration,MH02,all_pim_tangent_coarse,all,0.5,1.0,42.4058,133.172,1453.89
20260504T020331353Z,evalPimNoiseCalibration,MH03,all_pim_tangent_coarse,all,0.5,1.0,80.8432,133.172,1453.89
20260504T020331353Z,evalPimNoiseCalibration,MH04,all_pim_tangent_coarse,all,0.5,1.0,59.746,133.172,1453.89
20260504T020331353Z,evalPimNoiseCalibration,MH05,all_pim_tangent_coarse,all,0.5,1.0,58.0424,133.172,1453.89
20260504T020331353Z,evalPimNoiseCalibration,V101,all_pim_tangent_coarse,all,0.5,1.0,213.92,133.172,1453.89
20260504T020331353Z,evalPimNoiseCalibration,V102,all_pim_tangent_coarse,all,0.5,1.0,89.3036,133.172,1453.89
20260504T020331353Z,evalPimNoiseCalibration,V103,all_pim_tangent_coarse,all,0.5,1.0,161.988,133.172,1453.89
20260504T020331353Z,evalPimNoiseCalibration,V201,all_pim_tangent_coarse,all,0.5,1.0,128.035,133.172,1453.89
20260504T020331353Z,evalPimNoiseCalibration,V202,all_pim_tangent_coarse,all,0.5,1.0,228.479,133.172,1453.89
20260504T020331353Z,evalPimNoiseCalibration,V203,all_pim_tangent_coarse,all,0.5,1.0,347.251,133.172,1453.89
20260504T020331353Z,evalPimNoiseCalibration,MH01,all_pim_tangent_coarse,all,0.5,2.0,32.8451,85.6664,931.331
20260504T020331353Z,evalPimNoiseCalibration,MH02,all_pim_tangent_coarse,all,0.5,2.0,23.549,85.6664,931.331
20260504T020331353Z,evalPimNoiseCalibration,MH03,all_pim_tangent_coarse,all,0.5,2.0,46.0418,85.6664,931.331
20260504T020331353Z,evalPimNoiseCalibration,MH04,all_pim_tangent_coarse,all,0.5,2.0,35.2712,85.6664,931.331
20260504T020331353Z,evalPimNoiseCalibration,MH05,all_pim_tangent_coarse,all,0.5,2.0,29.856,85.6664,931.331
20260504T020331353Z,evalPimNoiseCalibration,V101,all_pim_tangent_coarse,all,0.5,2.0,162.808,85.6664,931.331
20260504T020331353Z,evalPimNoiseCalibration,V102,all_pim_tangent_coarse,all,0.5,2.0,54.7034,85.6664,931.331
20260504T020331353Z,evalPimNoiseCalibration,V103,all_pim_tangent_coarse,all,0.5,2.0,103.966,85.6664,931.331
20260504T020331353Z,evalPimNoiseCalibration,V201,all_pim_tangent_coarse,all,0.5,2.0,68.6633,85.6664,931.331
20260504T020331353Z,evalPimNoiseCalibration,V202,all_pim_tangent_coarse,all,0.5,2.0,150.7,85.6664,931.331
20260504T020331353Z,evalPimNoiseCalibration,V203,all_pim_tangent_coarse,all,0.5,2.0,233.927,85.6664,931.331
20260504T020331353Z,evalPimNoiseCalibration,MH01,all_pim_tangent_coarse,all,0.5,3.0,26.0842,75.087,814.957
20260504T020331353Z,evalPimNoiseCalibration,MH02,all_pim_tangent_coarse,all,0.5,3.0,18.6015,75.087,814.957
20260504T020331353Z,evalPimNoiseCalibration,MH03,all_pim_tangent_coarse,all,0.5,3.0,38.3149,75.087,814.957
20260504T020331353Z,evalPimNoiseCalibration,MH04,all_pim_tangent_coarse,all,0.5,3.0,27.5616,75.087,814.957
20260504T020331353Z,evalPimNoiseCalibration,MH05,all_pim_tangent_coarse,all,0.5,3.0,21.7161,75.087,814.957
20260504T020331353Z,evalPimNoiseCalibration,V101,all_pim_tangent_coarse,all,0.5,3.0,153.58,75.087,814.957
20260504T020331353Z,evalPimNoiseCalibration,V102,all_pim_tangent_coarse,all,0.5,3.0,47.5529,75.087,814.957
20260504T020331353Z,evalPimNoiseCalibration,V103,all_pim_tangent_coarse,all,0.5,3.0,91.943,75.087,814.957
20260504T020331353Z,evalPimNoiseCalibration,V201,all_pim_tangent_coarse,all,0.5,3.0,57.7823,75.087,814.957
20260504T020331353Z,evalPimNoiseCalibration,V202,all_pim_tangent_coarse,all,0.5,3.0,135.503,75.087,814.957
20260504T020331353Z,evalPimNoiseCalibration,V203,all_pim_tangent_coarse,all,0.5,3.0,207.318,75.087,814.957
20260504T020331353Z,evalPimNoiseCalibration,MH01,all_pim_tangent_coarse,all,0.5,5.0,22.0549,68.7514,745.266
20260504T020331353Z,evalPimNoiseCalibration,MH02,all_pim_tangent_coarse,all,0.5,5.0,15.0673,68.7514,745.266
20260504T020331353Z,evalPimNoiseCalibration,MH03,all_pim_tangent_coarse,all,0.5,5.0,32.0569,68.7514,745.266
20260504T020331353Z,evalPimNoiseCalibration,MH04,all_pim_tangent_coarse,all,0.5,5.0,22.9954,68.7514,745.266
20260504T020331353Z,evalPimNoiseCalibration,MH05,all_pim_tangent_coarse,all,0.5,5.0,16.3959,68.7514,745.266
20260504T020331353Z,evalPimNoiseCalibration,V101,all_pim_tangent_coarse,all,0.5,5.0,144.81,68.7514,745.266
20260504T020331353Z,evalPimNoiseCalibration,V102,all_pim_tangent_coarse,all,0.5,5.0,43.6015,68.7514,745.266
20260504T020331353Z,evalPimNoiseCalibration,V103,all_pim_tangent_coarse,all,0.5,5.0,82.7065,68.7514,745.266
20260504T020331353Z,evalPimNoiseCalibration,V201,all_pim_tangent_coarse,all,0.5,5.0,51.1474,68.7514,745.266
20260504T020331353Z,evalPimNoiseCalibration,V202,all_pim_tangent_coarse,all,0.5,5.0,127.833,68.7514,745.266
20260504T020331353Z,evalPimNoiseCalibration,V203,all_pim_tangent_coarse,all,0.5,5.0,197.596,68.7514,745.266
20260504T020331353Z,evalPimNoiseCalibration,MH01,all_pim_tangent_coarse,all,0.5,7.0,20.9884,66.7798,723.578
20260504T020331353Z,evalPimNoiseCalibration,MH02,all_pim_tangent_coarse,all,0.5,7.0,14.3593,66.7798,723.578
20260504T020331353Z,evalPimNoiseCalibration,MH03,all_pim_tangent_coarse,all,0.5,7.0,29.8574,66.7798,723.578
20260504T020331353Z,evalPimNoiseCalibration,MH04,all_pim_tangent_coarse,all,0.5,7.0,21.429,66.7798,723.578
20260504T020331353Z,evalPimNoiseCalibration,MH05,all_pim_tangent_coarse,all,0.5,7.0,14.2908,66.7798,723.578
20260504T020331353Z,evalPimNoiseCalibration,V101,all_pim_tangent_coarse,all,0.5,7.0,143.364,66.7798,723.578
20260504T020331353Z,evalPimNoiseCalibration,V102,all_pim_tangent_coarse,all,0.5,7.0,42.398,66.7798,723.578
20260504T020331353Z,evalPimNoiseCalibration,V103,all_pim_tangent_coarse,all,0.5,7.0,79.8388,66.7798,723.578
20260504T020331353Z,evalPimNoiseCalibration,V201,all_pim_tangent_coarse,all,0.5,7.0,49.091,66.7798,723.578
20260504T020331353Z,evalPimNoiseCalibration,V202,all_pim_tangent_coarse,all,0.5,7.0,126.458,66.7798,723.578
20260504T020331353Z,evalPimNoiseCalibration,V203,all_pim_tangent_coarse,all,0.5,7.0,192.503,66.7798,723.578
20260504T020331353Z,evalPimNoiseCalibration,MH01,all_pim_tangent_coarse,all,0.5,10.0,20.6394,65.9196,714.116
20260504T020331353Z,evalPimNoiseCalibration,MH02,all_pim_tangent_coarse,all,0.5,10.0,13.8988,65.9196,714.116
20260504T020331353Z,evalPimNoiseCalibration,MH03,all_pim_tangent_coarse,all,0.5,10.0,28.6442,65.9196,714.116
20260504T020331353Z,evalPimNoiseCalibration,MH04,all_pim_tangent_coarse,all,0.5,10.0,20.1373,65.9196,714.116
20260504T020331353Z,evalPimNoiseCalibration,MH05,all_pim_tangent_coarse,all,0.5,10.0,13.3634,65.9196,714.116
20260504T020331353Z,evalPimNoiseCalibration,V101,all_pim_tangent_coarse,all,0.5,10.0,142.659,65.9196,714.116
20260504T020331353Z,evalPimNoiseCalibration,V102,all_pim_tangent_coarse,all,0.5,10.0,41.7992,65.9196,714.116
20260504T020331353Z,evalPimNoiseCalibration,V103,all_pim_tangent_coarse,all,0.5,10.0,78.3806,65.9196,714.116
20260504T020331353Z,evalPimNoiseCalibration,V201,all_pim_tangent_coarse,all,0.5,10.0,47.9801,65.9196,714.116
20260504T020331353Z,evalPimNoiseCalibration,V202,all_pim_tangent_coarse,all,0.5,10.0,126.043,65.9196,714.116
20260504T020331353Z,evalPimNoiseCalibration,V203,all_pim_tangent_coarse,all,0.5,10.0,191.57,65.9196,714.116
20260504T020331353Z,evalPimNoiseCalibration,MH01,all_pim_tangent_coarse,all,0.5,13.0,20.5343,65.6045,710.65
20260504T020331353Z,evalPimNoiseCalibration,MH02,all_pim_tangent_coarse,all,0.5,13.0,13.6371,65.6045,710.65
20260504T020331353Z,evalPimNoiseCalibration,MH03,all_pim_tangent_coarse,all,0.5,13.0,28.2349,65.6045,710.65
20260504T020331353Z,evalPimNoiseCalibration,MH04,all_pim_tangent_coarse,all,0.5,13.0,19.8458,65.6045,710.65
20260504T020331353Z,evalPimNoiseCalibration,MH05,all_pim_tangent_coarse,all,0.5,13.0,13.1825,65.6045,710.65
20260504T020331353Z,evalPimNoiseCalibration,V101,all_pim_tangent_coarse,all,0.5,13.0,142.483,65.6045,710.65
20260504T020331353Z,evalPimNoiseCalibration,V102,all_pim_tangent_coarse,all,0.5,13.0,41.5639,65.6045,710.65
20260504T020331353Z,evalPimNoiseCalibration,V103,all_pim_tangent_coarse,all,0.5,13.0,78.0906,65.6045,710.65
20260504T020331353Z,evalPimNoiseCalibration,V201,all_pim_tangent_coarse,all,0.5,13.0,47.0965,65.6045,710.65
20260504T020331353Z,evalPimNoiseCalibration,V202,all_pim_tangent_coarse,all,0.5,13.0,125.688,65.6045,710.65
20260504T020331353Z,evalPimNoiseCalibration,V203,all_pim_tangent_coarse,all,0.5,13.0,191.293,65.6045,710.65
20260504T020331353Z,evalPimNoiseCalibration,MH01,all_pim_tangent_coarse,all,1.0,0.5,86.1351,195.293,2137.23
20260504T020331353Z,evalPimNoiseCalibration,MH02,all_pim_tangent_coarse,all,1.0,0.5,71.9753,195.293,2137.23
20260504T020331353Z,evalPimNoiseCalibration,MH03,all_pim_tangent_coarse,all,1.0,0.5,115.695,195.293,2137.23
20260504T020331353Z,evalPimNoiseCalibration,MH04,all_pim_tangent_coarse,all,1.0,0.5,101.356,195.293,2137.23
20260504T020331353Z,evalPimNoiseCalibration,MH05,all_pim_tangent_coarse,all,1.0,0.5,113.281,195.293,2137.23
20260504T020331353Z,evalPimNoiseCalibration,V101,all_pim_tangent_coarse,all,1.0,0.5,239.748,195.293,2137.23
20260504T020331353Z,evalPimNoiseCalibration,V102,all_pim_tangent_coarse,all,1.0,0.5,132.229,195.293,2137.23
20260504T020331353Z,evalPimNoiseCalibration,V103,all_pim_tangent_coarse,all,1.0,0.5,207.334,195.293,2137.23
20260504T020331353Z,evalPimNoiseCalibration,V201,all_pim_tangent_coarse,all,1.0,0.5,256.936,195.293,2137.23
20260504T020331353Z,evalPimNoiseCalibration,V202,all_pim_tangent_coarse,all,1.0,0.5,350.463,195.293,2137.23
20260504T020331353Z,evalPimNoiseCalibration,V203,all_pim_tangent_coarse,all,1.0,0.5,473.073,195.293,2137.23
20260504T020331353Z,evalPimNoiseCalibration,MH01,all_pim_tangent_coarse,all,1.0,1.0,34.6102,75.2085,816.294
20260504T020331353Z,evalPimNoiseCalibration,MH02,all_pim_tangent_coarse,all,1.0,1.0,27.5212,75.2085,816.294
20260504T020331353Z,evalPimNoiseCalibration,MH03,all_pim_tangent_coarse,all,1.0,1.0,43.9166,75.2085,816.294
20260504T020331353Z,evalPimNoiseCalibration,MH04,all_pim_tangent_coarse,all,1.0,1.0,36.8379,75.2085,816.294
20260504T020331353Z,evalPimNoiseCalibration,MH05,all_pim_tangent_coarse,all,1.0,1.0,40.6729,75.2085,816.294
20260504T020331353Z,evalPimNoiseCalibration,V101,all_pim_tangent_coarse,all,1.0,1.0,101.821,75.2085,816.294
20260504T020331353Z,evalPimNoiseCalibration,V102,all_pim_tangent_coarse,all,1.0,1.0,52.8952,75.2085,816.294
20260504T020331353Z,evalPimNoiseCalibration,V103,all_pim_tangent_coarse,all,1.0,1.0,90.4389,75.2085,816.294
20260504T020331353Z,evalPimNoiseCalibration,V201,all_pim_tangent_coarse,all,1.0,1.0,83.9165,75.2085,816.294
20260504T020331353Z,evalPimNoiseCalibration,V202,all_pim_tangent_coarse,all,1.0,1.0,128.878,75.2085,816.294
20260504T020331353Z,evalPimNoiseCalibration,V203,all_pim_tangent_coarse,all,1.0,1.0,185.786,75.2085,816.294
20260504T020331353Z,evalPimNoiseCalibration,MH01,all_pim_tangent_coarse,all,1.0,2.0,15.0961,34.9337,373.271
20260504T020331353Z,evalPimNoiseCalibration,MH02,all_pim_tangent_coarse,all,1.0,2.0,11.6366,34.9337,373.271
20260504T020331353Z,evalPimNoiseCalibration,MH03,all_pim_tangent_coarse,all,1.0,2.0,21.2952,34.9337,373.271
20260504T020331353Z,evalPimNoiseCalibration,MH04,all_pim_tangent_coarse,all,1.0,2.0,15.8691,34.9337,373.271
20260504T020331353Z,evalPimNoiseCalibration,MH05,all_pim_tangent_coarse,all,1.0,2.0,16.1708,34.9337,373.271
20260504T020331353Z,evalPimNoiseCalibration,V101,all_pim_tangent_coarse,all,1.0,2.0,54.8999,34.9337,373.271
20260504T020331353Z,evalPimNoiseCalibration,V102,all_pim_tangent_coarse,all,1.0,2.0,24.4823,34.9337,373.271
20260504T020331353Z,evalPimNoiseCalibration,V103,all_pim_tangent_coarse,all,1.0,2.0,43.2896,34.9337,373.271
20260504T020331353Z,evalPimNoiseCalibration,V201,all_pim_tangent_coarse,all,1.0,2.0,33.3933,34.9337,373.271
20260504T020331353Z,evalPimNoiseCalibration,V202,all_pim_tangent_coarse,all,1.0,2.0,59.3598,34.9337,373.271
20260504T020331353Z,evalPimNoiseCalibration,V203,all_pim_tangent_coarse,all,1.0,2.0,88.7783,34.9337,373.271
20260504T020331353Z,evalPimNoiseCalibration,MH01,all_pim_tangent_coarse,all,1.0,3.0,10.1755,25.4922,269.415
20260504T020331353Z,evalPimNoiseCalibration,MH02,all_pim_tangent_coarse,all,1.0,3.0,7.62606,25.4922,269.415
20260504T020331353Z,evalPimNoiseCalibration,MH03,all_pim_tangent_coarse,all,1.0,3.0,14.8285,25.4922,269.415
20260504T020331353Z,evalPimNoiseCalibration,MH04,all_pim_tangent_coarse,all,1.0,3.0,11.0864,25.4922,269.415
20260504T020331353Z,evalPimNoiseCalibration,MH05,all_pim_tangent_coarse,all,1.0,3.0,10.1346,25.4922,269.415
20260504T020331353Z,evalPimNoiseCalibration,V101,all_pim_tangent_coarse,all,1.0,3.0,44.6466,25.4922,269.415
20260504T020331353Z,evalPimNoiseCalibration,V102,all_pim_tangent_coarse,all,1.0,3.0,16.7297,25.4922,269.415
20260504T020331353Z,evalPimNoiseCalibration,V103,all_pim_tangent_coarse,all,1.0,3.0,32.2356,25.4922,269.415
20260504T020331353Z,evalPimNoiseCalibration,V201,all_pim_tangent_coarse,all,1.0,3.0,21.6018,25.4922,269.415
20260504T020331353Z,evalPimNoiseCalibration,V202,all_pim_tangent_coarse,all,1.0,3.0,43.3858,25.4922,269.415
20260504T020331353Z,evalPimNoiseCalibration,V203,all_pim_tangent_coarse,all,1.0,3.0,67.9641,25.4922,269.415
20260504T020331353Z,evalPimNoiseCalibration,MH01,all_pim_tangent_coarse,all,1.0,5.0,7.14489,19.8327,207.16
20260504T020331353Z,evalPimNoiseCalibration,MH02,all_pim_tangent_coarse,all,1.0,5.0,5.16915,19.8327,207.16
20260504T020331353Z,evalPimNoiseCalibration,MH03,all_pim_tangent_coarse,all,1.0,5.0,10.4487,19.8327,207.16
20260504T020331353Z,evalPimNoiseCalibration,MH04,all_pim_tangent_coarse,all,1.0,5.0,7.81703,19.8327,207.16
20260504T020331353Z,evalPimNoiseCalibration,MH05,all_pim_tangent_coarse,all,1.0,5.0,6.49238,19.8327,207.16
20260504T020331353Z,evalPimNoiseCalibration,V101,all_pim_tangent_coarse,all,1.0,5.0,39.2756,19.8327,207.16
20260504T020331353Z,evalPimNoiseCalibration,V102,all_pim_tangent_coarse,all,1.0,5.0,12.4614,19.8327,207.16
20260504T020331353Z,evalPimNoiseCalibration,V103,all_pim_tangent_coarse,all,1.0,5.0,24.156,19.8327,207.16
20260504T020331353Z,evalPimNoiseCalibration,V201,all_pim_tangent_coarse,all,1.0,5.0,15.5854,19.8327,207.16
20260504T020331353Z,evalPimNoiseCalibration,V202,all_pim_tangent_coarse,all,1.0,5.0,35.7534,19.8327,207.16
20260504T020331353Z,evalPimNoiseCalibration,V203,all_pim_tangent_coarse,all,1.0,5.0,53.856,19.8327,207.16
20260504T020331353Z,evalPimNoiseCalibration,MH01,all_pim_tangent_coarse,all,1.0,7.0,6.12888,18.1336,188.47
20260504T020331353Z,evalPimNoiseCalibration,MH02,all_pim_tangent_coarse,all,1.0,7.0,4.32889,18.1336,188.47
20260504T020331353Z,evalPimNoiseCalibration,MH03,all_pim_tangent_coarse,all,1.0,7.0,8.8743,18.1336,188.47
20260504T020331353Z,evalPimNoiseCalibration,MH04,all_pim_tangent_coarse,all,1.0,7.0,6.46975,18.1336,188.47
20260504T020331353Z,evalPimNoiseCalibration,MH05,all_pim_tangent_coarse,all,1.0,7.0,4.92157,18.1336,188.47
20260504T020331353Z,evalPimNoiseCalibration,V101,all_pim_tangent_coarse,all,1.0,7.0,37.2661,18.1336,188.47
20260504T020331353Z,evalPimNoiseCalibration,V102,all_pim_tangent_coarse,all,1.0,7.0,11.5765,18.1336,188.47
20260504T020331353Z,evalPimNoiseCalibration,V103,all_pim_tangent_coarse,all,1.0,7.0,22.2544,18.1336,188.47
20260504T020331353Z,evalPimNoiseCalibration,V201,all_pim_tangent_coarse,all,1.0,7.0,13.7755,18.1336,188.47
20260504T020331353Z,evalPimNoiseCalibration,V202,all_pim_tangent_coarse,all,1.0,7.0,33.0854,18.1336,188.47
20260504T020331353Z,evalPimNoiseCalibration,V203,all_pim_tangent_coarse,all,1.0,7.0,50.7885,18.1336,188.47
20260504T020331353Z,evalPimNoiseCalibration,MH01,all_pim_tangent_coarse,all,1.0,10.0,5.52337,17.2022,178.224
20260504T020331353Z,evalPimNoiseCalibration,MH02,all_pim_tangent_coarse,all,1.0,10.0,3.7721,17.2022,178.224
20260504T020331353Z,evalPimNoiseCalibration,MH03,all_pim_tangent_coarse,all,1.0,10.0,8.0198,17.2022,178.224
20260504T020331353Z,evalPimNoiseCalibration,MH04,all_pim_tangent_coarse,all,1.0,10.0,5.76167,17.2022,178.224
20260504T020331353Z,evalPimNoiseCalibration,MH05,all_pim_tangent_coarse,all,1.0,10.0,4.1061,17.2022,178.224
20260504T020331353Z,evalPimNoiseCalibration,V101,all_pim_tangent_coarse,all,1.0,10.0,36.2269,17.2022,178.224
20260504T020331353Z,evalPimNoiseCalibration,V102,all_pim_tangent_coarse,all,1.0,10.0,10.9102,17.2022,178.224
20260504T020331353Z,evalPimNoiseCalibration,V103,all_pim_tangent_coarse,all,1.0,10.0,20.7055,17.2022,178.224
20260504T020331353Z,evalPimNoiseCalibration,V201,all_pim_tangent_coarse,all,1.0,10.0,12.7942,17.2022,178.224
20260504T020331353Z,evalPimNoiseCalibration,V202,all_pim_tangent_coarse,all,1.0,10.0,31.9788,17.2022,178.224
20260504T020331353Z,evalPimNoiseCalibration,V203,all_pim_tangent_coarse,all,1.0,10.0,49.4257,17.2022,178.224
20260504T020331353Z,evalPimNoiseCalibration,MH01,all_pim_tangent_coarse,all,1.0,13.0,5.27453,16.775,173.525
20260504T020331353Z,evalPimNoiseCalibration,MH02,all_pim_tangent_coarse,all,1.0,13.0,3.61722,16.775,173.525
20260504T020331353Z,evalPimNoiseCalibration,MH03,all_pim_tangent_coarse,all,1.0,13.0,7.53452,16.775,173.525
20260504T020331353Z,evalPimNoiseCalibration,MH04,all_pim_tangent_coarse,all,1.0,13.0,5.41552,16.775,173.525
20260504T020331353Z,evalPimNoiseCalibration,MH05,all_pim_tangent_coarse,all,1.0,13.0,3.6698,16.775,173.525
20260504T020331353Z,evalPimNoiseCalibration,V101,all_pim_tangent_coarse,all,1.0,13.0,35.9158,16.775,173.525
20260504T020331353Z,evalPimNoiseCalibration,V102,all_pim_tangent_coarse,all,1.0,13.0,10.6548,16.775,173.525
20260504T020331353Z,evalPimNoiseCalibration,V103,all_pim_tangent_coarse,all,1.0,13.0,20.1448,16.775,173.525
20260504T020331353Z,evalPimNoiseCalibration,V201,all_pim_tangent_coarse,all,1.0,13.0,12.3177,16.775,173.525
20260504T020331353Z,evalPimNoiseCalibration,V202,all_pim_tangent_coarse,all,1.0,13.0,31.6884,16.775,173.525
20260504T020331353Z,evalPimNoiseCalibration,V203,all_pim_tangent_coarse,all,1.0,13.0,48.2922,16.775,173.525
20260504T020331353Z,evalPimNoiseCalibration,MH01,all_pim_tangent_coarse,all,2.0,0.5,77.9967,167.193,1828.12
20260504T020331353Z,evalPimNoiseCalibration,MH02,all_pim_tangent_coarse,all,2.0,0.5,64.5208,167.193,1828.12
20260504T020331353Z,evalPimNoiseCalibration,MH03,all_pim_tangent_coarse,all,2.0,0.5,101.207,167.193,1828.12
20260504T020331353Z,evalPimNoiseCalibration,MH04,all_pim_tangent_coarse,all,2.0,0.5,95.7525,167.193,1828.12
20260504T020331353Z,evalPimNoiseCalibration,MH05,all_pim_tangent_coarse,all,2.0,0.5,107.962,167.193,1828.12
20260504T020331353Z,evalPimNoiseCalibration,V101,all_pim_tangent_coarse,all,2.0,0.5,191.503,167.193,1828.12
20260504T020331353Z,evalPimNoiseCalibration,V102,all_pim_tangent_coarse,all,2.0,0.5,113.217,167.193,1828.12
20260504T020331353Z,evalPimNoiseCalibration,V103,all_pim_tangent_coarse,all,2.0,0.5,181.505,167.193,1828.12
20260504T020331353Z,evalPimNoiseCalibration,V201,all_pim_tangent_coarse,all,2.0,0.5,235.074,167.193,1828.12
20260504T020331353Z,evalPimNoiseCalibration,V202,all_pim_tangent_coarse,all,2.0,0.5,288.431,167.193,1828.12
20260504T020331353Z,evalPimNoiseCalibration,V203,all_pim_tangent_coarse,all,2.0,0.5,381.949,167.193,1828.12
20260504T020331353Z,evalPimNoiseCalibration,MH01,all_pim_tangent_coarse,all,2.0,1.0,26.9416,56.1071,606.178
20260504T020331353Z,evalPimNoiseCalibration,MH02,all_pim_tangent_coarse,all,2.0,1.0,22.6368,56.1071,606.178
20260504T020331353Z,evalPimNoiseCalibration,MH03,all_pim_tangent_coarse,all,2.0,1.0,35.242,56.1071,606.178
20260504T020331353Z,evalPimNoiseCalibration,MH04,all_pim_tangent_coarse,all,2.0,1.0,31.6118,56.1071,606.178
20260504T020331353Z,evalPimNoiseCalibration,MH05,all_pim_tangent_coarse,all,2.0,1.0,35.4241,56.1071,606.178
20260504T020331353Z,evalPimNoiseCalibration,V101,all_pim_tangent_coarse,all,2.0,1.0,65.7701,56.1071,606.178
20260504T020331353Z,evalPimNoiseCalibration,V102,all_pim_tangent_coarse,all,2.0,1.0,40.0793,56.1071,606.178
20260504T020331353Z,evalPimNoiseCalibration,V103,all_pim_tangent_coarse,all,2.0,1.0,65.4484,56.1071,606.178
20260504T020331353Z,evalPimNoiseCalibration,V201,all_pim_tangent_coarse,all,2.0,1.0,71.4516,56.1071,606.178
20260504T020331353Z,evalPimNoiseCalibration,V202,all_pim_tangent_coarse,all,2.0,1.0,94.7297,56.1071,606.178
20260504T020331353Z,evalPimNoiseCalibration,V203,all_pim_tangent_coarse,all,2.0,1.0,127.843,56.1071,606.178
20260504T020331353Z,evalPimNoiseCalibration,MH01,all_pim_tangent_coarse,all,2.0,2.0,9.75024,20.2156,211.372
20260504T020331353Z,evalPimNoiseCalibration,MH02,all_pim_tangent_coarse,all,2.0,2.0,7.60966,20.2156,211.372
20260504T020331353Z,evalPimNoiseCalibration,MH03,all_pim_tangent_coarse,all,2.0,2.0,12.349,20.2156,211.372
20260504T020331353Z,evalPimNoiseCalibration,MH04,all_pim_tangent_coarse,all,2.0,2.0,10.3857,20.2156,211.372
20260504T020331353Z,evalPimNoiseCalibration,MH05,all_pim_tangent_coarse,all,2.0,2.0,11.7069,20.2156,211.372
20260504T020331353Z,evalPimNoiseCalibration,V101,all_pim_tangent_coarse,all,2.0,2.0,26.7661,20.2156,211.372
20260504T020331353Z,evalPimNoiseCalibration,V102,all_pim_tangent_coarse,all,2.0,2.0,14.8016,20.2156,211.372
20260504T020331353Z,evalPimNoiseCalibration,V103,all_pim_tangent_coarse,all,2.0,2.0,25.118,20.2156,211.372
20260504T020331353Z,evalPimNoiseCalibration,V201,all_pim_tangent_coarse,all,2.0,2.0,22.1925,20.2156,211.372
20260504T020331353Z,evalPimNoiseCalibration,V202,all_pim_tangent_coarse,all,2.0,2.0,33.8703,20.2156,211.372
20260504T020331353Z,evalPimNoiseCalibration,V203,all_pim_tangent_coarse,all,2.0,2.0,47.8219,20.2156,211.372
20260504T020331353Z,evalPimNoiseCalibration,MH01,all_pim_tangent_coarse,all,2.0,3.0,5.66479,12.0714,121.785
20260504T020331353Z,evalPimNoiseCalibration,MH02,all_pim_tangent_coarse,all,2.0,3.0,4.30309,12.0714,121.785
20260504T020331353Z,evalPimNoiseCalibration,MH03,all_pim_tangent_coarse,all,2.0,3.0,7.2733,12.0714,121.785
20260504T020331353Z,evalPimNoiseCalibration,MH04,all_pim_tangent_coarse,all,2.0,3.0,5.92488,12.0714,121.785
20260504T020331353Z,evalPimNoiseCalibration,MH05,all_pim_tangent_coarse,all,2.0,3.0,6.18902,12.0714,121.785
20260504T020331353Z,evalPimNoiseCalibration,V101,all_pim_tangent_coarse,all,2.0,3.0,17.6676,12.0714,121.785
20260504T020331353Z,evalPimNoiseCalibration,V102,all_pim_tangent_coarse,all,2.0,3.0,8.85601,12.0714,121.785
20260504T020331353Z,evalPimNoiseCalibration,V103,all_pim_tangent_coarse,all,2.0,3.0,15.3052,12.0714,121.785
20260504T020331353Z,evalPimNoiseCalibration,V201,all_pim_tangent_coarse,all,2.0,3.0,12.2846,12.0714,121.785
20260504T020331353Z,evalPimNoiseCalibration,V202,all_pim_tangent_coarse,all,2.0,3.0,20.1742,12.0714,121.785
20260504T020331353Z,evalPimNoiseCalibration,V203,all_pim_tangent_coarse,all,2.0,3.0,29.1425,12.0714,121.785
20260504T020331353Z,evalPimNoiseCalibration,MH01,all_pim_tangent_coarse,all,2.0,5.0,3.04638,7.30767,69.3843
20260504T020331353Z,evalPimNoiseCalibration,MH02,all_pim_tangent_coarse,all,2.0,5.0,2.34927,7.30767,69.3843
20260504T020331353Z,evalPimNoiseCalibration,MH03,all_pim_tangent_coarse,all,2.0,5.0,4.43917,7.30767,69.3843
20260504T020331353Z,evalPimNoiseCalibration,MH04,all_pim_tangent_coarse,all,2.0,5.0,3.24348,7.30767,69.3843
20260504T020331353Z,evalPimNoiseCalibration,MH05,all_pim_tangent_coarse,all,2.0,5.0,3.17115,7.30767,69.3843
20260504T020331353Z,evalPimNoiseCalibration,V101,all_pim_tangent_coarse,all,2.0,5.0,12.2596,7.30767,69.3843
20260504T020331353Z,evalPimNoiseCalibration,V102,all_pim_tangent_coarse,all,2.0,5.0,4.9557,7.30767,69.3843
20260504T020331353Z,evalPimNoiseCalibration,V103,all_pim_tangent_coarse,all,2.0,5.0,9.22853,7.30767,69.3843
20260504T020331353Z,evalPimNoiseCalibration,V201,all_pim_tangent_coarse,all,2.0,5.0,6.53684,7.30767,69.3843
20260504T020331353Z,evalPimNoiseCalibration,V202,all_pim_tangent_coarse,all,2.0,5.0,12.31,7.30767,69.3843
20260504T020331353Z,evalPimNoiseCalibration,V203,all_pim_tangent_coarse,all,2.0,5.0,18.8442,7.30767,69.3843
20260504T020331353Z,evalPimNoiseCalibration,MH01,all_pim_tangent_coarse,all,2.0,7.0,2.30317,5.82929,53.1222
20260504T020331353Z,evalPimNoiseCalibration,MH02,all_pim_tangent_coarse,all,2.0,7.0,1.68991,5.82929,53.1222
20260504T020331353Z,evalPimNoiseCalibration,MH03,all_pim_tangent_coarse,all,2.0,7.0,3.29595,5.82929,53.1222
20260504T020331353Z,evalPimNoiseCalibration,MH04,all_pim_tangent_coarse,all,2.0,7.0,2.49703,5.82929,53.1222
20260504T020331353Z,evalPimNoiseCalibration,MH05,all_pim_tangent_coarse,all,2.0,7.0,2.1803,5.82929,53.1222
20260504T020331353Z,evalPimNoiseCalibration,V101,all_pim_tangent_coarse,all,2.0,7.0,10.7041,5.82929,53.1222
20260504T020331353Z,evalPimNoiseCalibration,V102,all_pim_tangent_coarse,all,2.0,7.0,3.72926,5.82929,53.1222
20260504T020331353Z,evalPimNoiseCalibration,V103,all_pim_tangent_coarse,all,2.0,7.0,7.35138,5.82929,53.1222
20260504T020331353Z,evalPimNoiseCalibration,V201,all_pim_tangent_coarse,all,2.0,7.0,4.75939,5.82929,53.1222
20260504T020331353Z,evalPimNoiseCalibration,V202,all_pim_tangent_coarse,all,2.0,7.0,10.073,5.82929,53.1222
20260504T020331353Z,evalPimNoiseCalibration,V203,all_pim_tangent_coarse,all,2.0,7.0,15.5387,5.82929,53.1222
20260504T020331353Z,evalPimNoiseCalibration,MH01,all_pim_tangent_coarse,all,2.0,10.0,1.79572,4.96518,43.617
20260504T020331353Z,evalPimNoiseCalibration,MH02,all_pim_tangent_coarse,all,2.0,10.0,1.29692,4.96518,43.617
20260504T020331353Z,evalPimNoiseCalibration,MH03,all_pim_tangent_coarse,all,2.0,10.0,2.61623,4.96518,43.617
20260504T020331353Z,evalPimNoiseCalibration,MH04,all_pim_tangent_coarse,all,2.0,10.0,1.95659,4.96518,43.617
20260504T020331353Z,evalPimNoiseCalibration,MH05,all_pim_tangent_coarse,all,2.0,10.0,1.62892,4.96518,43.617
20260504T020331353Z,evalPimNoiseCalibration,V101,all_pim_tangent_coarse,all,2.0,10.0,9.82827,4.96518,43.617
20260504T020331353Z,evalPimNoiseCalibration,V102,all_pim_tangent_coarse,all,2.0,10.0,3.11858,4.96518,43.617
20260504T020331353Z,evalPimNoiseCalibration,V103,all_pim_tangent_coarse,all,2.0,10.0,6.0599,4.96518,43.617
20260504T020331353Z,evalPimNoiseCalibration,V201,all_pim_tangent_coarse,all,2.0,10.0,3.89983,4.96518,43.617
20260504T020331353Z,evalPimNoiseCalibration,V202,all_pim_tangent_coarse,all,2.0,10.0,8.9463,4.96518,43.617
20260504T020331353Z,evalPimNoiseCalibration,V203,all_pim_tangent_coarse,all,2.0,10.0,13.4697,4.96518,43.617
20260504T020331353Z,evalPimNoiseCalibration,MH01,all_pim_tangent_coarse,all,2.0,13.0,1.56909,4.61683,39.7851
20260504T020331353Z,evalPimNoiseCalibration,MH02,all_pim_tangent_coarse,all,2.0,13.0,1.1286,4.61683,39.7851
20260504T020331353Z,evalPimNoiseCalibration,MH03,all_pim_tangent_coarse,all,2.0,13.0,2.29992,4.61683,39.7851
20260504T020331353Z,evalPimNoiseCalibration,MH04,all_pim_tangent_coarse,all,2.0,13.0,1.69418,4.61683,39.7851
20260504T020331353Z,evalPimNoiseCalibration,MH05,all_pim_tangent_coarse,all,2.0,13.0,1.30434,4.61683,39.7851
20260504T020331353Z,evalPimNoiseCalibration,V101,all_pim_tangent_coarse,all,2.0,13.0,9.48003,4.61683,39.7851
20260504T020331353Z,evalPimNoiseCalibration,V102,all_pim_tangent_coarse,all,2.0,13.0,2.93759,4.61683,39.7851
20260504T020331353Z,evalPimNoiseCalibration,V103,all_pim_tangent_coarse,all,2.0,13.0,5.71095,4.61683,39.7851
20260504T020331353Z,evalPimNoiseCalibration,V201,all_pim_tangent_coarse,all,2.0,13.0,3.51518,4.61683,39.7851
20260504T020331353Z,evalPimNoiseCalibration,V202,all_pim_tangent_coarse,all,2.0,13.0,8.3617,4.61683,39.7851
20260504T020331353Z,evalPimNoiseCalibration,V203,all_pim_tangent_coarse,all,2.0,13.0,12.7835,4.61683,39.7851
20260504T020331353Z,evalPimNoiseCalibration,MH01,all_pim_tangent_coarse,all,3.0,0.5,75.8237,157.752,1724.27
20260504T020331353Z,evalPimNoiseCalibration,MH02,all_pim_tangent_coarse,all,3.0,0.5,62.5312,157.752,1724.27
20260504T020331353Z,evalPimNoiseCalibration,MH03,all_pim_tangent_coarse,all,3.0,0.5,97.8912,157.752,1724.27
20260504T020331353Z,evalPimNoiseCalibration,MH04,all_pim_tangent_coarse,all,3.0,0.5,91.7137,157.752,1724.27
20260504T020331353Z,evalPimNoiseCalibration,MH05,all_pim_tangent_coarse,all,3.0,0.5,104.689,157.752,1724.27
20260504T020331353Z,evalPimNoiseCalibration,V101,all_pim_tangent_coarse,all,3.0,0.5,173.31,157.752,1724.27
20260504T020331353Z,evalPimNoiseCalibration,V102,all_pim_tangent_coarse,all,3.0,0.5,106.945,157.752,1724.27
20260504T020331353Z,evalPimNoiseCalibration,V103,all_pim_tangent_coarse,all,3.0,0.5,173.692,157.752,1724.27
20260504T020331353Z,evalPimNoiseCalibration,V201,all_pim_tangent_coarse,all,3.0,0.5,224.027,157.752,1724.27
20260504T020331353Z,evalPimNoiseCalibration,V202,all_pim_tangent_coarse,all,3.0,0.5,273.545,157.752,1724.27
20260504T020331353Z,evalPimNoiseCalibration,V203,all_pim_tangent_coarse,all,3.0,0.5,351.105,157.752,1724.27
20260504T020331353Z,evalPimNoiseCalibration,MH01,all_pim_tangent_coarse,all,3.0,1.0,25.3808,51.1288,551.417
20260504T020331353Z,evalPimNoiseCalibration,MH02,all_pim_tangent_coarse,all,3.0,1.0,21.6843,51.1288,551.417
20260504T020331353Z,evalPimNoiseCalibration,MH03,all_pim_tangent_coarse,all,3.0,1.0,33.0954,51.1288,551.417
20260504T020331353Z,evalPimNoiseCalibration,MH04,all_pim_tangent_coarse,all,3.0,1.0,30.601,51.1288,551.417
20260504T020331353Z,evalPimNoiseCalibration,MH05,all_pim_tangent_coarse,all,3.0,1.0,34.8077,51.1288,551.417
20260504T020331353Z,evalPimNoiseCalibration,V101,all_pim_tangent_coarse,all,3.0,1.0,56.3528,51.1288,551.417
20260504T020331353Z,evalPimNoiseCalibration,V102,all_pim_tangent_coarse,all,3.0,1.0,37.3165,51.1288,551.417
20260504T020331353Z,evalPimNoiseCalibration,V103,all_pim_tangent_coarse,all,3.0,1.0,60.6022,51.1288,551.417
20260504T020331353Z,evalPimNoiseCalibration,V201,all_pim_tangent_coarse,all,3.0,1.0,67.5571,51.1288,551.417
20260504T020331353Z,evalPimNoiseCalibration,V202,all_pim_tangent_coarse,all,3.0,1.0,85.2378,51.1288,551.417
20260504T020331353Z,evalPimNoiseCalibration,V203,all_pim_tangent_coarse,all,3.0,1.0,109.781,51.1288,551.417
20260504T020331353Z,evalPimNoiseCalibration,MH01,all_pim_tangent_coarse,all,3.0,2.0,8.3269,16.7927,173.719
20260504T020331353Z,evalPimNoiseCalibration,MH02,all_pim_tangent_coarse,all,3.0,2.0,6.80696,16.7927,173.719
20260504T020331353Z,evalPimNoiseCalibration,MH03,all_pim_tangent_coarse,all,3.0,2.0,10.665,16.7927,173.719
20260504T020331353Z,evalPimNoiseCalibration,MH04,all_pim_tangent_coarse,all,3.0,2.0,9.37867,16.7927,173.719
20260504T020331353Z,evalPimNoiseCalibration,MH05,all_pim_tangent_coarse,all,3.0,2.0,10.5228,16.7927,173.719
20260504T020331353Z,evalPimNoiseCalibration,V101,all_pim_tangent_coarse,all,3.0,2.0,20.2924,16.7927,173.719
20260504T020331353Z,evalPimNoiseCalibration,V102,all_pim_tangent_coarse,all,3.0,2.0,12.4928,16.7927,173.719
20260504T020331353Z,evalPimNoiseCalibration,V103,all_pim_tangent_coarse,all,3.0,2.0,21.0285,16.7927,173.719
20260504T020331353Z,evalPimNoiseCalibration,V201,all_pim_tangent_coarse,all,3.0,2.0,19.8428,16.7927,173.719
20260504T020331353Z,evalPimNoiseCalibration,V202,all_pim_tangent_coarse,all,3.0,2.0,27.2209,16.7927,173.719
20260504T020331353Z,evalPimNoiseCalibration,V203,all_pim_tangent_coarse,all,3.0,2.0,38.1416,16.7927,173.719
20260504T020331353Z,evalPimNoiseCalibration,MH01,all_pim_tangent_coarse,all,3.0,3.0,4.47012,9.19957,90.1952
20260504T020331353Z,evalPimNoiseCalibration,MH02,all_pim_tangent_coarse,all,3.0,3.0,3.50529,9.19957,90.1952
20260504T020331353Z,evalPimNoiseCalibration,MH03,all_pim_tangent_coarse,all,3.0,3.0,5.6227,9.19957,90.1952
20260504T020331353Z,evalPimNoiseCalibration,MH04,all_pim_tangent_coarse,all,3.0,3.0,4.77992,9.19957,90.1952
20260504T020331353Z,evalPimNoiseCalibration,MH05,all_pim_tangent_coarse,all,3.0,3.0,5.3868,9.19957,90.1952
20260504T020331353Z,evalPimNoiseCalibration,V101,all_pim_tangent_coarse,all,3.0,3.0,12.2179,9.19957,90.1952
20260504T020331353Z,evalPimNoiseCalibration,V102,all_pim_tangent_coarse,all,3.0,3.0,6.76314,9.19957,90.1952
20260504T020331353Z,evalPimNoiseCalibration,V103,all_pim_tangent_coarse,all,3.0,3.0,11.6824,9.19957,90.1952
20260504T020331353Z,evalPimNoiseCalibration,V201,all_pim_tangent_coarse,all,3.0,3.0,10.0014,9.19957,90.1952
20260504T020331353Z,evalPimNoiseCalibration,V202,all_pim_tangent_coarse,all,3.0,3.0,15.2253,9.19957,90.1952
20260504T020331353Z,evalPimNoiseCalibration,V203,all_pim_tangent_coarse,all,3.0,3.0,21.5403,9.19957,90.1952
20260504T020331353Z,evalPimNoiseCalibration,MH01,all_pim_tangent_coarse,all,3.0,5.0,2.19555,4.80296,41.8326
20260504T020331353Z,evalPimNoiseCalibration,MH02,all_pim_tangent_coarse,all,3.0,5.0,1.70283,4.80296,41.8326
20260504T020331353Z,evalPimNoiseCalibration,MH03,all_pim_tangent_coarse,all,3.0,5.0,2.87768,4.80296,41.8326
20260504T020331353Z,evalPimNoiseCalibration,MH04,all_pim_tangent_coarse,all,3.0,5.0,2.34635,4.80296,41.8326
20260504T020331353Z,evalPimNoiseCalibration,MH05,all_pim_tangent_coarse,all,3.0,5.0,2.37297,4.80296,41.8326
20260504T020331353Z,evalPimNoiseCalibration,V101,all_pim_tangent_coarse,all,3.0,5.0,7.13434,4.80296,41.8326
20260504T020331353Z,evalPimNoiseCalibration,V102,all_pim_tangent_coarse,all,3.0,5.0,3.44174,4.80296,41.8326
20260504T020331353Z,evalPimNoiseCalibration,V103,all_pim_tangent_coarse,all,3.0,5.0,6.16245,4.80296,41.8326
20260504T020331353Z,evalPimNoiseCalibration,V201,all_pim_tangent_coarse,all,3.0,5.0,4.74534,4.80296,41.8326
20260504T020331353Z,evalPimNoiseCalibration,V202,all_pim_tangent_coarse,all,3.0,5.0,8.16169,4.80296,41.8326
20260504T020331353Z,evalPimNoiseCalibration,V203,all_pim_tangent_coarse,all,3.0,5.0,11.6916,4.80296,41.8326
20260504T020331353Z,evalPimNoiseCalibration,MH01,all_pim_tangent_coarse,all,3.0,7.0,1.47374,3.46145,27.0759
20260504T020331353Z,evalPimNoiseCalibration,MH02,all_pim_tangent_coarse,all,3.0,7.0,1.10872,3.46145,27.0759
20260504T020331353Z,evalPimNoiseCalibration,MH03,all_pim_tangent_coarse,all,3.0,7.0,2.07722,3.46145,27.0759
20260504T020331353Z,evalPimNoiseCalibration,MH04,all_pim_tangent_coarse,all,3.0,7.0,1.54125,3.46145,27.0759
20260504T020331353Z,evalPimNoiseCalibration,MH05,all_pim_tangent_coarse,all,3.0,7.0,1.54995,3.46145,27.0759
20260504T020331353Z,evalPimNoiseCalibration,V101,all_pim_tangent_coarse,all,3.0,7.0,5.67179,3.46145,27.0759
20260504T020331353Z,evalPimNoiseCalibration,V102,all_pim_tangent_coarse,all,3.0,7.0,2.40105,3.46145,27.0759
20260504T020331353Z,evalPimNoiseCalibration,V103,all_pim_tangent_coarse,all,3.0,7.0,4.38162,3.46145,27.0759
20260504T020331353Z,evalPimNoiseCalibration,V201,all_pim_tangent_coarse,all,3.0,7.0,3.17329,3.46145,27.0759
20260504T020331353Z,evalPimNoiseCalibration,V202,all_pim_tangent_coarse,all,3.0,7.0,5.74688,3.46145,27.0759
20260504T020331353Z,evalPimNoiseCalibration,V203,all_pim_tangent_coarse,all,3.0,7.0,8.9504,3.46145,27.0759
20260504T020331353Z,evalPimNoiseCalibration,MH01,all_pim_tangent_coarse,all,3.0,10.0,1.05534,2.67398,18.8418
20260504T020331353Z,evalPimNoiseCalibration,MH02,all_pim_tangent_coarse,all,3.0,10.0,0.785967,2.67398,18.8418
20260504T020331353Z,evalPimNoiseCalibration,MH03,all_pim_tangent_coarse,all,3.0,10.0,1.53001,2.67398,18.8418
20260504T020331353Z,evalPimNoiseCalibration,MH04,all_pim_tangent_coarse,all,3.0,10.0,1.1508,2.67398,18.8418
20260504T020331353Z,evalPimNoiseCalibration,MH05,all_pim_tangent_coarse,all,3.0,10.0,1.01837,2.67398,18.8418
20260504T020331353Z,evalPimNoiseCalibration,V101,all_pim_tangent_coarse,all,3.0,10.0,4.84231,2.67398,18.8418
20260504T020331353Z,evalPimNoiseCalibration,V102,all_pim_tangent_coarse,all,3.0,10.0,1.73096,2.67398,18.8418
20260504T020331353Z,evalPimNoiseCalibration,V103,all_pim_tangent_coarse,all,3.0,10.0,3.39956,2.67398,18.8418
20260504T020331353Z,evalPimNoiseCalibration,V201,all_pim_tangent_coarse,all,3.0,10.0,2.20899,2.67398,18.8418
20260504T020331353Z,evalPimNoiseCalibration,V202,all_pim_tangent_coarse,all,3.0,10.0,4.57249,2.67398,18.8418
20260504T020331353Z,evalPimNoiseCalibration,V203,all_pim_tangent_coarse,all,3.0,10.0,7.11899,2.67398,18.8418
20260504T020331353Z,evalPimNoiseCalibration,MH01,all_pim_tangent_coarse,all,3.0,13.0,0.88275,2.33245,16.106
20260504T020331353Z,evalPimNoiseCalibration,MH02,all_pim_tangent_coarse,all,3.0,13.0,0.632691,2.33245,16.106
20260504T020331353Z,evalPimNoiseCalibration,MH03,all_pim_tangent_coarse,all,3.0,13.0,1.24026,2.33245,16.106
20260504T020331353Z,evalPimNoiseCalibration,MH04,all_pim_tangent_coarse,all,3.0,13.0,0.950412,2.33245,16.106
20260504T020331353Z,evalPimNoiseCalibration,MH05,all_pim_tangent_coarse,all,3.0,13.0,0.809611,2.33245,16.106
20260504T020331353Z,evalPimNoiseCalibration,V101,all_pim_tangent_coarse,all,3.0,13.0,4.48883,2.33245,16.106
20260504T020331353Z,evalPimNoiseCalibration,V102,all_pim_tangent_coarse,all,3.0,13.0,1.46033,2.33245,16.106
20260504T020331353Z,evalPimNoiseCalibration,V103,all_pim_tangent_coarse,all,3.0,13.0,2.84801,2.33245,16.106
20260504T020331353Z,evalPimNoiseCalibration,V201,all_pim_tangent_coarse,all,3.0,13.0,1.85243,2.33245,16.106
20260504T020331353Z,evalPimNoiseCalibration,V202,all_pim_tangent_coarse,all,3.0,13.0,4.08813,2.33245,16.106
20260504T020331353Z,evalPimNoiseCalibration,V203,all_pim_tangent_coarse,all,3.0,13.0,6.40345,2.33245,16.106
20260504T020331353Z,evalPimNoiseCalibration,MH01,all_pim_tangent_coarse,all,5.0,0.5,71.4864,143.668,1569.35
20260504T020331353Z,evalPimNoiseCalibration,MH02,all_pim_tangent_coarse,all,5.0,0.5,59.1436,143.668,1569.35
20260504T020331353Z,evalPimNoiseCalibration,MH03,all_pim_tangent_coarse,all,5.0,0.5,91.5686,143.668,1569.35
20260504T020331353Z,evalPimNoiseCalibration,MH04,all_pim_tangent_coarse,all,5.0,0.5,85.5956,143.668,1569.35
20260504T020331353Z,evalPimNoiseCalibration,MH05,all_pim_tangent_coarse,all,5.0,0.5,99.1813,143.668,1569.35
20260504T020331353Z,evalPimNoiseCalibration,V101,all_pim_tangent_coarse,all,5.0,0.5,155.992,143.668,1569.35
20260504T020331353Z,evalPimNoiseCalibration,V102,all_pim_tangent_coarse,all,5.0,0.5,100.783,143.668,1569.35
20260504T020331353Z,evalPimNoiseCalibration,V103,all_pim_tangent_coarse,all,5.0,0.5,162.423,143.668,1569.35
20260504T020331353Z,evalPimNoiseCalibration,V201,all_pim_tangent_coarse,all,5.0,0.5,202.992,143.668,1569.35
20260504T020331353Z,evalPimNoiseCalibration,V202,all_pim_tangent_coarse,all,5.0,0.5,243.853,143.668,1569.35
20260504T020331353Z,evalPimNoiseCalibration,V203,all_pim_tangent_coarse,all,5.0,0.5,307.335,143.668,1569.35
20260504T020331353Z,evalPimNoiseCalibration,MH01,all_pim_tangent_coarse,all,5.0,1.0,24.6529,47.6567,513.223
20260504T020331353Z,evalPimNoiseCalibration,MH02,all_pim_tangent_coarse,all,5.0,1.0,21.2067,47.6567,513.223
20260504T020331353Z,evalPimNoiseCalibration,MH03,all_pim_tangent_coarse,all,5.0,1.0,32.0864,47.6567,513.223
20260504T020331353Z,evalPimNoiseCalibration,MH04,all_pim_tangent_coarse,all,5.0,1.0,29.6115,47.6567,513.223
20260504T020331353Z,evalPimNoiseCalibration,MH05,all_pim_tangent_coarse,all,5.0,1.0,33.9184,47.6567,513.223
20260504T020331353Z,evalPimNoiseCalibration,V101,all_pim_tangent_coarse,all,5.0,1.0,50.389,47.6567,513.223
20260504T020331353Z,evalPimNoiseCalibration,V102,all_pim_tangent_coarse,all,5.0,1.0,35.1664,47.6567,513.223
20260504T020331353Z,evalPimNoiseCalibration,V103,all_pim_tangent_coarse,all,5.0,1.0,57.4167,47.6567,513.223
20260504T020331353Z,evalPimNoiseCalibration,V201,all_pim_tangent_coarse,all,5.0,1.0,64.6853,47.6567,513.223
20260504T020331353Z,evalPimNoiseCalibration,V202,all_pim_tangent_coarse,all,5.0,1.0,78.4933,47.6567,513.223
20260504T020331353Z,evalPimNoiseCalibration,V203,all_pim_tangent_coarse,all,5.0,1.0,96.5968,47.6567,513.223
20260504T020331353Z,evalPimNoiseCalibration,MH01,all_pim_tangent_coarse,all,5.0,2.0,7.74724,14.6421,150.063
20260504T020331353Z,evalPimNoiseCalibration,MH02,all_pim_tangent_coarse,all,5.0,2.0,6.42448,14.6421,150.063
20260504T020331353Z,evalPimNoiseCalibration,MH03,all_pim_tangent_coarse,all,5.0,2.0,9.68157,14.6421,150.063
20260504T020331353Z,evalPimNoiseCalibration,MH04,all_pim_tangent_coarse,all,5.0,2.0,9.03884,14.6421,150.063
20260504T020331353Z,evalPimNoiseCalibration,MH05,all_pim_tangent_coarse,all,5.0,2.0,10.1112,14.6421,150.063
20260504T020331353Z,evalPimNoiseCalibration,V101,all_pim_tangent_coarse,all,5.0,2.0,15.8824,14.6421,150.063
20260504T020331353Z,evalPimNoiseCalibration,V102,all_pim_tangent_coarse,all,5.0,2.0,11.0898,14.6421,150.063
20260504T020331353Z,evalPimNoiseCalibration,V103,all_pim_tangent_coarse,all,5.0,2.0,17.9524,14.6421,150.063
20260504T020331353Z,evalPimNoiseCalibration,V201,all_pim_tangent_coarse,all,5.0,2.0,18.717,14.6421,150.063
20260504T020331353Z,evalPimNoiseCalibration,V202,all_pim_tangent_coarse,all,5.0,2.0,23.7858,14.6421,150.063
20260504T020331353Z,evalPimNoiseCalibration,V203,all_pim_tangent_coarse,all,5.0,2.0,30.6322,14.6421,150.063
20260504T020331353Z,evalPimNoiseCalibration,MH01,all_pim_tangent_coarse,all,5.0,3.0,3.83701,7.38439,70.2283
20260504T020331353Z,evalPimNoiseCalibration,MH02,all_pim_tangent_coarse,all,5.0,3.0,3.09336,7.38439,70.2283
20260504T020331353Z,evalPimNoiseCalibration,MH03,all_pim_tangent_coarse,all,5.0,3.0,4.78027,7.38439,70.2283
20260504T020331353Z,evalPimNoiseCalibration,MH04,all_pim_tangent_coarse,all,5.0,3.0,4.32446,7.38439,70.2283
20260504T020331353Z,evalPimNoiseCalibration,MH05,all_pim_tangent_coarse,all,5.0,3.0,4.8341,7.38439,70.2283
20260504T020331353Z,evalPimNoiseCalibration,V101,all_pim_tangent_coarse,all,5.0,3.0,8.50841,7.38439,70.2283
20260504T020331353Z,evalPimNoiseCalibration,V102,all_pim_tangent_coarse,all,5.0,3.0,5.55984,7.38439,70.2283
20260504T020331353Z,evalPimNoiseCalibration,V103,all_pim_tangent_coarse,all,5.0,3.0,9.14648,7.38439,70.2283
20260504T020331353Z,evalPimNoiseCalibration,V201,all_pim_tangent_coarse,all,5.0,3.0,8.89006,7.38439,70.2283
20260504T020331353Z,evalPimNoiseCalibration,V202,all_pim_tangent_coarse,all,5.0,3.0,11.898,7.38439,70.2283
20260504T020331353Z,evalPimNoiseCalibration,V203,all_pim_tangent_coarse,all,5.0,3.0,16.3562,7.38439,70.2283
20260504T020331353Z,evalPimNoiseCalibration,MH01,all_pim_tangent_coarse,all,5.0,5.0,1.66252,3.35376,25.8913
20260504T020331353Z,evalPimNoiseCalibration,MH02,all_pim_tangent_coarse,all,5.0,5.0,1.29194,3.35376,25.8913
20260504T020331353Z,evalPimNoiseCalibration,MH03,all_pim_tangent_coarse,all,5.0,5.0,2.04631,3.35376,25.8913
20260504T020331353Z,evalPimNoiseCalibration,MH04,all_pim_tangent_coarse,all,5.0,5.0,1.75518,3.35376,25.8913
20260504T020331353Z,evalPimNoiseCalibration,MH05,all_pim_tangent_coarse,all,5.0,5.0,1.95999,3.35376,25.8913
20260504T020331353Z,evalPimNoiseCalibration,V101,all_pim_tangent_coarse,all,5.0,5.0,4.44465,3.35376,25.8913
20260504T020331353Z,evalPimNoiseCalibration,V102,all_pim_tangent_coarse,all,5.0,5.0,2.47189,3.35376,25.8913
20260504T020331353Z,evalPimNoiseCalibration,V103,all_pim_tangent_coarse,all,5.0,5.0,4.27467,3.35376,25.8913
20260504T020331353Z,evalPimNoiseCalibration,V201,all_pim_tangent_coarse,all,5.0,5.0,3.62969,3.35376,25.8913
20260504T020331353Z,evalPimNoiseCalibration,V202,all_pim_tangent_coarse,all,5.0,5.0,5.5452,3.35376,25.8913
20260504T020331353Z,evalPimNoiseCalibration,V203,all_pim_tangent_coarse,all,5.0,5.0,7.80927,3.35376,25.8913
20260504T020331353Z,evalPimNoiseCalibration,MH01,all_pim_tangent_coarse,all,5.0,7.0,1.01258,2.13257,12.9038
20260504T020331353Z,evalPimNoiseCalibration,MH02,all_pim_tangent_coarse,all,5.0,7.0,0.777227,2.13257,12.9038
20260504T020331353Z,evalPimNoiseCalibration,MH03,all_pim_tangent_coarse,all,5.0,7.0,1.26832,2.13257,12.9038
20260504T020331353Z,evalPimNoiseCalibration,MH04,all_pim_tangent_coarse,all,5.0,7.0,1.06658,2.13257,12.9038
20260504T020331353Z,evalPimNoiseCalibration,MH05,all_pim_tangent_coarse,all,5.0,7.0,1.12442,2.13257,12.9038
20260504T020331353Z,evalPimNoiseCalibration,V101,all_pim_tangent_coarse,all,5.0,7.0,3.05687,2.13257,12.9038
20260504T020331353Z,evalPimNoiseCalibration,V102,all_pim_tangent_coarse,all,5.0,7.0,1.56831,2.13257,12.9038
20260504T020331353Z,evalPimNoiseCalibration,V103,all_pim_tangent_coarse,all,5.0,7.0,2.73429,2.13257,12.9038
20260504T020331353Z,evalPimNoiseCalibration,V201,all_pim_tangent_coarse,all,5.0,7.0,2.19622,2.13257,12.9038
20260504T020331353Z,evalPimNoiseCalibration,V202,all_pim_tangent_coarse,all,5.0,7.0,3.50958,2.13257,12.9038
20260504T020331353Z,evalPimNoiseCalibration,V203,all_pim_tangent_coarse,all,5.0,7.0,5.1439,2.13257,12.9038
20260504T020331353Z,evalPimNoiseCalibration,MH01,all_pim_tangent_coarse,all,5.0,10.0,0.621238,1.43066,8.09073
20260504T020331353Z,evalPimNoiseCalibration,MH02,all_pim_tangent_coarse,all,5.0,10.0,0.491622,1.43066,8.09073
20260504T020331353Z,evalPimNoiseCalibration,MH03,all_pim_tangent_coarse,all,5.0,10.0,0.872993,1.43066,8.09073
20260504T020331353Z,evalPimNoiseCalibration,MH04,all_pim_tangent_coarse,all,5.0,10.0,0.666817,1.43066,8.09073
20260504T020331353Z,evalPimNoiseCalibration,MH05,all_pim_tangent_coarse,all,5.0,10.0,0.670612,1.43066,8.09073
20260504T020331353Z,evalPimNoiseCalibration,V101,all_pim_tangent_coarse,all,5.0,10.0,2.22959,1.43066,8.09073
20260504T020331353Z,evalPimNoiseCalibration,V102,all_pim_tangent_coarse,all,5.0,10.0,1.00682,1.43066,8.09073
20260504T020331353Z,evalPimNoiseCalibration,V103,all_pim_tangent_coarse,all,5.0,10.0,1.80754,1.43066,8.09073
20260504T020331353Z,evalPimNoiseCalibration,V201,all_pim_tangent_coarse,all,5.0,10.0,1.36861,1.43066,8.09073
20260504T020331353Z,evalPimNoiseCalibration,V202,all_pim_tangent_coarse,all,5.0,10.0,2.42492,1.43066,8.09073
20260504T020331353Z,evalPimNoiseCalibration,V203,all_pim_tangent_coarse,all,5.0,10.0,3.57653,1.43066,8.09073
20260504T020331353Z,evalPimNoiseCalibration,MH01,all_pim_tangent_coarse,all,5.0,13.0,0.46923,1.14167,6.99653
20260504T020331353Z,evalPimNoiseCalibration,MH02,all_pim_tangent_coarse,all,5.0,13.0,0.361237,1.14167,6.99653
20260504T020331353Z,evalPimNoiseCalibration,MH03,all_pim_tangent_coarse,all,5.0,13.0,0.69209,1.14167,6.99653
20260504T020331353Z,evalPimNoiseCalibration,MH04,all_pim_tangent_coarse,all,5.0,13.0,0.501001,1.14167,6.99653
20260504T020331353Z,evalPimNoiseCalibration,MH05,all_pim_tangent_coarse,all,5.0,13.0,0.49125,1.14167,6.99653
20260504T020331353Z,evalPimNoiseCalibration,V101,all_pim_tangent_coarse,all,5.0,13.0,1.91784,1.14167,6.99653
20260504T020331353Z,evalPimNoiseCalibration,V102,all_pim_tangent_coarse,all,5.0,13.0,0.766101,1.14167,6.99653
20260504T020331353Z,evalPimNoiseCalibration,V103,all_pim_tangent_coarse,all,5.0,13.0,1.43814,1.14167,6.99653
20260504T020331353Z,evalPimNoiseCalibration,V201,all_pim_tangent_coarse,all,5.0,13.0,1.00315,1.14167,6.99653
20260504T020331353Z,evalPimNoiseCalibration,V202,all_pim_tangent_coarse,all,5.0,13.0,1.92947,1.14167,6.99653
20260504T020331353Z,evalPimNoiseCalibration,V203,all_pim_tangent_coarse,all,5.0,13.0,2.98884,1.14167,6.99653
20260504T020331353Z,evalPimNoiseCalibration,MH01,all_pim_tangent_coarse,all,7.0,0.5,65.7207,130.318,1422.49
20260504T020331353Z,evalPimNoiseCalibration,MH02,all_pim_tangent_coarse,all,7.0,0.5,54.9341,130.318,1422.49
20260504T020331353Z,evalPimNoiseCalibration,MH03,all_pim_tangent_coarse,all,7.0,0.5,86.8664,130.318,1422.49
20260504T020331353Z,evalPimNoiseCalibration,MH04,all_pim_tangent_coarse,all,7.0,0.5,81.0068,130.318,1422.49
20260504T020331353Z,evalPimNoiseCalibration,MH05,all_pim_tangent_coarse,all,7.0,0.5,91.7289,130.318,1422.49
20260504T020331353Z,evalPimNoiseCalibration,V101,all_pim_tangent_coarse,all,7.0,0.5,140.017,130.318,1422.49
20260504T020331353Z,evalPimNoiseCalibration,V102,all_pim_tangent_coarse,all,7.0,0.5,94.2302,130.318,1422.49
20260504T020331353Z,evalPimNoiseCalibration,V103,all_pim_tangent_coarse,all,7.0,0.5,150.642,130.318,1422.49
20260504T020331353Z,evalPimNoiseCalibration,V201,all_pim_tangent_coarse,all,7.0,0.5,179.842,130.318,1422.49
20260504T020331353Z,evalPimNoiseCalibration,V202,all_pim_tangent_coarse,all,7.0,0.5,216.117,130.318,1422.49
20260504T020331353Z,evalPimNoiseCalibration,V203,all_pim_tangent_coarse,all,7.0,0.5,272.388,130.318,1422.49
20260504T020331353Z,evalPimNoiseCalibration,MH01,all_pim_tangent_coarse,all,7.0,1.0,24.0326,45.7044,491.748
20260504T020331353Z,evalPimNoiseCalibration,MH02,all_pim_tangent_coarse,all,7.0,1.0,20.744,45.7044,491.748
20260504T020331353Z,evalPimNoiseCalibration,MH03,all_pim_tangent_coarse,all,7.0,1.0,31.6321,45.7044,491.748
20260504T020331353Z,evalPimNoiseCalibration,MH04,all_pim_tangent_coarse,all,7.0,1.0,29.0754,45.7044,491.748
20260504T020331353Z,evalPimNoiseCalibration,MH05,all_pim_tangent_coarse,all,7.0,1.0,32.994,45.7044,491.748
20260504T020331353Z,evalPimNoiseCalibration,V101,all_pim_tangent_coarse,all,7.0,1.0,47.7859,45.7044,491.748
20260504T020331353Z,evalPimNoiseCalibration,V102,all_pim_tangent_coarse,all,7.0,1.0,34.0946,45.7044,491.748
20260504T020331353Z,evalPimNoiseCalibration,V103,all_pim_tangent_coarse,all,7.0,1.0,55.9009,45.7044,491.748
20260504T020331353Z,evalPimNoiseCalibration,V201,all_pim_tangent_coarse,all,7.0,1.0,62.0351,45.7044,491.748
20260504T020331353Z,evalPimNoiseCalibration,V202,all_pim_tangent_coarse,all,7.0,1.0,74.0726,45.7044,491.748
20260504T020331353Z,evalPimNoiseCalibration,V203,all_pim_tangent_coarse,all,7.0,1.0,90.3812,45.7044,491.748
20260504T020331353Z,evalPimNoiseCalibration,MH01,all_pim_tangent_coarse,all,7.0,2.0,7.46309,13.8295,141.125
20260504T020331353Z,evalPimNoiseCalibration,MH02,all_pim_tangent_coarse,all,7.0,2.0,6.30639,13.8295,141.125
20260504T020331353Z,evalPimNoiseCalibration,MH03,all_pim_tangent_coarse,all,7.0,2.0,9.37461,13.8295,141.125
20260504T020331353Z,evalPimNoiseCalibration,MH04,all_pim_tangent_coarse,all,7.0,2.0,8.89842,13.8295,141.125
20260504T020331353Z,evalPimNoiseCalibration,MH05,all_pim_tangent_coarse,all,7.0,2.0,9.8875,13.8295,141.125
20260504T020331353Z,evalPimNoiseCalibration,V101,all_pim_tangent_coarse,all,7.0,2.0,14.6302,13.8295,141.125
20260504T020331353Z,evalPimNoiseCalibration,V102,all_pim_tangent_coarse,all,7.0,2.0,10.574,13.8295,141.125
20260504T020331353Z,evalPimNoiseCalibration,V103,all_pim_tangent_coarse,all,7.0,2.0,17.192,13.8295,141.125
20260504T020331353Z,evalPimNoiseCalibration,V201,all_pim_tangent_coarse,all,7.0,2.0,18.1852,13.8295,141.125
20260504T020331353Z,evalPimNoiseCalibration,V202,all_pim_tangent_coarse,all,7.0,2.0,22.0358,13.8295,141.125
20260504T020331353Z,evalPimNoiseCalibration,V203,all_pim_tangent_coarse,all,7.0,2.0,27.5778,13.8295,141.125
20260504T020331353Z,evalPimNoiseCalibration,MH01,all_pim_tangent_coarse,all,7.0,3.0,3.62109,6.78146,63.596
20260504T020331353Z,evalPimNoiseCalibration,MH02,all_pim_tangent_coarse,all,7.0,3.0,2.97407,6.78146,63.596
20260504T020331353Z,evalPimNoiseCalibration,MH03,all_pim_tangent_coarse,all,7.0,3.0,4.459,6.78146,63.596
20260504T020331353Z,evalPimNoiseCalibration,MH04,all_pim_tangent_coarse,all,7.0,3.0,4.19716,6.78146,63.596
20260504T020331353Z,evalPimNoiseCalibration,MH05,all_pim_tangent_coarse,all,7.0,3.0,4.67009,6.78146,63.596
20260504T020331353Z,evalPimNoiseCalibration,V101,all_pim_tangent_coarse,all,7.0,3.0,7.42948,6.78146,63.596
20260504T020331353Z,evalPimNoiseCalibration,V102,all_pim_tangent_coarse,all,7.0,3.0,5.17305,6.78146,63.596
20260504T020331353Z,evalPimNoiseCalibration,V103,all_pim_tangent_coarse,all,7.0,3.0,8.44394,6.78146,63.596
20260504T020331353Z,evalPimNoiseCalibration,V201,all_pim_tangent_coarse,all,7.0,3.0,8.58431,6.78146,63.596
20260504T020331353Z,evalPimNoiseCalibration,V202,all_pim_tangent_coarse,all,7.0,3.0,10.9885,6.78146,63.596
20260504T020331353Z,evalPimNoiseCalibration,V203,all_pim_tangent_coarse,all,7.0,3.0,14.0554,6.78146,63.596
20260504T020331353Z,evalPimNoiseCalibration,MH01,all_pim_tangent_coarse,all,7.0,5.0,1.46463,2.88463,20.731
20260504T020331353Z,evalPimNoiseCalibration,MH02,all_pim_tangent_coarse,all,7.0,5.0,1.16702,2.88463,20.731
20260504T020331353Z,evalPimNoiseCalibration,MH03,all_pim_tangent_coarse,all,7.0,5.0,1.81799,2.88463,20.731
20260504T020331353Z,evalPimNoiseCalibration,MH04,all_pim_tangent_coarse,all,7.0,5.0,1.61426,2.88463,20.731
20260504T020331353Z,evalPimNoiseCalibration,MH05,all_pim_tangent_coarse,all,7.0,5.0,1.81801,2.88463,20.731
20260504T020331353Z,evalPimNoiseCalibration,V101,all_pim_tangent_coarse,all,7.0,5.0,3.51904,2.88463,20.731
20260504T020331353Z,evalPimNoiseCalibration,V102,all_pim_tangent_coarse,all,7.0,5.0,2.16618,2.88463,20.731
20260504T020331353Z,evalPimNoiseCalibration,V103,all_pim_tangent_coarse,all,7.0,5.0,3.67065,2.88463,20.731
20260504T020331353Z,evalPimNoiseCalibration,V201,all_pim_tangent_coarse,all,7.0,5.0,3.3069,2.88463,20.731
20260504T020331353Z,evalPimNoiseCalibration,V202,all_pim_tangent_coarse,all,7.0,5.0,4.68088,2.88463,20.731
20260504T020331353Z,evalPimNoiseCalibration,V203,all_pim_tangent_coarse,all,7.0,5.0,6.50539,2.88463,20.731
20260504T020331353Z,evalPimNoiseCalibration,MH01,all_pim_tangent_coarse,all,7.0,7.0,0.856768,1.71693,9.04624
20260504T020331353Z,evalPimNoiseCalibration,MH02,all_pim_tangent_coarse,all,7.0,7.0,0.66289,1.71693,9.04624
20260504T020331353Z,evalPimNoiseCalibration,MH03,all_pim_tangent_coarse,all,7.0,7.0,1.04991,1.71693,9.04624
20260504T020331353Z,evalPimNoiseCalibration,MH04,all_pim_tangent_coarse,all,7.0,7.0,0.900333,1.71693,9.04624
20260504T020331353Z,evalPimNoiseCalibration,MH05,all_pim_tangent_coarse,all,7.0,7.0,1.00311,1.71693,9.04624
20260504T020331353Z,evalPimNoiseCalibration,V101,all_pim_tangent_coarse,all,7.0,7.0,2.27057,1.71693,9.04624
20260504T020331353Z,evalPimNoiseCalibration,V102,all_pim_tangent_coarse,all,7.0,7.0,1.26731,1.71693,9.04624
20260504T020331353Z,evalPimNoiseCalibration,V103,all_pim_tangent_coarse,all,7.0,7.0,2.1914,1.71693,9.04624
20260504T020331353Z,evalPimNoiseCalibration,V201,all_pim_tangent_coarse,all,7.0,7.0,1.85482,1.71693,9.04624
20260504T020331353Z,evalPimNoiseCalibration,V202,all_pim_tangent_coarse,all,7.0,7.0,2.83319,1.71693,9.04624
20260504T020331353Z,evalPimNoiseCalibration,V203,all_pim_tangent_coarse,all,7.0,7.0,3.99591,1.71693,9.04624
20260504T020331353Z,evalPimNoiseCalibration,MH01,all_pim_tangent_coarse,all,7.0,10.0,0.502149,1.06115,5.8825
20260504T020331353Z,evalPimNoiseCalibration,MH02,all_pim_tangent_coarse,all,7.0,10.0,0.387469,1.06115,5.8825
20260504T020331353Z,evalPimNoiseCalibration,MH03,all_pim_tangent_coarse,all,7.0,10.0,0.635837,1.06115,5.8825
20260504T020331353Z,evalPimNoiseCalibration,MH04,all_pim_tangent_coarse,all,7.0,10.0,0.527493,1.06115,5.8825
20260504T020331353Z,evalPimNoiseCalibration,MH05,all_pim_tangent_coarse,all,7.0,10.0,0.559473,1.06115,5.8825
20260504T020331353Z,evalPimNoiseCalibration,V101,all_pim_tangent_coarse,all,7.0,10.0,1.52379,1.06115,5.8825
20260504T020331353Z,evalPimNoiseCalibration,V102,all_pim_tangent_coarse,all,7.0,10.0,0.782653,1.06115,5.8825
20260504T020331353Z,evalPimNoiseCalibration,V103,all_pim_tangent_coarse,all,7.0,10.0,1.36132,1.06115,5.8825
20260504T020331353Z,evalPimNoiseCalibration,V201,all_pim_tangent_coarse,all,7.0,10.0,1.08547,1.06115,5.8825
20260504T020331353Z,evalPimNoiseCalibration,V202,all_pim_tangent_coarse,all,7.0,10.0,1.76389,1.06115,5.8825
20260504T020331353Z,evalPimNoiseCalibration,V203,all_pim_tangent_coarse,all,7.0,10.0,2.5431,1.06115,5.8825
20260504T020331353Z,evalPimNoiseCalibration,MH01,all_pim_tangent_coarse,all,7.0,13.0,0.348266,0.787086,5.29636
20260504T020331353Z,evalPimNoiseCalibration,MH02,all_pim_tangent_coarse,all,7.0,13.0,0.275815,0.787086,5.29636
20260504T020331353Z,evalPimNoiseCalibration,MH03,all_pim_tangent_coarse,all,7.0,13.0,0.478215,0.787086,5.29636
20260504T020331353Z,evalPimNoiseCalibration,MH04,all_pim_tangent_coarse,all,7.0,13.0,0.377184,0.787086,5.29636
20260504T020331353Z,evalPimNoiseCalibration,MH05,all_pim_tangent_coarse,all,7.0,13.0,0.378924,0.787086,5.29636
20260504T020331353Z,evalPimNoiseCalibration,V101,all_pim_tangent_coarse,all,7.0,13.0,1.20711,0.787086,5.29636
20260504T020331353Z,evalPimNoiseCalibration,V102,all_pim_tangent_coarse,all,7.0,13.0,0.557403,0.787086,5.29636
20260504T020331353Z,evalPimNoiseCalibration,V103,all_pim_tangent_coarse,all,7.0,13.0,1.00073,0.787086,5.29636
20260504T020331353Z,evalPimNoiseCalibration,V201,all_pim_tangent_coarse,all,7.0,13.0,0.764985,0.787086,5.29636
20260504T020331353Z,evalPimNoiseCalibration,V202,all_pim_tangent_coarse,all,7.0,13.0,1.32164,0.787086,5.29636
20260504T020331353Z,evalPimNoiseCalibration,V203,all_pim_tangent_coarse,all,7.0,13.0,1.94768,0.787086,5.29636
20260504T020331353Z,evalPimNoiseCalibration,MH01,all_pim_tangent_coarse,all,10.0,0.5,58.4016,111.151,1211.66
20260504T020331353Z,evalPimNoiseCalibration,MH02,all_pim_tangent_coarse,all,10.0,0.5,47.8632,111.151,1211.66
20260504T020331353Z,evalPimNoiseCalibration,MH03,all_pim_tangent_coarse,all,10.0,0.5,77.9671,111.151,1211.66
20260504T020331353Z,evalPimNoiseCalibration,MH04,all_pim_tangent_coarse,all,10.0,0.5,72.5402,111.151,1211.66
20260504T020331353Z,evalPimNoiseCalibration,MH05,all_pim_tangent_coarse,all,10.0,0.5,82.2039,111.151,1211.66
20260504T020331353Z,evalPimNoiseCalibration,V101,all_pim_tangent_coarse,all,10.0,0.5,115.044,111.151,1211.66
20260504T020331353Z,evalPimNoiseCalibration,V102,all_pim_tangent_coarse,all,10.0,0.5,82.4451,111.151,1211.66
20260504T020331353Z,evalPimNoiseCalibration,V103,all_pim_tangent_coarse,all,10.0,0.5,133.808,111.151,1211.66
20260504T020331353Z,evalPimNoiseCalibration,V201,all_pim_tangent_coarse,all,10.0,0.5,149.815,111.151,1211.66
20260504T020331353Z,evalPimNoiseCalibration,V202,all_pim_tangent_coarse,all,10.0,0.5,179.973,111.151,1211.66
20260504T020331353Z,evalPimNoiseCalibration,V203,all_pim_tangent_coarse,all,10.0,0.5,222.6,111.151,1211.66
20260504T020331353Z,evalPimNoiseCalibration,MH01,all_pim_tangent_coarse,all,10.0,1.0,23.1598,42.975,461.725
20260504T020331353Z,evalPimNoiseCalibration,MH02,all_pim_tangent_coarse,all,10.0,1.0,20.1841,42.975,461.725
20260504T020331353Z,evalPimNoiseCalibration,MH03,all_pim_tangent_coarse,all,10.0,1.0,30.0353,42.975,461.725
20260504T020331353Z,evalPimNoiseCalibration,MH04,all_pim_tangent_coarse,all,10.0,1.0,28.0061,42.975,461.725
20260504T020331353Z,evalPimNoiseCalibration,MH05,all_pim_tangent_coarse,all,10.0,1.0,31.3919,42.975,461.725
20260504T020331353Z,evalPimNoiseCalibration,V101,all_pim_tangent_coarse,all,10.0,1.0,44.4767,42.975,461.725
20260504T020331353Z,evalPimNoiseCalibration,V102,all_pim_tangent_coarse,all,10.0,1.0,32.7402,42.975,461.725
20260504T020331353Z,evalPimNoiseCalibration,V103,all_pim_tangent_coarse,all,10.0,1.0,53.9781,42.975,461.725
20260504T020331353Z,evalPimNoiseCalibration,V201,all_pim_tangent_coarse,all,10.0,1.0,57.5666,42.975,461.725
20260504T020331353Z,evalPimNoiseCalibration,V202,all_pim_tangent_coarse,all,10.0,1.0,67.8792,42.975,461.725
20260504T020331353Z,evalPimNoiseCalibration,V203,all_pim_tangent_coarse,all,10.0,1.0,83.3066,42.975,461.725
20260504T020331353Z,evalPimNoiseCalibration,MH01,all_pim_tangent_coarse,all,10.0,2.0,7.22361,13.2714,134.986
20260504T020331353Z,evalPimNoiseCalibration,MH02,all_pim_tangent_coarse,all,10.0,2.0,6.18805,13.2714,134.986
20260504T020331353Z,evalPimNoiseCalibration,MH03,all_pim_tangent_coarse,all,10.0,2.0,9.0753,13.2714,134.986
20260504T020331353Z,evalPimNoiseCalibration,MH04,all_pim_tangent_coarse,all,10.0,2.0,8.68527,13.2714,134.986
20260504T020331353Z,evalPimNoiseCalibration,MH05,all_pim_tangent_coarse,all,10.0,2.0,9.77908,13.2714,134.986
20260504T020331353Z,evalPimNoiseCalibration,V101,all_pim_tangent_coarse,all,10.0,2.0,13.857,13.2714,134.986
20260504T020331353Z,evalPimNoiseCalibration,V102,all_pim_tangent_coarse,all,10.0,2.0,10.3003,13.2714,134.986
20260504T020331353Z,evalPimNoiseCalibration,V103,all_pim_tangent_coarse,all,10.0,2.0,16.6569,13.2714,134.986
20260504T020331353Z,evalPimNoiseCalibration,V201,all_pim_tangent_coarse,all,10.0,2.0,17.4874,13.2714,134.986
20260504T020331353Z,evalPimNoiseCalibration,V202,all_pim_tangent_coarse,all,10.0,2.0,21.1746,13.2714,134.986
20260504T020331353Z,evalPimNoiseCalibration,V203,all_pim_tangent_coarse,all,10.0,2.0,25.5583,13.2714,134.986
20260504T020331353Z,evalPimNoiseCalibration,MH01,all_pim_tangent_coarse,all,10.0,3.0,3.47191,6.37966,59.1763
20260504T020331353Z,evalPimNoiseCalibration,MH02,all_pim_tangent_coarse,all,10.0,3.0,2.92145,6.37966,59.1763
20260504T020331353Z,evalPimNoiseCalibration,MH03,all_pim_tangent_coarse,all,10.0,3.0,4.2747,6.37966,59.1763
20260504T020331353Z,evalPimNoiseCalibration,MH04,all_pim_tangent_coarse,all,10.0,3.0,4.07638,6.37966,59.1763
20260504T020331353Z,evalPimNoiseCalibration,MH05,all_pim_tangent_coarse,all,10.0,3.0,4.56239,6.37966,59.1763
20260504T020331353Z,evalPimNoiseCalibration,V101,all_pim_tangent_coarse,all,10.0,3.0,6.70384,6.37966,59.1763
20260504T020331353Z,evalPimNoiseCalibration,V102,all_pim_tangent_coarse,all,10.0,3.0,4.95428,6.37966,59.1763
20260504T020331353Z,evalPimNoiseCalibration,V103,all_pim_tangent_coarse,all,10.0,3.0,8.0456,6.37966,59.1763
20260504T020331353Z,evalPimNoiseCalibration,V201,all_pim_tangent_coarse,all,10.0,3.0,8.30008,6.37966,59.1763
20260504T020331353Z,evalPimNoiseCalibration,V202,all_pim_tangent_coarse,all,10.0,3.0,10.0351,6.37966,59.1763
20260504T020331353Z,evalPimNoiseCalibration,V203,all_pim_tangent_coarse,all,10.0,3.0,12.8305,6.37966,59.1763
20260504T020331353Z,evalPimNoiseCalibration,MH01,all_pim_tangent_coarse,all,10.0,5.0,1.37246,2.5734,17.3074
20260504T020331353Z,evalPimNoiseCalibration,MH02,all_pim_tangent_coarse,all,10.0,5.0,1.10358,2.5734,17.3074
20260504T020331353Z,evalPimNoiseCalibration,MH03,all_pim_tangent_coarse,all,10.0,5.0,1.67362,2.5734,17.3074
20260504T020331353Z,evalPimNoiseCalibration,MH04,all_pim_tangent_coarse,all,10.0,5.0,1.56591,2.5734,17.3074
20260504T020331353Z,evalPimNoiseCalibration,MH05,all_pim_tangent_coarse,all,10.0,5.0,1.74357,2.5734,17.3074
20260504T020331353Z,evalPimNoiseCalibration,V101,all_pim_tangent_coarse,all,10.0,5.0,2.85222,2.5734,17.3074
20260504T020331353Z,evalPimNoiseCalibration,V102,all_pim_tangent_coarse,all,10.0,5.0,1.97154,2.5734,17.3074
20260504T020331353Z,evalPimNoiseCalibration,V103,all_pim_tangent_coarse,all,10.0,5.0,3.2173,2.5734,17.3074
20260504T020331353Z,evalPimNoiseCalibration,V201,all_pim_tangent_coarse,all,10.0,5.0,3.17622,2.5734,17.3074
20260504T020331353Z,evalPimNoiseCalibration,V202,all_pim_tangent_coarse,all,10.0,5.0,4.14253,2.5734,17.3074
20260504T020331353Z,evalPimNoiseCalibration,V203,all_pim_tangent_coarse,all,10.0,5.0,5.48844,2.5734,17.3074
20260504T020331353Z,evalPimNoiseCalibration,MH01,all_pim_tangent_coarse,all,10.0,7.0,0.752474,1.4649,7.0503
20260504T020331353Z,evalPimNoiseCalibration,MH02,all_pim_tangent_coarse,all,10.0,7.0,0.596738,1.4649,7.0503
20260504T020331353Z,evalPimNoiseCalibration,MH03,all_pim_tangent_coarse,all,10.0,7.0,0.927665,1.4649,7.0503
20260504T020331353Z,evalPimNoiseCalibration,MH04,all_pim_tangent_coarse,all,10.0,7.0,0.826175,1.4649,7.0503
20260504T020331353Z,evalPimNoiseCalibration,MH05,all_pim_tangent_coarse,all,10.0,7.0,0.928769,1.4649,7.0503
20260504T020331353Z,evalPimNoiseCalibration,V101,all_pim_tangent_coarse,all,10.0,7.0,1.75424,1.4649,7.0503
20260504T020331353Z,evalPimNoiseCalibration,V102,all_pim_tangent_coarse,all,10.0,7.0,1.10523,1.4649,7.0503
20260504T020331353Z,evalPimNoiseCalibration,V103,all_pim_tangent_coarse,all,10.0,7.0,1.87696,1.4649,7.0503
20260504T020331353Z,evalPimNoiseCalibration,V201,all_pim_tangent_coarse,all,10.0,7.0,1.68535,1.4649,7.0503
20260504T020331353Z,evalPimNoiseCalibration,V202,all_pim_tangent_coarse,all,10.0,7.0,2.3671,1.4649,7.0503
20260504T020331353Z,evalPimNoiseCalibration,V203,all_pim_tangent_coarse,all,10.0,7.0,3.29325,1.4649,7.0503
20260504T020331353Z,evalPimNoiseCalibration,MH01,all_pim_tangent_coarse,all,10.0,10.0,0.42242,0.842796,4.80675
20260504T020331353Z,evalPimNoiseCalibration,MH02,all_pim_tangent_coarse,all,10.0,10.0,0.325493,0.842796,4.80675
20260504T020331353Z,evalPimNoiseCalibration,MH03,all_pim_tangent_coarse,all,10.0,10.0,0.516022,0.842796,4.80675
20260504T020331353Z,evalPimNoiseCalibration,MH04,all_pim_tangent_coarse,all,10.0,10.0,0.44273,0.842796,4.80675
20260504T020331353Z,evalPimNoiseCalibration,MH05,all_pim_tangent_coarse,all,10.0,10.0,0.493074,0.842796,4.80675
20260504T020331353Z,evalPimNoiseCalibration,V101,all_pim_tangent_coarse,all,10.0,10.0,1.11335,0.842796,4.80675
20260504T020331353Z,evalPimNoiseCalibration,V102,all_pim_tangent_coarse,all,10.0,10.0,0.622618,0.842796,4.80675
20260504T020331353Z,evalPimNoiseCalibration,V103,all_pim_tangent_coarse,all,10.0,10.0,1.07716,0.842796,4.80675
20260504T020331353Z,evalPimNoiseCalibration,V201,all_pim_tangent_coarse,all,10.0,10.0,0.909647,0.842796,4.80675
20260504T020331353Z,evalPimNoiseCalibration,V202,all_pim_tangent_coarse,all,10.0,10.0,1.38933,0.842796,4.80675
20260504T020331353Z,evalPimNoiseCalibration,V203,all_pim_tangent_coarse,all,10.0,10.0,1.95892,0.842796,4.80675
20260504T020331353Z,evalPimNoiseCalibration,MH01,all_pim_tangent_coarse,all,10.0,13.0,0.285421,0.585588,5.3375
20260504T020331353Z,evalPimNoiseCalibration,MH02,all_pim_tangent_coarse,all,10.0,13.0,0.216589,0.585588,5.3375
20260504T020331353Z,evalPimNoiseCalibration,MH03,all_pim_tangent_coarse,all,10.0,13.0,0.351232,0.585588,5.3375
20260504T020331353Z,evalPimNoiseCalibration,MH04,all_pim_tangent_coarse,all,10.0,13.0,0.295364,0.585588,5.3375
20260504T020331353Z,evalPimNoiseCalibration,MH05,all_pim_tangent_coarse,all,10.0,13.0,0.321432,0.585588,5.3375
20260504T020331353Z,evalPimNoiseCalibration,V101,all_pim_tangent_coarse,all,10.0,13.0,0.821714,0.585588,5.3375
20260504T020331353Z,evalPimNoiseCalibration,V102,all_pim_tangent_coarse,all,10.0,13.0,0.431019,0.585588,5.3375
20260504T020331353Z,evalPimNoiseCalibration,V103,all_pim_tangent_coarse,all,10.0,13.0,0.758168,0.585588,5.3375
20260504T020331353Z,evalPimNoiseCalibration,V201,all_pim_tangent_coarse,all,10.0,13.0,0.613184,0.585588,5.3375
20260504T020331353Z,evalPimNoiseCalibration,V202,all_pim_tangent_coarse,all,10.0,13.0,0.957862,0.585588,5.3375
20260504T020331353Z,evalPimNoiseCalibration,V203,all_pim_tangent_coarse,all,10.0,13.0,1.38949,0.585588,5.3375
20260504T020331353Z,evalPimNoiseCalibration,MH01,all_pim_tangent_coarse,all,13.0,0.5,54.3068,96.7053,1052.76
20260504T020331353Z,evalPimNoiseCalibration,MH02,all_pim_tangent_coarse,all,13.0,0.5,43.8909,96.7053,1052.76
20260504T020331353Z,evalPimNoiseCalibration,MH03,all_pim_tangent_coarse,all,13.0,0.5,70.3498,96.7053,1052.76
20260504T020331353Z,evalPimNoiseCalibration,MH04,all_pim_tangent_coarse,all,13.0,0.5,62.6526,96.7053,1052.76
20260504T020331353Z,evalPimNoiseCalibration,MH05,all_pim_tangent_coarse,all,13.0,0.5,75.0316,96.7053,1052.76
20260504T020331353Z,evalPimNoiseCalibration,V101,all_pim_tangent_coarse,all,13.0,0.5,97.5381,96.7053,1052.76
20260504T020331353Z,evalPimNoiseCalibration,V102,all_pim_tangent_coarse,all,13.0,0.5,73.1065,96.7053,1052.76
20260504T020331353Z,evalPimNoiseCalibration,V103,all_pim_tangent_coarse,all,13.0,0.5,121.32,96.7053,1052.76
20260504T020331353Z,evalPimNoiseCalibration,V201,all_pim_tangent_coarse,all,13.0,0.5,126.156,96.7053,1052.76
20260504T020331353Z,evalPimNoiseCalibration,V202,all_pim_tangent_coarse,all,13.0,0.5,153.795,96.7053,1052.76
20260504T020331353Z,evalPimNoiseCalibration,V203,all_pim_tangent_coarse,all,13.0,0.5,185.611,96.7053,1052.76
20260504T020331353Z,evalPimNoiseCalibration,MH01,all_pim_tangent_coarse,all,13.0,1.0,22.0365,40.3741,433.115
20260504T020331353Z,evalPimNoiseCalibration,MH02,all_pim_tangent_coarse,all,13.0,1.0,19.6238,40.3741,433.115
20260504T020331353Z,evalPimNoiseCalibration,MH03,all_pim_tangent_coarse,all,13.0,1.0,28.216,40.3741,433.115
20260504T020331353Z,evalPimNoiseCalibration,MH04,all_pim_tangent_coarse,all,13.0,1.0,26.8228,40.3741,433.115
20260504T020331353Z,evalPimNoiseCalibration,MH05,all_pim_tangent_coarse,all,13.0,1.0,30.1383,40.3741,433.115
20260504T020331353Z,evalPimNoiseCalibration,V101,all_pim_tangent_coarse,all,13.0,1.0,40.7242,40.3741,433.115
20260504T020331353Z,evalPimNoiseCalibration,V102,all_pim_tangent_coarse,all,13.0,1.0,31.3143,40.3741,433.115
20260504T020331353Z,evalPimNoiseCalibration,V103,all_pim_tangent_coarse,all,13.0,1.0,52.255,40.3741,433.115
20260504T020331353Z,evalPimNoiseCalibration,V201,all_pim_tangent_coarse,all,13.0,1.0,53.2098,40.3741,433.115
20260504T020331353Z,evalPimNoiseCalibration,V202,all_pim_tangent_coarse,all,13.0,1.0,62.7535,40.3741,433.115
20260504T020331353Z,evalPimNoiseCalibration,V203,all_pim_tangent_coarse,all,13.0,1.0,77.021,40.3741,433.115
20260504T020331353Z,evalPimNoiseCalibration,MH01,all_pim_tangent_coarse,all,13.0,2.0,7.14308,12.8535,130.388
20260504T020331353Z,evalPimNoiseCalibration,MH02,all_pim_tangent_coarse,all,13.0,2.0,6.12089,12.8535,130.388
20260504T020331353Z,evalPimNoiseCalibration,MH03,all_pim_tangent_coarse,all,13.0,2.0,8.82809,12.8535,130.388
20260504T020331353Z,evalPimNoiseCalibration,MH04,all_pim_tangent_coarse,all,13.0,2.0,8.55977,12.8535,130.388
20260504T020331353Z,evalPimNoiseCalibration,MH05,all_pim_tangent_coarse,all,13.0,2.0,9.63769,12.8535,130.388
20260504T020331353Z,evalPimNoiseCalibration,V101,all_pim_tangent_coarse,all,13.0,2.0,13.2112,12.8535,130.388
20260504T020331353Z,evalPimNoiseCalibration,V102,all_pim_tangent_coarse,all,13.0,2.0,10.1377,12.8535,130.388
20260504T020331353Z,evalPimNoiseCalibration,V103,all_pim_tangent_coarse,all,13.0,2.0,16.2927,12.8535,130.388
20260504T020331353Z,evalPimNoiseCalibration,V201,all_pim_tangent_coarse,all,13.0,2.0,16.9761,12.8535,130.388
20260504T020331353Z,evalPimNoiseCalibration,V202,all_pim_tangent_coarse,all,13.0,2.0,20.3581,12.8535,130.388
20260504T020331353Z,evalPimNoiseCalibration,V203,all_pim_tangent_coarse,all,13.0,2.0,24.1229,12.8535,130.388
20260504T020331353Z,evalPimNoiseCalibration,MH01,all_pim_tangent_coarse,all,13.0,3.0,3.39073,6.16034,56.7638
20260504T020331353Z,evalPimNoiseCalibration,MH02,all_pim_tangent_coarse,all,13.0,3.0,2.87961,6.16034,56.7638
20260504T020331353Z,evalPimNoiseCalibration,MH03,all_pim_tangent_coarse,all,13.0,3.0,4.22073,6.16034,56.7638
20260504T020331353Z,evalPimNoiseCalibration,MH04,all_pim_tangent_coarse,all,13.0,3.0,4.03879,6.16034,56.7638
20260504T020331353Z,evalPimNoiseCalibration,MH05,all_pim_tangent_coarse,all,13.0,3.0,4.55197,6.16034,56.7638
20260504T020331353Z,evalPimNoiseCalibration,V101,all_pim_tangent_coarse,all,13.0,3.0,6.38686,6.16034,56.7638
20260504T020331353Z,evalPimNoiseCalibration,V102,all_pim_tangent_coarse,all,13.0,3.0,4.83639,6.16034,56.7638
20260504T020331353Z,evalPimNoiseCalibration,V103,all_pim_tangent_coarse,all,13.0,3.0,7.76079,6.16034,56.7638
20260504T020331353Z,evalPimNoiseCalibration,V201,all_pim_tangent_coarse,all,13.0,3.0,8.09115,6.16034,56.7638
20260504T020331353Z,evalPimNoiseCalibration,V202,all_pim_tangent_coarse,all,13.0,3.0,9.71543,6.16034,56.7638
20260504T020331353Z,evalPimNoiseCalibration,V203,all_pim_tangent_coarse,all,13.0,3.0,11.8913,6.16034,56.7638
20260504T020331353Z,evalPimNoiseCalibration,MH01,all_pim_tangent_coarse,all,13.0,5.0,1.32728,2.4219,15.6409
20260504T020331353Z,evalPimNoiseCalibration,MH02,all_pim_tangent_coarse,all,13.0,5.0,1.08643,2.4219,15.6409
20260504T020331353Z,evalPimNoiseCalibration,MH03,all_pim_tangent_coarse,all,13.0,5.0,1.61131,2.4219,15.6409
20260504T020331353Z,evalPimNoiseCalibration,MH04,all_pim_tangent_coarse,all,13.0,5.0,1.5194,2.4219,15.6409
20260504T020331353Z,evalPimNoiseCalibration,MH05,all_pim_tangent_coarse,all,13.0,5.0,1.73409,2.4219,15.6409
20260504T020331353Z,evalPimNoiseCalibration,V101,all_pim_tangent_coarse,all,13.0,5.0,2.5907,2.4219,15.6409
20260504T020331353Z,evalPimNoiseCalibration,V102,all_pim_tangent_coarse,all,13.0,5.0,1.87937,2.4219,15.6409
20260504T020331353Z,evalPimNoiseCalibration,V103,all_pim_tangent_coarse,all,13.0,5.0,3.07134,2.4219,15.6409
20260504T020331353Z,evalPimNoiseCalibration,V201,all_pim_tangent_coarse,all,13.0,5.0,3.09661,2.4219,15.6409
20260504T020331353Z,evalPimNoiseCalibration,V202,all_pim_tangent_coarse,all,13.0,5.0,3.87054,2.4219,15.6409
20260504T020331353Z,evalPimNoiseCalibration,V203,all_pim_tangent_coarse,all,13.0,5.0,4.85383,2.4219,15.6409
20260504T020331353Z,evalPimNoiseCalibration,MH01,all_pim_tangent_coarse,all,13.0,7.0,0.712184,1.34326,6.04802
20260504T020331353Z,evalPimNoiseCalibration,MH02,all_pim_tangent_coarse,all,13.0,7.0,0.569508,1.34326,6.04802
20260504T020331353Z,evalPimNoiseCalibration,MH03,all_pim_tangent_coarse,all,13.0,7.0,0.874745,1.34326,6.04802
20260504T020331353Z,evalPimNoiseCalibration,MH04,all_pim_tangent_coarse,all,13.0,7.0,0.802996,1.34326,6.04802
20260504T020331353Z,evalPimNoiseCalibration,MH05,all_pim_tangent_coarse,all,13.0,7.0,0.904479,1.34326,6.04802
20260504T020331353Z,evalPimNoiseCalibration,V101,all_pim_tangent_coarse,all,13.0,7.0,1.52094,1.34326,6.04802
20260504T020331353Z,evalPimNoiseCalibration,V102,all_pim_tangent_coarse,all,13.0,7.0,1.02548,1.34326,6.04802
20260504T020331353Z,evalPimNoiseCalibration,V103,all_pim_tangent_coarse,all,13.0,7.0,1.68498,1.34326,6.04802
20260504T020331353Z,evalPimNoiseCalibration,V201,all_pim_tangent_coarse,all,13.0,7.0,1.63433,1.34326,6.04802
20260504T020331353Z,evalPimNoiseCalibration,V202,all_pim_tangent_coarse,all,13.0,7.0,2.15858,1.34326,6.04802
20260504T020331353Z,evalPimNoiseCalibration,V203,all_pim_tangent_coarse,all,13.0,7.0,2.88761,1.34326,6.04802
20260504T020331353Z,evalPimNoiseCalibration,MH01,all_pim_tangent_coarse,all,13.0,10.0,0.379129,0.744794,4.60656
20260504T020331353Z,evalPimNoiseCalibration,MH02,all_pim_tangent_coarse,all,13.0,10.0,0.29898,0.744794,4.60656
20260504T020331353Z,evalPimNoiseCalibration,MH03,all_pim_tangent_coarse,all,13.0,10.0,0.467229,0.744794,4.60656
20260504T020331353Z,evalPimNoiseCalibration,MH04,all_pim_tangent_coarse,all,13.0,10.0,0.41254,0.744794,4.60656
20260504T020331353Z,evalPimNoiseCalibration,MH05,all_pim_tangent_coarse,all,13.0,10.0,0.464299,0.744794,4.60656
20260504T020331353Z,evalPimNoiseCalibration,V101,all_pim_tangent_coarse,all,13.0,10.0,0.917853,0.744794,4.60656
20260504T020331353Z,evalPimNoiseCalibration,V102,all_pim_tangent_coarse,all,13.0,10.0,0.564421,0.744794,4.60656
20260504T020331353Z,evalPimNoiseCalibration,V103,all_pim_tangent_coarse,all,13.0,10.0,0.945111,0.744794,4.60656
20260504T020331353Z,evalPimNoiseCalibration,V201,all_pim_tangent_coarse,all,13.0,10.0,0.843524,0.744794,4.60656
20260504T020331353Z,evalPimNoiseCalibration,V202,all_pim_tangent_coarse,all,13.0,10.0,1.21847,0.744794,4.60656
20260504T020331353Z,evalPimNoiseCalibration,V203,all_pim_tangent_coarse,all,13.0,10.0,1.68118,0.744794,4.60656
20260504T020331353Z,evalPimNoiseCalibration,MH01,all_pim_tangent_coarse,all,13.0,13.0,0.250505,0.499074,5.82887
20260504T020331353Z,evalPimNoiseCalibration,MH02,all_pim_tangent_coarse,all,13.0,13.0,0.192893,0.499074,5.82887
20260504T020331353Z,evalPimNoiseCalibration,MH03,all_pim_tangent_coarse,all,13.0,13.0,0.305706,0.499074,5.82887
20260504T020331353Z,evalPimNoiseCalibration,MH04,all_pim_tangent_coarse,all,13.0,13.0,0.262336,0.499074,5.82887
20260504T020331353Z,evalPimNoiseCalibration,MH05,all_pim_tangent_coarse,all,13.0,13.0,0.29203,0.499074,5.82887
20260504T020331353Z,evalPimNoiseCalibration,V101,all_pim_tangent_coarse,all,13.0,13.0,0.658966,0.499074,5.82887
20260504T020331353Z,evalPimNoiseCalibration,V102,all_pim_tangent_coarse,all,13.0,13.0,0.368797,0.499074,5.82887
20260504T020331353Z,evalPimNoiseCalibration,V103,all_pim_tangent_coarse,all,13.0,13.0,0.638469,0.499074,5.82887
20260504T020331353Z,evalPimNoiseCalibration,V201,all_pim_tangent_coarse,all,13.0,13.0,0.538436,0.499074,5.82887
20260504T020331353Z,evalPimNoiseCalibration,V202,all_pim_tangent_coarse,all,13.0,13.0,0.822338,0.499074,5.82887
20260504T020331353Z,evalPimNoiseCalibration,V203,all_pim_tangent_coarse,all,13.0,13.0,1.15934,0.499074,5.82887
20260504T020331353Z,evalPimNoiseCalibration,MH01/quadrature,machine_hall_pim_combined_coarse,machine_hall,0.5,0.5,90.7804,114.77,1137.7
20260504T020331353Z,evalPimNoiseCalibration,MH01/tangent,machine_hall_pim_combined_coarse,machine_hall,0.5,0.5,113.08,114.77,1137.7
20260504T020331353Z,evalPimNoiseCalibration,MH02/quadrature,machine_hall_pim_combined_coarse,machine_hall,0.5,0.5,76.9597,114.77,1137.7
20260504T020331353Z,evalPimNoiseCalibration,MH02/tangent,machine_hall_pim_combined_coarse,machine_hall,0.5,0.5,88.6944,114.77,1137.7
20260504T020331353Z,evalPimNoiseCalibration,MH03/quadrature,machine_hall_pim_combined_coarse,machine_hall,0.5,0.5,125.163,114.77,1137.7
20260504T020331353Z,evalPimNoiseCalibration,MH03/tangent,machine_hall_pim_combined_coarse,machine_hall,0.5,0.5,155.178,114.77,1137.7
20260504T020331353Z,evalPimNoiseCalibration,MH04/quadrature,machine_hall_pim_combined_coarse,machine_hall,0.5,0.5,115.338,114.77,1137.7
20260504T020331353Z,evalPimNoiseCalibration,MH04/tangent,machine_hall_pim_combined_coarse,machine_hall,0.5,0.5,122.374,114.77,1137.7
20260504T020331353Z,evalPimNoiseCalibration,MH05/quadrature,machine_hall_pim_combined_coarse,machine_hall,0.5,0.5,120.646,114.77,1137.7
20260504T020331353Z,evalPimNoiseCalibration,MH05/tangent,machine_hall_pim_combined_coarse,machine_hall,0.5,0.5,139.491,114.77,1137.7
20260504T020331353Z,evalPimNoiseCalibration,MH01/quadrature,machine_hall_pim_combined_coarse,machine_hall,0.5,1.0,36.571,49.6889,486.889
20260504T020331353Z,evalPimNoiseCalibration,MH01/tangent,machine_hall_pim_combined_coarse,machine_hall,0.5,1.0,54.8743,49.6889,486.889
20260504T020331353Z,evalPimNoiseCalibration,MH02/quadrature,machine_hall_pim_combined_coarse,machine_hall,0.5,1.0,30.2474,49.6889,486.889
20260504T020331353Z,evalPimNoiseCalibration,MH02/tangent,machine_hall_pim_combined_coarse,machine_hall,0.5,1.0,42.4058,49.6889,486.889
20260504T020331353Z,evalPimNoiseCalibration,MH03/quadrature,machine_hall_pim_combined_coarse,machine_hall,0.5,1.0,44.132,49.6889,486.889
20260504T020331353Z,evalPimNoiseCalibration,MH03/tangent,machine_hall_pim_combined_coarse,machine_hall,0.5,1.0,80.8432,49.6889,486.889
20260504T020331353Z,evalPimNoiseCalibration,MH04/quadrature,machine_hall_pim_combined_coarse,machine_hall,0.5,1.0,43.9186,49.6889,486.889
20260504T020331353Z,evalPimNoiseCalibration,MH04/tangent,machine_hall_pim_combined_coarse,machine_hall,0.5,1.0,59.746,49.6889,486.889
20260504T020331353Z,evalPimNoiseCalibration,MH05/quadrature,machine_hall_pim_combined_coarse,machine_hall,0.5,1.0,46.1083,49.6889,486.889
20260504T020331353Z,evalPimNoiseCalibration,MH05/tangent,machine_hall_pim_combined_coarse,machine_hall,0.5,1.0,58.0424,49.6889,486.889
20260504T020331353Z,evalPimNoiseCalibration,MH01/quadrature,machine_hall_pim_combined_coarse,machine_hall,0.5,2.0,16.0775,25.4324,244.324
20260504T020331353Z,evalPimNoiseCalibration,MH01/tangent,machine_hall_pim_combined_coarse,machine_hall,0.5,2.0,32.8451,25.4324,244.324
20260504T020331353Z,evalPimNoiseCalibration,MH02/quadrature,machine_hall_pim_combined_coarse,machine_hall,0.5,2.0,12.65,25.4324,244.324
20260504T020331353Z,evalPimNoiseCalibration,MH02/tangent,machine_hall_pim_combined_coarse,machine_hall,0.5,2.0,23.549,25.4324,244.324
20260504T020331353Z,evalPimNoiseCalibration,MH03/quadrature,machine_hall_pim_combined_coarse,machine_hall,0.5,2.0,19.0219,25.4324,244.324
20260504T020331353Z,evalPimNoiseCalibration,MH03/tangent,machine_hall_pim_combined_coarse,machine_hall,0.5,2.0,46.0418,25.4324,244.324
20260504T020331353Z,evalPimNoiseCalibration,MH04/quadrature,machine_hall_pim_combined_coarse,machine_hall,0.5,2.0,19.376,25.4324,244.324
20260504T020331353Z,evalPimNoiseCalibration,MH04/tangent,machine_hall_pim_combined_coarse,machine_hall,0.5,2.0,35.2712,25.4324,244.324
20260504T020331353Z,evalPimNoiseCalibration,MH05/quadrature,machine_hall_pim_combined_coarse,machine_hall,0.5,2.0,19.6353,25.4324,244.324
20260504T020331353Z,evalPimNoiseCalibration,MH05/tangent,machine_hall_pim_combined_coarse,machine_hall,0.5,2.0,29.856,25.4324,244.324
20260504T020331353Z,evalPimNoiseCalibration,MH01/quadrature,machine_hall_pim_combined_coarse,machine_hall,0.5,3.0,10.2028,19.0202,180.202
20260504T020331353Z,evalPimNoiseCalibration,MH01/tangent,machine_hall_pim_combined_coarse,machine_hall,0.5,3.0,26.0842,19.0202,180.202
20260504T020331353Z,evalPimNoiseCalibration,MH02/quadrature,machine_hall_pim_combined_coarse,machine_hall,0.5,3.0,8.35183,19.0202,180.202
20260504T020331353Z,evalPimNoiseCalibration,MH02/tangent,machine_hall_pim_combined_coarse,machine_hall,0.5,3.0,18.6015,19.0202,180.202
20260504T020331353Z,evalPimNoiseCalibration,MH03/quadrature,machine_hall_pim_combined_coarse,machine_hall,0.5,3.0,13.031,19.0202,180.202
20260504T020331353Z,evalPimNoiseCalibration,MH03/tangent,machine_hall_pim_combined_coarse,machine_hall,0.5,3.0,38.3149,19.0202,180.202
20260504T020331353Z,evalPimNoiseCalibration,MH04/quadrature,machine_hall_pim_combined_coarse,machine_hall,0.5,3.0,13.4465,19.0202,180.202
20260504T020331353Z,evalPimNoiseCalibration,MH04/tangent,machine_hall_pim_combined_coarse,machine_hall,0.5,3.0,27.5616,19.0202,180.202
20260504T020331353Z,evalPimNoiseCalibration,MH05/quadrature,machine_hall_pim_combined_coarse,machine_hall,0.5,3.0,12.8916,19.0202,180.202
20260504T020331353Z,evalPimNoiseCalibration,MH05/tangent,machine_hall_pim_combined_coarse,machine_hall,0.5,3.0,21.7161,19.0202,180.202
20260504T020331353Z,evalPimNoiseCalibration,MH01/quadrature,machine_hall_pim_combined_coarse,machine_hall,0.5,5.0,7.48583,14.9385,139.385
20260504T020331353Z,evalPimNoiseCalibration,MH01/tangent,machine_hall_pim_combined_coarse,machine_hall,0.5,5.0,22.0549,14.9385,139.385
20260504T020331353Z,evalPimNoiseCalibration,MH02/quadrature,machine_hall_pim_combined_coarse,machine_hall,0.5,5.0,5.87216,14.9385,139.385
20260504T020331353Z,evalPimNoiseCalibration,MH02/tangent,machine_hall_pim_combined_coarse,machine_hall,0.5,5.0,15.0673,14.9385,139.385
20260504T020331353Z,evalPimNoiseCalibration,MH03/quadrature,machine_hall_pim_combined_coarse,machine_hall,0.5,5.0,9.16456,14.9385,139.385
20260504T020331353Z,evalPimNoiseCalibration,MH03/tangent,machine_hall_pim_combined_coarse,machine_hall,0.5,5.0,32.0569,14.9385,139.385
20260504T020331353Z,evalPimNoiseCalibration,MH04/quadrature,machine_hall_pim_combined_coarse,machine_hall,0.5,5.0,9.55924,14.9385,139.385
20260504T020331353Z,evalPimNoiseCalibration,MH04/tangent,machine_hall_pim_combined_coarse,machine_hall,0.5,5.0,22.9954,14.9385,139.385
20260504T020331353Z,evalPimNoiseCalibration,MH05/quadrature,machine_hall_pim_combined_coarse,machine_hall,0.5,5.0,8.73246,14.9385,139.385
20260504T020331353Z,evalPimNoiseCalibration,MH05/tangent,machine_hall_pim_combined_coarse,machine_hall,0.5,5.0,16.3959,14.9385,139.385
20260504T020331353Z,evalPimNoiseCalibration,MH01/quadrature,machine_hall_pim_combined_coarse,machine_hall,0.5,7.0,6.42801,13.6272,126.272
20260504T020331353Z,evalPimNoiseCalibration,MH01/tangent,machine_hall_pim_combined_coarse,machine_hall,0.5,7.0,20.9884,13.6272,126.272
20260504T020331353Z,evalPimNoiseCalibration,MH02/quadrature,machine_hall_pim_combined_coarse,machine_hall,0.5,7.0,5.32595,13.6272,126.272
20260504T020331353Z,evalPimNoiseCalibration,MH02/tangent,machine_hall_pim_combined_coarse,machine_hall,0.5,7.0,14.3593,13.6272,126.272
20260504T020331353Z,evalPimNoiseCalibration,MH03/quadrature,machine_hall_pim_combined_coarse,machine_hall,0.5,7.0,7.83879,13.6272,126.272
20260504T020331353Z,evalPimNoiseCalibration,MH03/tangent,machine_hall_pim_combined_coarse,machine_hall,0.5,7.0,29.8574,13.6272,126.272
20260504T020331353Z,evalPimNoiseCalibration,MH04/quadrature,machine_hall_pim_combined_coarse,machine_hall,0.5,7.0,8.37833,13.6272,126.272
20260504T020331353Z,evalPimNoiseCalibration,MH04/tangent,machine_hall_pim_combined_coarse,machine_hall,0.5,7.0,21.429,13.6272,126.272
20260504T020331353Z,evalPimNoiseCalibration,MH05/quadrature,machine_hall_pim_combined_coarse,machine_hall,0.5,7.0,7.37584,13.6272,126.272
20260504T020331353Z,evalPimNoiseCalibration,MH05/tangent,machine_hall_pim_combined_coarse,machine_hall,0.5,7.0,14.2908,13.6272,126.272
20260504T020331353Z,evalPimNoiseCalibration,MH01/quadrature,machine_hall_pim_combined_coarse,machine_hall,0.5,10.0,5.67732,12.7983,117.983
20260504T020331353Z,evalPimNoiseCalibration,MH01/tangent,machine_hall_pim_combined_coarse,machine_hall,0.5,10.0,20.6394,12.7983,117.983
20260504T020331353Z,evalPimNoiseCalibration,MH02/quadrature,machine_hall_pim_combined_coarse,machine_hall,0.5,10.0,4.85105,12.7983,117.983
20260504T020331353Z,evalPimNoiseCalibration,MH02/tangent,machine_hall_pim_combined_coarse,machine_hall,0.5,10.0,13.8988,12.7983,117.983
20260504T020331353Z,evalPimNoiseCalibration,MH03/quadrature,machine_hall_pim_combined_coarse,machine_hall,0.5,10.0,6.89619,12.7983,117.983
20260504T020331353Z,evalPimNoiseCalibration,MH03/tangent,machine_hall_pim_combined_coarse,machine_hall,0.5,10.0,28.6442,12.7983,117.983
20260504T020331353Z,evalPimNoiseCalibration,MH04/quadrature,machine_hall_pim_combined_coarse,machine_hall,0.5,10.0,7.29725,12.7983,117.983
20260504T020331353Z,evalPimNoiseCalibration,MH04/tangent,machine_hall_pim_combined_coarse,machine_hall,0.5,10.0,20.1373,12.7983,117.983
20260504T020331353Z,evalPimNoiseCalibration,MH05/quadrature,machine_hall_pim_combined_coarse,machine_hall,0.5,10.0,6.57812,12.7983,117.983
20260504T020331353Z,evalPimNoiseCalibration,MH05/tangent,machine_hall_pim_combined_coarse,machine_hall,0.5,10.0,13.3634,12.7983,117.983
20260504T020331353Z,evalPimNoiseCalibration,MH01/quadrature,machine_hall_pim_combined_coarse,machine_hall,0.5,13.0,5.47707,12.5256,115.256
20260504T020331353Z,evalPimNoiseCalibration,MH01/tangent,machine_hall_pim_combined_coarse,machine_hall,0.5,13.0,20.5343,12.5256,115.256
20260504T020331353Z,evalPimNoiseCalibration,MH02/quadrature,machine_hall_pim_combined_coarse,machine_hall,0.5,13.0,4.66024,12.5256,115.256
20260504T020331353Z,evalPimNoiseCalibration,MH02/tangent,machine_hall_pim_combined_coarse,machine_hall,0.5,13.0,13.6371,12.5256,115.256
20260504T020331353Z,evalPimNoiseCalibration,MH03/quadrature,machine_hall_pim_combined_coarse,machine_hall,0.5,13.0,6.43559,12.5256,115.256
20260504T020331353Z,evalPimNoiseCalibration,MH03/tangent,machine_hall_pim_combined_coarse,machine_hall,0.5,13.0,28.2349,12.5256,115.256
20260504T020331353Z,evalPimNoiseCalibration,MH04/quadrature,machine_hall_pim_combined_coarse,machine_hall,0.5,13.0,6.94633,12.5256,115.256
20260504T020331353Z,evalPimNoiseCalibration,MH04/tangent,machine_hall_pim_combined_coarse,machine_hall,0.5,13.0,19.8458,12.5256,115.256
20260504T020331353Z,evalPimNoiseCalibration,MH05/quadrature,machine_hall_pim_combined_coarse,machine_hall,0.5,13.0,6.30231,12.5256,115.256
20260504T020331353Z,evalPimNoiseCalibration,MH05/tangent,machine_hall_pim_combined_coarse,machine_hall,0.5,13.0,13.1825,12.5256,115.256
20260504T020331353Z,evalPimNoiseCalibration,MH01/quadrature,machine_hall_pim_combined_coarse,machine_hall,1.0,0.5,86.9928,98.9392,979.392
20260504T020331353Z,evalPimNoiseCalibration,MH01/tangent,machine_hall_pim_combined_coarse,machine_hall,1.0,0.5,86.1351,98.9392,979.392
20260504T020331353Z,evalPimNoiseCalibration,MH02/quadrature,machine_hall_pim_combined_coarse,machine_hall,1.0,0.5,71.9558,98.9392,979.392
20260504T020331353Z,evalPimNoiseCalibration,MH02/tangent,machine_hall_pim_combined_coarse,machine_hall,1.0,0.5,71.9753,98.9392,979.392
20260504T020331353Z,evalPimNoiseCalibration,MH03/quadrature,machine_hall_pim_combined_coarse,machine_hall,1.0,0.5,115.635,98.9392,979.392
20260504T020331353Z,evalPimNoiseCalibration,MH03/tangent,machine_hall_pim_combined_coarse,machine_hall,1.0,0.5,115.695,98.9392,979.392
20260504T020331353Z,evalPimNoiseCalibration,MH04/quadrature,machine_hall_pim_combined_coarse,machine_hall,1.0,0.5,109.335,98.9392,979.392
20260504T020331353Z,evalPimNoiseCalibration,MH04/tangent,machine_hall_pim_combined_coarse,machine_hall,1.0,0.5,101.356,98.9392,979.392
20260504T020331353Z,evalPimNoiseCalibration,MH05/quadrature,machine_hall_pim_combined_coarse,machine_hall,1.0,0.5,117.031,98.9392,979.392
20260504T020331353Z,evalPimNoiseCalibration,MH05/tangent,machine_hall_pim_combined_coarse,machine_hall,1.0,0.5,113.281,98.9392,979.392
20260504T020331353Z,evalPimNoiseCalibration,MH01/quadrature,machine_hall_pim_combined_coarse,machine_hall,1.0,1.0,30.4735,35.1452,341.452
20260504T020331353Z,evalPimNoiseCalibration,MH01/tangent,machine_hall_pim_combined_coarse,machine_hall,1.0,1.0,34.6102,35.1452,341.452
20260504T020331353Z,evalPimNoiseCalibration,MH02/quadrature,machine_hall_pim_combined_coarse,machine_hall,1.0,1.0,24.9313,35.1452,341.452
20260504T020331353Z,evalPimNoiseCalibration,MH02/tangent,machine_hall_pim_combined_coarse,machine_hall,1.0,1.0,27.5212,35.1452,341.452
20260504T020331353Z,evalPimNoiseCalibration,MH03/quadrature,machine_hall_pim_combined_coarse,machine_hall,1.0,1.0,36.9631,35.1452,341.452
20260504T020331353Z,evalPimNoiseCalibration,MH03/tangent,machine_hall_pim_combined_coarse,machine_hall,1.0,1.0,43.9166,35.1452,341.452
20260504T020331353Z,evalPimNoiseCalibration,MH04/quadrature,machine_hall_pim_combined_coarse,machine_hall,1.0,1.0,36.454,35.1452,341.452
20260504T020331353Z,evalPimNoiseCalibration,MH04/tangent,machine_hall_pim_combined_coarse,machine_hall,1.0,1.0,36.8379,35.1452,341.452
20260504T020331353Z,evalPimNoiseCalibration,MH05/quadrature,machine_hall_pim_combined_coarse,machine_hall,1.0,1.0,39.0713,35.1452,341.452
20260504T020331353Z,evalPimNoiseCalibration,MH05/tangent,machine_hall_pim_combined_coarse,machine_hall,1.0,1.0,40.6729,35.1452,341.452
20260504T020331353Z,evalPimNoiseCalibration,MH01/quadrature,machine_hall_pim_combined_coarse,machine_hall,1.0,2.0,10.438,13.6816,126.816
20260504T020331353Z,evalPimNoiseCalibration,MH01/tangent,machine_hall_pim_combined_coarse,machine_hall,1.0,2.0,15.0961,13.6816,126.816
20260504T020331353Z,evalPimNoiseCalibration,MH02/quadrature,machine_hall_pim_combined_coarse,machine_hall,1.0,2.0,8.59579,13.6816,126.816
20260504T020331353Z,evalPimNoiseCalibration,MH02/tangent,machine_hall_pim_combined_coarse,machine_hall,1.0,2.0,11.6366,13.6816,126.816
20260504T020331353Z,evalPimNoiseCalibration,MH03/quadrature,machine_hall_pim_combined_coarse,machine_hall,1.0,2.0,12.0961,13.6816,126.816
20260504T020331353Z,evalPimNoiseCalibration,MH03/tangent,machine_hall_pim_combined_coarse,machine_hall,1.0,2.0,21.2952,13.6816,126.816
20260504T020331353Z,evalPimNoiseCalibration,MH04/quadrature,machine_hall_pim_combined_coarse,machine_hall,1.0,2.0,12.6924,13.6816,126.816
20260504T020331353Z,evalPimNoiseCalibration,MH04/tangent,machine_hall_pim_combined_coarse,machine_hall,1.0,2.0,15.8691,13.6816,126.816
20260504T020331353Z,evalPimNoiseCalibration,MH05/quadrature,machine_hall_pim_combined_coarse,machine_hall,1.0,2.0,12.9262,13.6816,126.816
20260504T020331353Z,evalPimNoiseCalibration,MH05/tangent,machine_hall_pim_combined_coarse,machine_hall,1.0,2.0,16.1708,13.6816,126.816
20260504T020331353Z,evalPimNoiseCalibration,MH01/quadrature,machine_hall_pim_combined_coarse,machine_hall,1.0,3.0,5.95299,8.58715,75.8715
20260504T020331353Z,evalPimNoiseCalibration,MH01/tangent,machine_hall_pim_combined_coarse,machine_hall,1.0,3.0,10.1755,8.58715,75.8715
20260504T020331353Z,evalPimNoiseCalibration,MH02/quadrature,machine_hall_pim_combined_coarse,machine_hall,1.0,3.0,4.83851,8.58715,75.8715
20260504T020331353Z,evalPimNoiseCalibration,MH02/tangent,machine_hall_pim_combined_coarse,machine_hall,1.0,3.0,7.62606,8.58715,75.8715
20260504T020331353Z,evalPimNoiseCalibration,MH03/quadrature,machine_hall_pim_combined_coarse,machine_hall,1.0,3.0,6.78844,8.58715,75.8715
20260504T020331353Z,evalPimNoiseCalibration,MH03/tangent,machine_hall_pim_combined_coarse,machine_hall,1.0,3.0,14.8285,8.58715,75.8715
20260504T020331353Z,evalPimNoiseCalibration,MH04/quadrature,machine_hall_pim_combined_coarse,machine_hall,1.0,3.0,7.25604,8.58715,75.8715
20260504T020331353Z,evalPimNoiseCalibration,MH04/tangent,machine_hall_pim_combined_coarse,machine_hall,1.0,3.0,11.0864,8.58715,75.8715
20260504T020331353Z,evalPimNoiseCalibration,MH05/quadrature,machine_hall_pim_combined_coarse,machine_hall,1.0,3.0,7.18443,8.58715,75.8715
20260504T020331353Z,evalPimNoiseCalibration,MH05/tangent,machine_hall_pim_combined_coarse,machine_hall,1.0,3.0,10.1346,8.58715,75.8715
20260504T020331353Z,evalPimNoiseCalibration,MH01/quadrature,machine_hall_pim_combined_coarse,machine_hall,1.0,5.0,3.20792,5.45884,44.5884
20260504T020331353Z,evalPimNoiseCalibration,MH01/tangent,machine_hall_pim_combined_coarse,machine_hall,1.0,5.0,7.14489,5.45884,44.5884
20260504T020331353Z,evalPimNoiseCalibration,MH02/quadrature,machine_hall_pim_combined_coarse,machine_hall,1.0,5.0,2.52998,5.45884,44.5884
20260504T020331353Z,evalPimNoiseCalibration,MH02/tangent,machine_hall_pim_combined_coarse,machine_hall,1.0,5.0,5.16915,5.45884,44.5884
20260504T020331353Z,evalPimNoiseCalibration,MH03/quadrature,machine_hall_pim_combined_coarse,machine_hall,1.0,5.0,3.87222,5.45884,44.5884
20260504T020331353Z,evalPimNoiseCalibration,MH03/tangent,machine_hall_pim_combined_coarse,machine_hall,1.0,5.0,10.4487,5.45884,44.5884
20260504T020331353Z,evalPimNoiseCalibration,MH04/quadrature,machine_hall_pim_combined_coarse,machine_hall,1.0,5.0,3.91242,5.45884,44.5884
20260504T020331353Z,evalPimNoiseCalibration,MH04/tangent,machine_hall_pim_combined_coarse,machine_hall,1.0,5.0,7.81703,5.45884,44.5884
20260504T020331353Z,evalPimNoiseCalibration,MH05/quadrature,machine_hall_pim_combined_coarse,machine_hall,1.0,5.0,3.9937,5.45884,44.5884
20260504T020331353Z,evalPimNoiseCalibration,MH05/tangent,machine_hall_pim_combined_coarse,machine_hall,1.0,5.0,6.49238,5.45884,44.5884
20260504T020331353Z,evalPimNoiseCalibration,MH01/quadrature,machine_hall_pim_combined_coarse,machine_hall,1.0,7.0,2.33876,4.35705,33.5705
20260504T020331353Z,evalPimNoiseCalibration,MH01/tangent,machine_hall_pim_combined_coarse,machine_hall,1.0,7.0,6.12888,4.35705,33.5705
20260504T020331353Z,evalPimNoiseCalibration,MH02/quadrature,machine_hall_pim_combined_coarse,machine_hall,1.0,7.0,1.82977,4.35705,33.5705
20260504T020331353Z,evalPimNoiseCalibration,MH02/tangent,machine_hall_pim_combined_coarse,machine_hall,1.0,7.0,4.32889,4.35705,33.5705
20260504T020331353Z,evalPimNoiseCalibration,MH03/quadrature,machine_hall_pim_combined_coarse,machine_hall,1.0,7.0,2.90532,4.35705,33.5705
20260504T020331353Z,evalPimNoiseCalibration,MH03/tangent,machine_hall_pim_combined_coarse,machine_hall,1.0,7.0,8.8743,4.35705,33.5705
20260504T020331353Z,evalPimNoiseCalibration,MH04/quadrature,machine_hall_pim_combined_coarse,machine_hall,1.0,7.0,2.95409,4.35705,33.5705
20260504T020331353Z,evalPimNoiseCalibration,MH04/tangent,machine_hall_pim_combined_coarse,machine_hall,1.0,7.0,6.46975,4.35705,33.5705
20260504T020331353Z,evalPimNoiseCalibration,MH05/quadrature,machine_hall_pim_combined_coarse,machine_hall,1.0,7.0,2.81918,4.35705,33.5705
20260504T020331353Z,evalPimNoiseCalibration,MH05/tangent,machine_hall_pim_combined_coarse,machine_hall,1.0,7.0,4.92157,4.35705,33.5705
20260504T020331353Z,evalPimNoiseCalibration,MH01/quadrature,machine_hall_pim_combined_coarse,machine_hall,1.0,10.0,1.88014,3.7425,27.425
20260504T020331353Z,evalPimNoiseCalibration,MH01/tangent,machine_hall_pim_combined_coarse,machine_hall,1.0,10.0,5.52337,3.7425,27.425
20260504T020331353Z,evalPimNoiseCalibration,MH02/quadrature,machine_hall_pim_combined_coarse,machine_hall,1.0,10.0,1.47334,3.7425,27.425
20260504T020331353Z,evalPimNoiseCalibration,MH02/tangent,machine_hall_pim_combined_coarse,machine_hall,1.0,10.0,3.7721,3.7425,27.425
20260504T020331353Z,evalPimNoiseCalibration,MH03/quadrature,machine_hall_pim_combined_coarse,machine_hall,1.0,10.0,2.30098,3.7425,27.425
20260504T020331353Z,evalPimNoiseCalibration,MH03/tangent,machine_hall_pim_combined_coarse,machine_hall,1.0,10.0,8.0198,3.7425,27.425
20260504T020331353Z,evalPimNoiseCalibration,MH04/quadrature,machine_hall_pim_combined_coarse,machine_hall,1.0,10.0,2.39545,3.7425,27.425
20260504T020331353Z,evalPimNoiseCalibration,MH04/tangent,machine_hall_pim_combined_coarse,machine_hall,1.0,10.0,5.76167,3.7425,27.425
20260504T020331353Z,evalPimNoiseCalibration,MH05/quadrature,machine_hall_pim_combined_coarse,machine_hall,1.0,10.0,2.19205,3.7425,27.425
20260504T020331353Z,evalPimNoiseCalibration,MH05/tangent,machine_hall_pim_combined_coarse,machine_hall,1.0,10.0,4.1061,3.7425,27.425
20260504T020331353Z,evalPimNoiseCalibration,MH01/quadrature,machine_hall_pim_combined_coarse,machine_hall,1.0,13.0,1.67698,3.45915,24.5915
20260504T020331353Z,evalPimNoiseCalibration,MH01/tangent,machine_hall_pim_combined_coarse,machine_hall,1.0,13.0,5.27453,3.45915,24.5915
20260504T020331353Z,evalPimNoiseCalibration,MH02/quadrature,machine_hall_pim_combined_coarse,machine_hall,1.0,13.0,1.34468,3.45915,24.5915
20260504T020331353Z,evalPimNoiseCalibration,MH02/tangent,machine_hall_pim_combined_coarse,machine_hall,1.0,13.0,3.61722,3.45915,24.5915
20260504T020331353Z,evalPimNoiseCalibration,MH03/quadrature,machine_hall_pim_combined_coarse,machine_hall,1.0,13.0,2.03355,3.45915,24.5915
20260504T020331353Z,evalPimNoiseCalibration,MH03/tangent,machine_hall_pim_combined_coarse,machine_hall,1.0,13.0,7.53452,3.45915,24.5915
20260504T020331353Z,evalPimNoiseCalibration,MH04/quadrature,machine_hall_pim_combined_coarse,machine_hall,1.0,13.0,2.13948,3.45915,24.5915
20260504T020331353Z,evalPimNoiseCalibration,MH04/tangent,machine_hall_pim_combined_coarse,machine_hall,1.0,13.0,5.41552,3.45915,24.5915
20260504T020331353Z,evalPimNoiseCalibration,MH05/quadrature,machine_hall_pim_combined_coarse,machine_hall,1.0,13.0,1.88522,3.45915,24.5915
20260504T020331353Z,evalPimNoiseCalibration,MH05/tangent,machine_hall_pim_combined_coarse,machine_hall,1.0,13.0,3.6698,3.45915,24.5915
20260504T020331353Z,evalPimNoiseCalibration,MH01/quadrature,machine_hall_pim_combined_coarse,machine_hall,2.0,0.5,84.373,93.8486,928.486
20260504T020331353Z,evalPimNoiseCalibration,MH01/tangent,machine_hall_pim_combined_coarse,machine_hall,2.0,0.5,77.9967,93.8486,928.486
20260504T020331353Z,evalPimNoiseCalibration,MH02/quadrature,machine_hall_pim_combined_coarse,machine_hall,2.0,0.5,70.0335,93.8486,928.486
20260504T020331353Z,evalPimNoiseCalibration,MH02/tangent,machine_hall_pim_combined_coarse,machine_hall,2.0,0.5,64.5208,93.8486,928.486
20260504T020331353Z,evalPimNoiseCalibration,MH03/quadrature,machine_hall_pim_combined_coarse,machine_hall,2.0,0.5,114.036,93.8486,928.486
20260504T020331353Z,evalPimNoiseCalibration,MH03/tangent,machine_hall_pim_combined_coarse,machine_hall,2.0,0.5,101.207,93.8486,928.486
20260504T020331353Z,evalPimNoiseCalibration,MH04/quadrature,machine_hall_pim_combined_coarse,machine_hall,2.0,0.5,106.467,93.8486,928.486
20260504T020331353Z,evalPimNoiseCalibration,MH04/tangent,machine_hall_pim_combined_coarse,machine_hall,2.0,0.5,95.7525,93.8486,928.486
20260504T020331353Z,evalPimNoiseCalibration,MH05/quadrature,machine_hall_pim_combined_coarse,machine_hall,2.0,0.5,116.137,93.8486,928.486
20260504T020331353Z,evalPimNoiseCalibration,MH05/tangent,machine_hall_pim_combined_coarse,machine_hall,2.0,0.5,107.962,93.8486,928.486
20260504T020331353Z,evalPimNoiseCalibration,MH01/quadrature,machine_hall_pim_combined_coarse,machine_hall,2.0,1.0,29.0429,31.1113,301.113
20260504T020331353Z,evalPimNoiseCalibration,MH01/tangent,machine_hall_pim_combined_coarse,machine_hall,2.0,1.0,26.9416,31.1113,301.113
20260504T020331353Z,evalPimNoiseCalibration,MH02/quadrature,machine_hall_pim_combined_coarse,machine_hall,2.0,1.0,24.099,31.1113,301.113
20260504T020331353Z,evalPimNoiseCalibration,MH02/tangent,machine_hall_pim_combined_coarse,machine_hall,2.0,1.0,22.6368,31.1113,301.113
20260504T020331353Z,evalPimNoiseCalibration,MH03/quadrature,machine_hall_pim_combined_coarse,machine_hall,2.0,1.0,34.9922,31.1113,301.113
20260504T020331353Z,evalPimNoiseCalibration,MH03/tangent,machine_hall_pim_combined_coarse,machine_hall,2.0,1.0,35.242,31.1113,301.113
20260504T020331353Z,evalPimNoiseCalibration,MH04/quadrature,machine_hall_pim_combined_coarse,machine_hall,2.0,1.0,34.4238,31.1113,301.113
20260504T020331353Z,evalPimNoiseCalibration,MH04/tangent,machine_hall_pim_combined_coarse,machine_hall,2.0,1.0,31.6118,31.1113,301.113
20260504T020331353Z,evalPimNoiseCalibration,MH05/quadrature,machine_hall_pim_combined_coarse,machine_hall,2.0,1.0,36.6986,31.1113,301.113
20260504T020331353Z,evalPimNoiseCalibration,MH05/tangent,machine_hall_pim_combined_coarse,machine_hall,2.0,1.0,35.4241,31.1113,301.113
20260504T020331353Z,evalPimNoiseCalibration,MH01/quadrature,machine_hall_pim_combined_coarse,machine_hall,2.0,2.0,8.95506,10.0205,90.2046
20260504T020331353Z,evalPimNoiseCalibration,MH01/tangent,machine_hall_pim_combined_coarse,machine_hall,2.0,2.0,9.75024,10.0205,90.2046
20260504T020331353Z,evalPimNoiseCalibration,MH02/quadrature,machine_hall_pim_combined_coarse,machine_hall,2.0,2.0,7.25837,10.0205,90.2046
20260504T020331353Z,evalPimNoiseCalibration,MH02/tangent,machine_hall_pim_combined_coarse,machine_hall,2.0,2.0,7.60966,10.0205,90.2046
20260504T020331353Z,evalPimNoiseCalibration,MH03/quadrature,machine_hall_pim_combined_coarse,machine_hall,2.0,2.0,10.2516,10.0205,90.2046
20260504T020331353Z,evalPimNoiseCalibration,MH03/tangent,machine_hall_pim_combined_coarse,machine_hall,2.0,2.0,12.349,10.0205,90.2046
20260504T020331353Z,evalPimNoiseCalibration,MH04/quadrature,machine_hall_pim_combined_coarse,machine_hall,2.0,2.0,10.701,10.0205,90.2046
20260504T020331353Z,evalPimNoiseCalibration,MH04/tangent,machine_hall_pim_combined_coarse,machine_hall,2.0,2.0,10.3857,10.0205,90.2046
20260504T020331353Z,evalPimNoiseCalibration,MH05/quadrature,machine_hall_pim_combined_coarse,machine_hall,2.0,2.0,11.2371,10.0205,90.2046
20260504T020331353Z,evalPimNoiseCalibration,MH05/tangent,machine_hall_pim_combined_coarse,machine_hall,2.0,2.0,11.7069,10.0205,90.2046
20260504T020331353Z,evalPimNoiseCalibration,MH01/quadrature,machine_hall_pim_combined_coarse,machine_hall,2.0,3.0,4.37705,5.31185,43.1185
20260504T020331353Z,evalPimNoiseCalibration,MH01/tangent,machine_hall_pim_combined_coarse,machine_hall,2.0,3.0,5.66479,5.31185,43.1185
20260504T020331353Z,evalPimNoiseCalibration,MH02/quadrature,machine_hall_pim_combined_coarse,machine_hall,2.0,3.0,3.53306,5.31185,43.1185
20260504T020331353Z,evalPimNoiseCalibration,MH02/tangent,machine_hall_pim_combined_coarse,machine_hall,2.0,3.0,4.30309,5.31185,43.1185
20260504T020331353Z,evalPimNoiseCalibration,MH03/quadrature,machine_hall_pim_combined_coarse,machine_hall,2.0,3.0,5.077,5.31185,43.1185
20260504T020331353Z,evalPimNoiseCalibration,MH03/tangent,machine_hall_pim_combined_coarse,machine_hall,2.0,3.0,7.2733,5.31185,43.1185
20260504T020331353Z,evalPimNoiseCalibration,MH04/quadrature,machine_hall_pim_combined_coarse,machine_hall,2.0,3.0,5.22741,5.31185,43.1185
20260504T020331353Z,evalPimNoiseCalibration,MH04/tangent,machine_hall_pim_combined_coarse,machine_hall,2.0,3.0,5.92488,5.31185,43.1185
20260504T020331353Z,evalPimNoiseCalibration,MH05/quadrature,machine_hall_pim_combined_coarse,machine_hall,2.0,3.0,5.54893,5.31185,43.1185
20260504T020331353Z,evalPimNoiseCalibration,MH05/tangent,machine_hall_pim_combined_coarse,machine_hall,2.0,3.0,6.18902,5.31185,43.1185
20260504T020331353Z,evalPimNoiseCalibration,MH01/quadrature,machine_hall_pim_combined_coarse,machine_hall,2.0,5.0,1.96017,2.67544,16.7544
20260504T020331353Z,evalPimNoiseCalibration,MH01/tangent,machine_hall_pim_combined_coarse,machine_hall,2.0,5.0,3.04638,2.67544,16.7544
20260504T020331353Z,evalPimNoiseCalibration,MH02/quadrature,machine_hall_pim_combined_coarse,machine_hall,2.0,5.0,1.62215,2.67544,16.7544
20260504T020331353Z,evalPimNoiseCalibration,MH02/tangent,machine_hall_pim_combined_coarse,machine_hall,2.0,5.0,2.34927,2.67544,16.7544
20260504T020331353Z,evalPimNoiseCalibration,MH03/quadrature,machine_hall_pim_combined_coarse,machine_hall,2.0,5.0,2.22821,2.67544,16.7544
20260504T020331353Z,evalPimNoiseCalibration,MH03/tangent,machine_hall_pim_combined_coarse,machine_hall,2.0,5.0,4.43917,2.67544,16.7544
20260504T020331353Z,evalPimNoiseCalibration,MH04/quadrature,machine_hall_pim_combined_coarse,machine_hall,2.0,5.0,2.35081,2.67544,16.7544
20260504T020331353Z,evalPimNoiseCalibration,MH04/tangent,machine_hall_pim_combined_coarse,machine_hall,2.0,5.0,3.24348,2.67544,16.7544
20260504T020331353Z,evalPimNoiseCalibration,MH05/quadrature,machine_hall_pim_combined_coarse,machine_hall,2.0,5.0,2.34357,2.67544,16.7544
20260504T020331353Z,evalPimNoiseCalibration,MH05/tangent,machine_hall_pim_combined_coarse,machine_hall,2.0,5.0,3.17115,2.67544,16.7544
20260504T020331353Z,evalPimNoiseCalibration,MH01/quadrature,machine_hall_pim_combined_coarse,machine_hall,2.0,7.0,1.24381,1.86164,8.63817
20260504T020331353Z,evalPimNoiseCalibration,MH01/tangent,machine_hall_pim_combined_coarse,machine_hall,2.0,7.0,2.30317,1.86164,8.63817
20260504T020331353Z,evalPimNoiseCalibration,MH02/quadrature,machine_hall_pim_combined_coarse,machine_hall,2.0,7.0,0.989114,1.86164,8.63817
20260504T020331353Z,evalPimNoiseCalibration,MH02/tangent,machine_hall_pim_combined_coarse,machine_hall,2.0,7.0,1.68991,1.86164,8.63817
20260504T020331353Z,evalPimNoiseCalibration,MH03/quadrature,machine_hall_pim_combined_coarse,machine_hall,2.0,7.0,1.41073,1.86164,8.63817
20260504T020331353Z,evalPimNoiseCalibration,MH03/tangent,machine_hall_pim_combined_coarse,machine_hall,2.0,7.0,3.29595,1.86164,8.63817
20260504T020331353Z,evalPimNoiseCalibration,MH04/quadrature,machine_hall_pim_combined_coarse,machine_hall,2.0,7.0,1.49128,1.86164,8.63817
20260504T020331353Z,evalPimNoiseCalibration,MH04/tangent,machine_hall_pim_combined_coarse,machine_hall,2.0,7.0,2.49703,1.86164,8.63817
20260504T020331353Z,evalPimNoiseCalibration,MH05/quadrature,machine_hall_pim_combined_coarse,machine_hall,2.0,7.0,1.51511,1.86164,8.63817
20260504T020331353Z,evalPimNoiseCalibration,MH05/tangent,machine_hall_pim_combined_coarse,machine_hall,2.0,7.0,2.1803,1.86164,8.63817
20260504T020331353Z,evalPimNoiseCalibration,MH01/quadrature,machine_hall_pim_combined_coarse,machine_hall,2.0,10.0,0.806631,1.36909,4.90507
20260504T020331353Z,evalPimNoiseCalibration,MH01/tangent,machine_hall_pim_combined_coarse,machine_hall,2.0,10.0,1.79572,1.36909,4.90507
20260504T020331353Z,evalPimNoiseCalibration,MH02/quadrature,machine_hall_pim_combined_coarse,machine_hall,2.0,10.0,0.634107,1.36909,4.90507
20260504T020331353Z,evalPimNoiseCalibration,MH02/tangent,machine_hall_pim_combined_coarse,machine_hall,2.0,10.0,1.29692,1.36909,4.90507
20260504T020331353Z,evalPimNoiseCalibration,MH03/quadrature,machine_hall_pim_combined_coarse,machine_hall,2.0,10.0,0.972688,1.36909,4.90507
20260504T020331353Z,evalPimNoiseCalibration,MH03/tangent,machine_hall_pim_combined_coarse,machine_hall,2.0,10.0,2.61623,1.36909,4.90507
20260504T020331353Z,evalPimNoiseCalibration,MH04/quadrature,machine_hall_pim_combined_coarse,machine_hall,2.0,10.0,0.97949,1.36909,4.90507
20260504T020331353Z,evalPimNoiseCalibration,MH04/tangent,machine_hall_pim_combined_coarse,machine_hall,2.0,10.0,1.95659,1.36909,4.90507
20260504T020331353Z,evalPimNoiseCalibration,MH05/quadrature,machine_hall_pim_combined_coarse,machine_hall,2.0,10.0,1.00361,1.36909,4.90507
20260504T020331353Z,evalPimNoiseCalibration,MH05/tangent,machine_hall_pim_combined_coarse,machine_hall,2.0,10.0,1.62892,1.36909,4.90507
20260504T020331353Z,evalPimNoiseCalibration,MH01/quadrature,machine_hall_pim_combined_coarse,machine_hall,2.0,13.0,0.6164,1.14317,4.56056
20260504T020331353Z,evalPimNoiseCalibration,MH01/tangent,machine_hall_pim_combined_coarse,machine_hall,2.0,13.0,1.56909,1.14317,4.56056
20260504T020331353Z,evalPimNoiseCalibration,MH02/quadrature,machine_hall_pim_combined_coarse,machine_hall,2.0,13.0,0.49254,1.14317,4.56056
20260504T020331353Z,evalPimNoiseCalibration,MH02/tangent,machine_hall_pim_combined_coarse,machine_hall,2.0,13.0,1.1286,1.14317,4.56056
20260504T020331353Z,evalPimNoiseCalibration,MH03/quadrature,machine_hall_pim_combined_coarse,machine_hall,2.0,13.0,0.772592,1.14317,4.56056
20260504T020331353Z,evalPimNoiseCalibration,MH03/tangent,machine_hall_pim_combined_coarse,machine_hall,2.0,13.0,2.29992,1.14317,4.56056
20260504T020331353Z,evalPimNoiseCalibration,MH04/quadrature,machine_hall_pim_combined_coarse,machine_hall,2.0,13.0,0.792078,1.14317,4.56056
20260504T020331353Z,evalPimNoiseCalibration,MH04/tangent,machine_hall_pim_combined_coarse,machine_hall,2.0,13.0,1.69418,1.14317,4.56056
20260504T020331353Z,evalPimNoiseCalibration,MH05/quadrature,machine_hall_pim_combined_coarse,machine_hall,2.0,13.0,0.761957,1.14317,4.56056
20260504T020331353Z,evalPimNoiseCalibration,MH05/tangent,machine_hall_pim_combined_coarse,machine_hall,2.0,13.0,1.30434,1.14317,4.56056
20260504T020331353Z,evalPimNoiseCalibration,MH01/quadrature,machine_hall_pim_combined_coarse,machine_hall,3.0,0.5,82.519,91.5022,905.022
20260504T020331353Z,evalPimNoiseCalibration,MH01/tangent,machine_hall_pim_combined_coarse,machine_hall,3.0,0.5,75.8237,91.5022,905.022
20260504T020331353Z,evalPimNoiseCalibration,MH02/quadrature,machine_hall_pim_combined_coarse,machine_hall,3.0,0.5,68.6205,91.5022,905.022
20260504T020331353Z,evalPimNoiseCalibration,MH02/tangent,machine_hall_pim_combined_coarse,machine_hall,3.0,0.5,62.5312,91.5022,905.022
20260504T020331353Z,evalPimNoiseCalibration,MH03/quadrature,machine_hall_pim_combined_coarse,machine_hall,3.0,0.5,112.962,91.5022,905.022
20260504T020331353Z,evalPimNoiseCalibration,MH03/tangent,machine_hall_pim_combined_coarse,machine_hall,3.0,0.5,97.8912,91.5022,905.022
20260504T020331353Z,evalPimNoiseCalibration,MH04/quadrature,machine_hall_pim_combined_coarse,machine_hall,3.0,0.5,104.064,91.5022,905.022
20260504T020331353Z,evalPimNoiseCalibration,MH04/tangent,machine_hall_pim_combined_coarse,machine_hall,3.0,0.5,91.7137,91.5022,905.022
20260504T020331353Z,evalPimNoiseCalibration,MH05/quadrature,machine_hall_pim_combined_coarse,machine_hall,3.0,0.5,114.208,91.5022,905.022
20260504T020331353Z,evalPimNoiseCalibration,MH05/tangent,machine_hall_pim_combined_coarse,machine_hall,3.0,0.5,104.689,91.5022,905.022
20260504T020331353Z,evalPimNoiseCalibration,MH01/quadrature,machine_hall_pim_combined_coarse,machine_hall,3.0,1.0,28.5692,30.265,292.65
20260504T020331353Z,evalPimNoiseCalibration,MH01/tangent,machine_hall_pim_combined_coarse,machine_hall,3.0,1.0,25.3808,30.265,292.65
20260504T020331353Z,evalPimNoiseCalibration,MH02/quadrature,machine_hall_pim_combined_coarse,machine_hall,3.0,1.0,23.7129,30.265,292.65
20260504T020331353Z,evalPimNoiseCalibration,MH02/tangent,machine_hall_pim_combined_coarse,machine_hall,3.0,1.0,21.6843,30.265,292.65
20260504T020331353Z,evalPimNoiseCalibration,MH03/quadrature,machine_hall_pim_combined_coarse,machine_hall,3.0,1.0,34.4804,30.265,292.65
20260504T020331353Z,evalPimNoiseCalibration,MH03/tangent,machine_hall_pim_combined_coarse,machine_hall,3.0,1.0,33.0954,30.265,292.65
20260504T020331353Z,evalPimNoiseCalibration,MH04/quadrature,machine_hall_pim_combined_coarse,machine_hall,3.0,1.0,34.1762,30.265,292.65
20260504T020331353Z,evalPimNoiseCalibration,MH04/tangent,machine_hall_pim_combined_coarse,machine_hall,3.0,1.0,30.601,30.265,292.65
20260504T020331353Z,evalPimNoiseCalibration,MH05/quadrature,machine_hall_pim_combined_coarse,machine_hall,3.0,1.0,36.1423,30.265,292.65
20260504T020331353Z,evalPimNoiseCalibration,MH05/tangent,machine_hall_pim_combined_coarse,machine_hall,3.0,1.0,34.8077,30.265,292.65
20260504T020331353Z,evalPimNoiseCalibration,MH01/quadrature,machine_hall_pim_combined_coarse,machine_hall,3.0,2.0,8.63332,9.28136,82.8136
20260504T020331353Z,evalPimNoiseCalibration,MH01/tangent,machine_hall_pim_combined_coarse,machine_hall,3.0,2.0,8.3269,9.28136,82.8136
20260504T020331353Z,evalPimNoiseCalibration,MH02/quadrature,machine_hall_pim_combined_coarse,machine_hall,3.0,2.0,7.05745,9.28136,82.8136
20260504T020331353Z,evalPimNoiseCalibration,MH02/tangent,machine_hall_pim_combined_coarse,machine_hall,3.0,2.0,6.80696,9.28136,82.8136
20260504T020331353Z,evalPimNoiseCalibration,MH03/quadrature,machine_hall_pim_combined_coarse,machine_hall,3.0,2.0,10.0784,9.28136,82.8136
20260504T020331353Z,evalPimNoiseCalibration,MH03/tangent,machine_hall_pim_combined_coarse,machine_hall,3.0,2.0,10.665,9.28136,82.8136
20260504T020331353Z,evalPimNoiseCalibration,MH04/quadrature,machine_hall_pim_combined_coarse,machine_hall,3.0,2.0,10.3589,9.28136,82.8136
20260504T020331353Z,evalPimNoiseCalibration,MH04/tangent,machine_hall_pim_combined_coarse,machine_hall,3.0,2.0,9.37867,9.28136,82.8136
20260504T020331353Z,evalPimNoiseCalibration,MH05/quadrature,machine_hall_pim_combined_coarse,machine_hall,3.0,2.0,10.9851,9.28136,82.8136
20260504T020331353Z,evalPimNoiseCalibration,MH05/tangent,machine_hall_pim_combined_coarse,machine_hall,3.0,2.0,10.5228,9.28136,82.8136
20260504T020331353Z,evalPimNoiseCalibration,MH01/quadrature,machine_hall_pim_combined_coarse,machine_hall,3.0,3.0,4.14277,4.60588,36.0588
20260504T020331353Z,evalPimNoiseCalibration,MH01/tangent,machine_hall_pim_combined_coarse,machine_hall,3.0,3.0,4.47012,4.60588,36.0588
20260504T020331353Z,evalPimNoiseCalibration,MH02/quadrature,machine_hall_pim_combined_coarse,machine_hall,3.0,3.0,3.35538,4.60588,36.0588
20260504T020331353Z,evalPimNoiseCalibration,MH02/tangent,machine_hall_pim_combined_coarse,machine_hall,3.0,3.0,3.50529,4.60588,36.0588
20260504T020331353Z,evalPimNoiseCalibration,MH03/quadrature,machine_hall_pim_combined_coarse,machine_hall,3.0,3.0,4.67473,4.60588,36.0588
20260504T020331353Z,evalPimNoiseCalibration,MH03/tangent,machine_hall_pim_combined_coarse,machine_hall,3.0,3.0,5.6227,4.60588,36.0588
20260504T020331353Z,evalPimNoiseCalibration,MH04/quadrature,machine_hall_pim_combined_coarse,machine_hall,3.0,3.0,4.89541,4.60588,36.0588
20260504T020331353Z,evalPimNoiseCalibration,MH04/tangent,machine_hall_pim_combined_coarse,machine_hall,3.0,3.0,4.77992,4.60588,36.0588
20260504T020331353Z,evalPimNoiseCalibration,MH05/quadrature,machine_hall_pim_combined_coarse,machine_hall,3.0,3.0,5.2257,4.60588,36.0588
20260504T020331353Z,evalPimNoiseCalibration,MH05/tangent,machine_hall_pim_combined_coarse,machine_hall,3.0,3.0,5.3868,4.60588,36.0588
20260504T020331353Z,evalPimNoiseCalibration,MH01/quadrature,machine_hall_pim_combined_coarse,machine_hall,3.0,5.0,1.6557,2.04813,10.4813
20260504T020331353Z,evalPimNoiseCalibration,MH01/tangent,machine_hall_pim_combined_coarse,machine_hall,3.0,5.0,2.19555,2.04813,10.4813
20260504T020331353Z,evalPimNoiseCalibration,MH02/quadrature,machine_hall_pim_combined_coarse,machine_hall,3.0,5.0,1.33454,2.04813,10.4813
20260504T020331353Z,evalPimNoiseCalibration,MH02/tangent,machine_hall_pim_combined_coarse,machine_hall,3.0,5.0,1.70283,2.04813,10.4813
20260504T020331353Z,evalPimNoiseCalibration,MH03/quadrature,machine_hall_pim_combined_coarse,machine_hall,3.0,5.0,1.91314,2.04813,10.4813
20260504T020331353Z,evalPimNoiseCalibration,MH03/tangent,machine_hall_pim_combined_coarse,machine_hall,3.0,5.0,2.87768,2.04813,10.4813
20260504T020331353Z,evalPimNoiseCalibration,MH04/quadrature,machine_hall_pim_combined_coarse,machine_hall,3.0,5.0,1.99637,2.04813,10.4813
20260504T020331353Z,evalPimNoiseCalibration,MH04/tangent,machine_hall_pim_combined_coarse,machine_hall,3.0,5.0,2.34635,2.04813,10.4813
20260504T020331353Z,evalPimNoiseCalibration,MH05/quadrature,machine_hall_pim_combined_coarse,machine_hall,3.0,5.0,2.08617,2.04813,10.4813
20260504T020331353Z,evalPimNoiseCalibration,MH05/tangent,machine_hall_pim_combined_coarse,machine_hall,3.0,5.0,2.37297,2.04813,10.4813
20260504T020331353Z,evalPimNoiseCalibration,MH01/quadrature,machine_hall_pim_combined_coarse,machine_hall,3.0,7.0,0.970262,1.29454,3.42241
20260504T020331353Z,evalPimNoiseCalibration,MH01/tangent,machine_hall_pim_combined_coarse,machine_hall,3.0,7.0,1.47374,1.29454,3.42241
20260504T020331353Z,evalPimNoiseCalibration,MH02/quadrature,machine_hall_pim_combined_coarse,machine_hall,3.0,7.0,0.791241,1.29454,3.42241
20260504T020331353Z,evalPimNoiseCalibration,MH02/tangent,machine_hall_pim_combined_coarse,machine_hall,3.0,7.0,1.10872,1.29454,3.42241
20260504T020331353Z,evalPimNoiseCalibration,MH03/quadrature,machine_hall_pim_combined_coarse,machine_hall,3.0,7.0,1.11038,1.29454,3.42241
20260504T020331353Z,evalPimNoiseCalibration,MH03/tangent,machine_hall_pim_combined_coarse,machine_hall,3.0,7.0,2.07722,1.29454,3.42241
20260504T020331353Z,evalPimNoiseCalibration,MH04/quadrature,machine_hall_pim_combined_coarse,machine_hall,3.0,7.0,1.15744,1.29454,3.42241
20260504T020331353Z,evalPimNoiseCalibration,MH04/tangent,machine_hall_pim_combined_coarse,machine_hall,3.0,7.0,1.54125,1.29454,3.42241
20260504T020331353Z,evalPimNoiseCalibration,MH05/quadrature,machine_hall_pim_combined_coarse,machine_hall,3.0,7.0,1.16521,1.29454,3.42241
20260504T020331353Z,evalPimNoiseCalibration,MH05/tangent,machine_hall_pim_combined_coarse,machine_hall,3.0,7.0,1.54995,1.29454,3.42241
20260504T020331353Z,evalPimNoiseCalibration,MH01/quadrature,machine_hall_pim_combined_coarse,machine_hall,3.0,10.0,0.5888,0.868402,2.82501
20260504T020331353Z,evalPimNoiseCalibration,MH01/tangent,machine_hall_pim_combined_coarse,machine_hall,3.0,10.0,1.05534,0.868402,2.82501
20260504T020331353Z,evalPimNoiseCalibration,MH02/quadrature,machine_hall_pim_combined_coarse,machine_hall,3.0,10.0,0.472275,0.868402,2.82501
20260504T020331353Z,evalPimNoiseCalibration,MH02/tangent,machine_hall_pim_combined_coarse,machine_hall,3.0,10.0,0.785967,0.868402,2.82501
20260504T020331353Z,evalPimNoiseCalibration,MH03/quadrature,machine_hall_pim_combined_coarse,machine_hall,3.0,10.0,0.667188,0.868402,2.82501
20260504T020331353Z,evalPimNoiseCalibration,MH03/tangent,machine_hall_pim_combined_coarse,machine_hall,3.0,10.0,1.53001,0.868402,2.82501
20260504T020331353Z,evalPimNoiseCalibration,MH04/quadrature,machine_hall_pim_combined_coarse,machine_hall,3.0,10.0,0.707358,0.868402,2.82501
20260504T020331353Z,evalPimNoiseCalibration,MH04/tangent,machine_hall_pim_combined_coarse,machine_hall,3.0,10.0,1.1508,0.868402,2.82501
20260504T020331353Z,evalPimNoiseCalibration,MH05/quadrature,machine_hall_pim_combined_coarse,machine_hall,3.0,10.0,0.707917,0.868402,2.82501
20260504T020331353Z,evalPimNoiseCalibration,MH05/tangent,machine_hall_pim_combined_coarse,machine_hall,3.0,10.0,1.01837,0.868402,2.82501
20260504T020331353Z,evalPimNoiseCalibration,MH01/quadrature,machine_hall_pim_combined_coarse,machine_hall,3.0,13.0,0.424543,0.680629,3.67423
20260504T020331353Z,evalPimNoiseCalibration,MH01/tangent,machine_hall_pim_combined_coarse,machine_hall,3.0,13.0,0.88275,0.680629,3.67423
20260504T020331353Z,evalPimNoiseCalibration,MH02/quadrature,machine_hall_pim_combined_coarse,machine_hall,3.0,13.0,0.331967,0.680629,3.67423
20260504T020331353Z,evalPimNoiseCalibration,MH02/tangent,machine_hall_pim_combined_coarse,machine_hall,3.0,13.0,0.632691,0.680629,3.67423
20260504T020331353Z,evalPimNoiseCalibration,MH03/quadrature,machine_hall_pim_combined_coarse,machine_hall,3.0,13.0,0.501034,0.680629,3.67423
20260504T020331353Z,evalPimNoiseCalibration,MH03/tangent,machine_hall_pim_combined_coarse,machine_hall,3.0,13.0,1.24026,0.680629,3.67423
20260504T020331353Z,evalPimNoiseCalibration,MH04/quadrature,machine_hall_pim_combined_coarse,machine_hall,3.0,13.0,0.510296,0.680629,3.67423
20260504T020331353Z,evalPimNoiseCalibration,MH04/tangent,machine_hall_pim_combined_coarse,machine_hall,3.0,13.0,0.950412,0.680629,3.67423
20260504T020331353Z,evalPimNoiseCalibration,MH05/quadrature,machine_hall_pim_combined_coarse,machine_hall,3.0,13.0,0.522723,0.680629,3.67423
20260504T020331353Z,evalPimNoiseCalibration,MH05/tangent,machine_hall_pim_combined_coarse,machine_hall,3.0,13.0,0.809611,0.680629,3.67423
20260504T020331353Z,evalPimNoiseCalibration,MH01/quadrature,machine_hall_pim_combined_coarse,machine_hall,5.0,0.5,78.2784,85.9054,849.054
20260504T020331353Z,evalPimNoiseCalibration,MH01/tangent,machine_hall_pim_combined_coarse,machine_hall,5.0,0.5,71.4864,85.9054,849.054
20260504T020331353Z,evalPimNoiseCalibration,MH02/quadrature,machine_hall_pim_combined_coarse,machine_hall,5.0,0.5,65.6933,85.9054,849.054
20260504T020331353Z,evalPimNoiseCalibration,MH02/tangent,machine_hall_pim_combined_coarse,machine_hall,5.0,0.5,59.1436,85.9054,849.054
20260504T020331353Z,evalPimNoiseCalibration,MH03/quadrature,machine_hall_pim_combined_coarse,machine_hall,5.0,0.5,102.651,85.9054,849.054
20260504T020331353Z,evalPimNoiseCalibration,MH03/tangent,machine_hall_pim_combined_coarse,machine_hall,5.0,0.5,91.5686,85.9054,849.054
20260504T020331353Z,evalPimNoiseCalibration,MH04/quadrature,machine_hall_pim_combined_coarse,machine_hall,5.0,0.5,98.7665,85.9054,849.054
20260504T020331353Z,evalPimNoiseCalibration,MH04/tangent,machine_hall_pim_combined_coarse,machine_hall,5.0,0.5,85.5956,85.9054,849.054
20260504T020331353Z,evalPimNoiseCalibration,MH05/quadrature,machine_hall_pim_combined_coarse,machine_hall,5.0,0.5,106.689,85.9054,849.054
20260504T020331353Z,evalPimNoiseCalibration,MH05/tangent,machine_hall_pim_combined_coarse,machine_hall,5.0,0.5,99.1813,85.9054,849.054
20260504T020331353Z,evalPimNoiseCalibration,MH01/quadrature,machine_hall_pim_combined_coarse,machine_hall,5.0,1.0,28.0295,29.5772,285.772
20260504T020331353Z,evalPimNoiseCalibration,MH01/tangent,machine_hall_pim_combined_coarse,machine_hall,5.0,1.0,24.6529,29.5772,285.772
20260504T020331353Z,evalPimNoiseCalibration,MH02/quadrature,machine_hall_pim_combined_coarse,machine_hall,5.0,1.0,23.0544,29.5772,285.772
20260504T020331353Z,evalPimNoiseCalibration,MH02/tangent,machine_hall_pim_combined_coarse,machine_hall,5.0,1.0,21.2067,29.5772,285.772
20260504T020331353Z,evalPimNoiseCalibration,MH03/quadrature,machine_hall_pim_combined_coarse,machine_hall,5.0,1.0,33.8225,29.5772,285.772
20260504T020331353Z,evalPimNoiseCalibration,MH03/tangent,machine_hall_pim_combined_coarse,machine_hall,5.0,1.0,32.0864,29.5772,285.772
20260504T020331353Z,evalPimNoiseCalibration,MH04/quadrature,machine_hall_pim_combined_coarse,machine_hall,5.0,1.0,33.8797,29.5772,285.772
20260504T020331353Z,evalPimNoiseCalibration,MH04/tangent,machine_hall_pim_combined_coarse,machine_hall,5.0,1.0,29.6115,29.5772,285.772
20260504T020331353Z,evalPimNoiseCalibration,MH05/quadrature,machine_hall_pim_combined_coarse,machine_hall,5.0,1.0,35.5095,29.5772,285.772
20260504T020331353Z,evalPimNoiseCalibration,MH05/tangent,machine_hall_pim_combined_coarse,machine_hall,5.0,1.0,33.9184,29.5772,285.772
20260504T020331353Z,evalPimNoiseCalibration,MH01/quadrature,machine_hall_pim_combined_coarse,machine_hall,5.0,2.0,8.4755,8.93097,79.3097
20260504T020331353Z,evalPimNoiseCalibration,MH01/tangent,machine_hall_pim_combined_coarse,machine_hall,5.0,2.0,7.74724,8.93097,79.3097
20260504T020331353Z,evalPimNoiseCalibration,MH02/quadrature,machine_hall_pim_combined_coarse,machine_hall,5.0,2.0,6.97388,8.93097,79.3097
20260504T020331353Z,evalPimNoiseCalibration,MH02/tangent,machine_hall_pim_combined_coarse,machine_hall,5.0,2.0,6.42448,8.93097,79.3097
20260504T020331353Z,evalPimNoiseCalibration,MH03/quadrature,machine_hall_pim_combined_coarse,machine_hall,5.0,2.0,9.98269,8.93097,79.3097
20260504T020331353Z,evalPimNoiseCalibration,MH03/tangent,machine_hall_pim_combined_coarse,machine_hall,5.0,2.0,9.68157,8.93097,79.3097
20260504T020331353Z,evalPimNoiseCalibration,MH04/quadrature,machine_hall_pim_combined_coarse,machine_hall,5.0,2.0,10.195,8.93097,79.3097
20260504T020331353Z,evalPimNoiseCalibration,MH04/tangent,machine_hall_pim_combined_coarse,machine_hall,5.0,2.0,9.03884,8.93097,79.3097
20260504T020331353Z,evalPimNoiseCalibration,MH05/quadrature,machine_hall_pim_combined_coarse,machine_hall,5.0,2.0,10.6793,8.93097,79.3097
20260504T020331353Z,evalPimNoiseCalibration,MH05/tangent,machine_hall_pim_combined_coarse,machine_hall,5.0,2.0,10.1112,8.93097,79.3097
20260504T020331353Z,evalPimNoiseCalibration,MH01/quadrature,machine_hall_pim_combined_coarse,machine_hall,5.0,3.0,4.01838,4.25541,32.5541
20260504T020331353Z,evalPimNoiseCalibration,MH01/tangent,machine_hall_pim_combined_coarse,machine_hall,5.0,3.0,3.83701,4.25541,32.5541
20260504T020331353Z,evalPimNoiseCalibration,MH02/quadrature,machine_hall_pim_combined_coarse,machine_hall,5.0,3.0,3.26824,4.25541,32.5541
20260504T020331353Z,evalPimNoiseCalibration,MH02/tangent,machine_hall_pim_combined_coarse,machine_hall,5.0,3.0,3.09336,4.25541,32.5541
20260504T020331353Z,evalPimNoiseCalibration,MH03/quadrature,machine_hall_pim_combined_coarse,machine_hall,5.0,3.0,4.57944,4.25541,32.5541
20260504T020331353Z,evalPimNoiseCalibration,MH03/tangent,machine_hall_pim_combined_coarse,machine_hall,5.0,3.0,4.78027,4.25541,32.5541
20260504T020331353Z,evalPimNoiseCalibration,MH04/quadrature,machine_hall_pim_combined_coarse,machine_hall,5.0,3.0,4.82196,4.25541,32.5541
20260504T020331353Z,evalPimNoiseCalibration,MH04/tangent,machine_hall_pim_combined_coarse,machine_hall,5.0,3.0,4.32446,4.25541,32.5541
20260504T020331353Z,evalPimNoiseCalibration,MH05/quadrature,machine_hall_pim_combined_coarse,machine_hall,5.0,3.0,4.99688,4.25541,32.5541
20260504T020331353Z,evalPimNoiseCalibration,MH05/tangent,machine_hall_pim_combined_coarse,machine_hall,5.0,3.0,4.8341,4.25541,32.5541
20260504T020331353Z,evalPimNoiseCalibration,MH01/quadrature,machine_hall_pim_combined_coarse,machine_hall,5.0,5.0,1.54232,1.69437,6.94373
20260504T020331353Z,evalPimNoiseCalibration,MH01/tangent,machine_hall_pim_combined_coarse,machine_hall,5.0,5.0,1.66252,1.69437,6.94373
20260504T020331353Z,evalPimNoiseCalibration,MH02/quadrature,machine_hall_pim_combined_coarse,machine_hall,5.0,5.0,1.23309,1.69437,6.94373
20260504T020331353Z,evalPimNoiseCalibration,MH02/tangent,machine_hall_pim_combined_coarse,machine_hall,5.0,5.0,1.29194,1.69437,6.94373
20260504T020331353Z,evalPimNoiseCalibration,MH03/quadrature,machine_hall_pim_combined_coarse,machine_hall,5.0,5.0,1.72159,1.69437,6.94373
20260504T020331353Z,evalPimNoiseCalibration,MH03/tangent,machine_hall_pim_combined_coarse,machine_hall,5.0,5.0,2.04631,1.69437,6.94373
20260504T020331353Z,evalPimNoiseCalibration,MH04/quadrature,machine_hall_pim_combined_coarse,machine_hall,5.0,5.0,1.80712,1.69437,6.94373
20260504T020331353Z,evalPimNoiseCalibration,MH04/tangent,machine_hall_pim_combined_coarse,machine_hall,5.0,5.0,1.75518,1.69437,6.94373
20260504T020331353Z,evalPimNoiseCalibration,MH05/quadrature,machine_hall_pim_combined_coarse,machine_hall,5.0,5.0,1.92368,1.69437,6.94373
20260504T020331353Z,evalPimNoiseCalibration,MH05/tangent,machine_hall_pim_combined_coarse,machine_hall,5.0,5.0,1.95999,1.69437,6.94373
20260504T020331353Z,evalPimNoiseCalibration,MH01/quadrature,machine_hall_pim_combined_coarse,machine_hall,5.0,7.0,0.827736,0.967204,1.34212
20260504T020331353Z,evalPimNoiseCalibration,MH01/tangent,machine_hall_pim_combined_coarse,machine_hall,5.0,7.0,1.01258,0.967204,1.34212
20260504T020331353Z,evalPimNoiseCalibration,MH02/quadrature,machine_hall_pim_combined_coarse,machine_hall,5.0,7.0,0.658384,0.967204,1.34212
20260504T020331353Z,evalPimNoiseCalibration,MH02/tangent,machine_hall_pim_combined_coarse,machine_hall,5.0,7.0,0.777227,0.967204,1.34212
20260504T020331353Z,evalPimNoiseCalibration,MH03/quadrature,machine_hall_pim_combined_coarse,machine_hall,5.0,7.0,0.927702,0.967204,1.34212
20260504T020331353Z,evalPimNoiseCalibration,MH03/tangent,machine_hall_pim_combined_coarse,machine_hall,5.0,7.0,1.26832,0.967204,1.34212
20260504T020331353Z,evalPimNoiseCalibration,MH04/quadrature,machine_hall_pim_combined_coarse,machine_hall,5.0,7.0,0.973914,0.967204,1.34212
20260504T020331353Z,evalPimNoiseCalibration,MH04/tangent,machine_hall_pim_combined_coarse,machine_hall,5.0,7.0,1.06658,0.967204,1.34212
20260504T020331353Z,evalPimNoiseCalibration,MH05/quadrature,machine_hall_pim_combined_coarse,machine_hall,5.0,7.0,1.03518,0.967204,1.34212
20260504T020331353Z,evalPimNoiseCalibration,MH05/tangent,machine_hall_pim_combined_coarse,machine_hall,5.0,7.0,1.12442,0.967204,1.34212
20260504T020331353Z,evalPimNoiseCalibration,MH01/quadrature,machine_hall_pim_combined_coarse,machine_hall,5.0,10.0,0.442908,0.572176,4.27824
20260504T020331353Z,evalPimNoiseCalibration,MH01/tangent,machine_hall_pim_combined_coarse,machine_hall,5.0,10.0,0.621238,0.572176,4.27824
20260504T020331353Z,evalPimNoiseCalibration,MH02/quadrature,machine_hall_pim_combined_coarse,machine_hall,5.0,10.0,0.361763,0.572176,4.27824
20260504T020331353Z,evalPimNoiseCalibration,MH02/tangent,machine_hall_pim_combined_coarse,machine_hall,5.0,10.0,0.491622,0.572176,4.27824
20260504T020331353Z,evalPimNoiseCalibration,MH03/quadrature,machine_hall_pim_combined_coarse,machine_hall,5.0,10.0,0.506134,0.572176,4.27824
20260504T020331353Z,evalPimNoiseCalibration,MH03/tangent,machine_hall_pim_combined_coarse,machine_hall,5.0,10.0,0.872993,0.572176,4.27824
20260504T020331353Z,evalPimNoiseCalibration,MH04/quadrature,machine_hall_pim_combined_coarse,machine_hall,5.0,10.0,0.536803,0.572176,4.27824
20260504T020331353Z,evalPimNoiseCalibration,MH04/tangent,machine_hall_pim_combined_coarse,machine_hall,5.0,10.0,0.666817,0.572176,4.27824
20260504T020331353Z,evalPimNoiseCalibration,MH05/quadrature,machine_hall_pim_combined_coarse,machine_hall,5.0,10.0,0.550869,0.572176,4.27824
20260504T020331353Z,evalPimNoiseCalibration,MH05/tangent,machine_hall_pim_combined_coarse,machine_hall,5.0,10.0,0.670612,0.572176,4.27824
20260504T020331353Z,evalPimNoiseCalibration,MH01/quadrature,machine_hall_pim_combined_coarse,machine_hall,5.0,13.0,0.296629,0.411025,5.88975
20260504T020331353Z,evalPimNoiseCalibration,MH01/tangent,machine_hall_pim_combined_coarse,machine_hall,5.0,13.0,0.46923,0.411025,5.88975
20260504T020331353Z,evalPimNoiseCalibration,MH02/quadrature,machine_hall_pim_combined_coarse,machine_hall,5.0,13.0,0.246641,0.411025,5.88975
20260504T020331353Z,evalPimNoiseCalibration,MH02/tangent,machine_hall_pim_combined_coarse,machine_hall,5.0,13.0,0.361237,0.411025,5.88975
20260504T020331353Z,evalPimNoiseCalibration,MH03/quadrature,machine_hall_pim_combined_coarse,machine_hall,5.0,13.0,0.34187,0.411025,5.88975
20260504T020331353Z,evalPimNoiseCalibration,MH03/tangent,machine_hall_pim_combined_coarse,machine_hall,5.0,13.0,0.69209,0.411025,5.88975
20260504T020331353Z,evalPimNoiseCalibration,MH04/quadrature,machine_hall_pim_combined_coarse,machine_hall,5.0,13.0,0.354751,0.411025,5.88975
20260504T020331353Z,evalPimNoiseCalibration,MH04/tangent,machine_hall_pim_combined_coarse,machine_hall,5.0,13.0,0.501001,0.411025,5.88975
20260504T020331353Z,evalPimNoiseCalibration,MH05/quadrature,machine_hall_pim_combined_coarse,machine_hall,5.0,13.0,0.355552,0.411025,5.88975
20260504T020331353Z,evalPimNoiseCalibration,MH05/tangent,machine_hall_pim_combined_coarse,machine_hall,5.0,13.0,0.49125,0.411025,5.88975
20260504T020331353Z,evalPimNoiseCalibration,MH01/quadrature,machine_hall_pim_combined_coarse,machine_hall,7.0,0.5,73.7195,80.3235,793.235
20260504T020331353Z,evalPimNoiseCalibration,MH01/tangent,machine_hall_pim_combined_coarse,machine_hall,7.0,0.5,65.7207,80.3235,793.235
20260504T020331353Z,evalPimNoiseCalibration,MH02/quadrature,machine_hall_pim_combined_coarse,machine_hall,7.0,0.5,62.2553,80.3235,793.235
20260504T020331353Z,evalPimNoiseCalibration,MH02/tangent,machine_hall_pim_combined_coarse,machine_hall,7.0,0.5,54.9341,80.3235,793.235
20260504T020331353Z,evalPimNoiseCalibration,MH03/quadrature,machine_hall_pim_combined_coarse,machine_hall,7.0,0.5,95.8435,80.3235,793.235
20260504T020331353Z,evalPimNoiseCalibration,MH03/tangent,machine_hall_pim_combined_coarse,machine_hall,7.0,0.5,86.8664,80.3235,793.235
20260504T020331353Z,evalPimNoiseCalibration,MH04/quadrature,machine_hall_pim_combined_coarse,machine_hall,7.0,0.5,92.0132,80.3235,793.235
20260504T020331353Z,evalPimNoiseCalibration,MH04/tangent,machine_hall_pim_combined_coarse,machine_hall,7.0,0.5,81.0068,80.3235,793.235
20260504T020331353Z,evalPimNoiseCalibration,MH05/quadrature,machine_hall_pim_combined_coarse,machine_hall,7.0,0.5,99.1465,80.3235,793.235
20260504T020331353Z,evalPimNoiseCalibration,MH05/tangent,machine_hall_pim_combined_coarse,machine_hall,7.0,0.5,91.7289,80.3235,793.235
20260504T020331353Z,evalPimNoiseCalibration,MH01/quadrature,machine_hall_pim_combined_coarse,machine_hall,7.0,1.0,27.3729,29.0456,280.456
20260504T020331353Z,evalPimNoiseCalibration,MH01/tangent,machine_hall_pim_combined_coarse,machine_hall,7.0,1.0,24.0326,29.0456,280.456
20260504T020331353Z,evalPimNoiseCalibration,MH02/quadrature,machine_hall_pim_combined_coarse,machine_hall,7.0,1.0,22.7036,29.0456,280.456
20260504T020331353Z,evalPimNoiseCalibration,MH02/tangent,machine_hall_pim_combined_coarse,machine_hall,7.0,1.0,20.744,29.0456,280.456
20260504T020331353Z,evalPimNoiseCalibration,MH03/quadrature,machine_hall_pim_combined_coarse,machine_hall,7.0,1.0,33.2425,29.0456,280.456
20260504T020331353Z,evalPimNoiseCalibration,MH03/tangent,machine_hall_pim_combined_coarse,machine_hall,7.0,1.0,31.6321,29.0456,280.456
20260504T020331353Z,evalPimNoiseCalibration,MH04/quadrature,machine_hall_pim_combined_coarse,machine_hall,7.0,1.0,33.4179,29.0456,280.456
20260504T020331353Z,evalPimNoiseCalibration,MH04/tangent,machine_hall_pim_combined_coarse,machine_hall,7.0,1.0,29.0754,29.0456,280.456
20260504T020331353Z,evalPimNoiseCalibration,MH05/quadrature,machine_hall_pim_combined_coarse,machine_hall,7.0,1.0,35.2415,29.0456,280.456
20260504T020331353Z,evalPimNoiseCalibration,MH05/tangent,machine_hall_pim_combined_coarse,machine_hall,7.0,1.0,32.994,29.0456,280.456
20260504T020331353Z,evalPimNoiseCalibration,MH01/quadrature,machine_hall_pim_combined_coarse,machine_hall,7.0,2.0,8.43569,8.7864,77.864
20260504T020331353Z,evalPimNoiseCalibration,MH01/tangent,machine_hall_pim_combined_coarse,machine_hall,7.0,2.0,7.46309,8.7864,77.864
20260504T020331353Z,evalPimNoiseCalibration,MH02/quadrature,machine_hall_pim_combined_coarse,machine_hall,7.0,2.0,6.91005,8.7864,77.864
20260504T020331353Z,evalPimNoiseCalibration,MH02/tangent,machine_hall_pim_combined_coarse,machine_hall,7.0,2.0,6.30639,8.7864,77.864
20260504T020331353Z,evalPimNoiseCalibration,MH03/quadrature,machine_hall_pim_combined_coarse,machine_hall,7.0,2.0,9.87687,8.7864,77.864
20260504T020331353Z,evalPimNoiseCalibration,MH03/tangent,machine_hall_pim_combined_coarse,machine_hall,7.0,2.0,9.37461,8.7864,77.864
20260504T020331353Z,evalPimNoiseCalibration,MH04/quadrature,machine_hall_pim_combined_coarse,machine_hall,7.0,2.0,10.1559,8.7864,77.864
20260504T020331353Z,evalPimNoiseCalibration,MH04/tangent,machine_hall_pim_combined_coarse,machine_hall,7.0,2.0,8.89842,8.7864,77.864
20260504T020331353Z,evalPimNoiseCalibration,MH05/quadrature,machine_hall_pim_combined_coarse,machine_hall,7.0,2.0,10.5555,8.7864,77.864
20260504T020331353Z,evalPimNoiseCalibration,MH05/tangent,machine_hall_pim_combined_coarse,machine_hall,7.0,2.0,9.8875,8.7864,77.864
20260504T020331353Z,evalPimNoiseCalibration,MH01/quadrature,machine_hall_pim_combined_coarse,machine_hall,7.0,3.0,3.96337,4.14159,31.4159
20260504T020331353Z,evalPimNoiseCalibration,MH01/tangent,machine_hall_pim_combined_coarse,machine_hall,7.0,3.0,3.62109,4.14159,31.4159
20260504T020331353Z,evalPimNoiseCalibration,MH02/quadrature,machine_hall_pim_combined_coarse,machine_hall,7.0,3.0,3.23721,4.14159,31.4159
20260504T020331353Z,evalPimNoiseCalibration,MH02/tangent,machine_hall_pim_combined_coarse,machine_hall,7.0,3.0,2.97407,4.14159,31.4159
20260504T020331353Z,evalPimNoiseCalibration,MH03/quadrature,machine_hall_pim_combined_coarse,machine_hall,7.0,3.0,4.55102,4.14159,31.4159
20260504T020331353Z,evalPimNoiseCalibration,MH03/tangent,machine_hall_pim_combined_coarse,machine_hall,7.0,3.0,4.459,4.14159,31.4159
20260504T020331353Z,evalPimNoiseCalibration,MH04/quadrature,machine_hall_pim_combined_coarse,machine_hall,7.0,3.0,4.80912,4.14159,31.4159
20260504T020331353Z,evalPimNoiseCalibration,MH04/tangent,machine_hall_pim_combined_coarse,machine_hall,7.0,3.0,4.19716,4.14159,31.4159
20260504T020331353Z,evalPimNoiseCalibration,MH05/quadrature,machine_hall_pim_combined_coarse,machine_hall,7.0,3.0,4.93378,4.14159,31.4159
20260504T020331353Z,evalPimNoiseCalibration,MH05/tangent,machine_hall_pim_combined_coarse,machine_hall,7.0,3.0,4.67009,4.14159,31.4159
20260504T020331353Z,evalPimNoiseCalibration,MH01/quadrature,machine_hall_pim_combined_coarse,machine_hall,7.0,5.0,1.50004,1.59717,5.97165
20260504T020331353Z,evalPimNoiseCalibration,MH01/tangent,machine_hall_pim_combined_coarse,machine_hall,7.0,5.0,1.46463,1.59717,5.97165
20260504T020331353Z,evalPimNoiseCalibration,MH02/quadrature,machine_hall_pim_combined_coarse,machine_hall,7.0,5.0,1.21197,1.59717,5.97165
20260504T020331353Z,evalPimNoiseCalibration,MH02/tangent,machine_hall_pim_combined_coarse,machine_hall,7.0,5.0,1.16702,1.59717,5.97165
20260504T020331353Z,evalPimNoiseCalibration,MH03/quadrature,machine_hall_pim_combined_coarse,machine_hall,7.0,5.0,1.70689,1.59717,5.97165
20260504T020331353Z,evalPimNoiseCalibration,MH03/tangent,machine_hall_pim_combined_coarse,machine_hall,7.0,5.0,1.81799,1.59717,5.97165
20260504T020331353Z,evalPimNoiseCalibration,MH04/quadrature,machine_hall_pim_combined_coarse,machine_hall,7.0,5.0,1.79767,1.59717,5.97165
20260504T020331353Z,evalPimNoiseCalibration,MH04/tangent,machine_hall_pim_combined_coarse,machine_hall,7.0,5.0,1.61426,1.59717,5.97165
20260504T020331353Z,evalPimNoiseCalibration,MH05/quadrature,machine_hall_pim_combined_coarse,machine_hall,7.0,5.0,1.87318,1.59717,5.97165
20260504T020331353Z,evalPimNoiseCalibration,MH05/tangent,machine_hall_pim_combined_coarse,machine_hall,7.0,5.0,1.81801,1.59717,5.97165
20260504T020331353Z,evalPimNoiseCalibration,MH01/quadrature,machine_hall_pim_combined_coarse,machine_hall,7.0,7.0,0.792619,0.870103,1.40501
20260504T020331353Z,evalPimNoiseCalibration,MH01/tangent,machine_hall_pim_combined_coarse,machine_hall,7.0,7.0,0.856768,0.870103,1.40501
20260504T020331353Z,evalPimNoiseCalibration,MH02/quadrature,machine_hall_pim_combined_coarse,machine_hall,7.0,7.0,0.635988,0.870103,1.40501
20260504T020331353Z,evalPimNoiseCalibration,MH02/tangent,machine_hall_pim_combined_coarse,machine_hall,7.0,7.0,0.66289,0.870103,1.40501
20260504T020331353Z,evalPimNoiseCalibration,MH03/quadrature,machine_hall_pim_combined_coarse,machine_hall,7.0,7.0,0.882116,0.870103,1.40501
20260504T020331353Z,evalPimNoiseCalibration,MH03/tangent,machine_hall_pim_combined_coarse,machine_hall,7.0,7.0,1.04991,0.870103,1.40501
20260504T020331353Z,evalPimNoiseCalibration,MH04/quadrature,machine_hall_pim_combined_coarse,machine_hall,7.0,7.0,0.930784,0.870103,1.40501
20260504T020331353Z,evalPimNoiseCalibration,MH04/tangent,machine_hall_pim_combined_coarse,machine_hall,7.0,7.0,0.900333,0.870103,1.40501
20260504T020331353Z,evalPimNoiseCalibration,MH05/quadrature,machine_hall_pim_combined_coarse,machine_hall,7.0,7.0,0.986513,0.870103,1.40501
20260504T020331353Z,evalPimNoiseCalibration,MH05/tangent,machine_hall_pim_combined_coarse,machine_hall,7.0,7.0,1.00311,0.870103,1.40501
20260504T020331353Z,evalPimNoiseCalibration,MH01/quadrature,machine_hall_pim_combined_coarse,machine_hall,7.0,10.0,0.408202,0.479796,5.20204
20260504T020331353Z,evalPimNoiseCalibration,MH01/tangent,machine_hall_pim_combined_coarse,machine_hall,7.0,10.0,0.502149,0.479796,5.20204
20260504T020331353Z,evalPimNoiseCalibration,MH02/quadrature,machine_hall_pim_combined_coarse,machine_hall,7.0,10.0,0.32431,0.479796,5.20204
20260504T020331353Z,evalPimNoiseCalibration,MH02/tangent,machine_hall_pim_combined_coarse,machine_hall,7.0,10.0,0.387469,0.479796,5.20204
20260504T020331353Z,evalPimNoiseCalibration,MH03/quadrature,machine_hall_pim_combined_coarse,machine_hall,7.0,10.0,0.458332,0.479796,5.20204
20260504T020331353Z,evalPimNoiseCalibration,MH03/tangent,machine_hall_pim_combined_coarse,machine_hall,7.0,10.0,0.635837,0.479796,5.20204
20260504T020331353Z,evalPimNoiseCalibration,MH04/quadrature,machine_hall_pim_combined_coarse,machine_hall,7.0,10.0,0.481742,0.479796,5.20204
20260504T020331353Z,evalPimNoiseCalibration,MH04/tangent,machine_hall_pim_combined_coarse,machine_hall,7.0,10.0,0.527493,0.479796,5.20204
20260504T020331353Z,evalPimNoiseCalibration,MH05/quadrature,machine_hall_pim_combined_coarse,machine_hall,7.0,10.0,0.512958,0.479796,5.20204
20260504T020331353Z,evalPimNoiseCalibration,MH05/tangent,machine_hall_pim_combined_coarse,machine_hall,7.0,10.0,0.559473,0.479796,5.20204
20260504T020331353Z,evalPimNoiseCalibration,MH01/quadrature,machine_hall_pim_combined_coarse,machine_hall,7.0,13.0,0.255408,0.3244,6.756
20260504T020331353Z,evalPimNoiseCalibration,MH01/tangent,machine_hall_pim_combined_coarse,machine_hall,7.0,13.0,0.348266,0.3244,6.756
20260504T020331353Z,evalPimNoiseCalibration,MH02/quadrature,machine_hall_pim_combined_coarse,machine_hall,7.0,13.0,0.206871,0.3244,6.756
20260504T020331353Z,evalPimNoiseCalibration,MH02/tangent,machine_hall_pim_combined_coarse,machine_hall,7.0,13.0,0.275815,0.3244,6.756
20260504T020331353Z,evalPimNoiseCalibration,MH03/quadrature,machine_hall_pim_combined_coarse,machine_hall,7.0,13.0,0.291361,0.3244,6.756
20260504T020331353Z,evalPimNoiseCalibration,MH03/tangent,machine_hall_pim_combined_coarse,machine_hall,7.0,13.0,0.478215,0.3244,6.756
20260504T020331353Z,evalPimNoiseCalibration,MH04/quadrature,machine_hall_pim_combined_coarse,machine_hall,7.0,13.0,0.310272,0.3244,6.756
20260504T020331353Z,evalPimNoiseCalibration,MH04/tangent,machine_hall_pim_combined_coarse,machine_hall,7.0,13.0,0.377184,0.3244,6.756
20260504T020331353Z,evalPimNoiseCalibration,MH05/quadrature,machine_hall_pim_combined_coarse,machine_hall,7.0,13.0,0.321686,0.3244,6.756
20260504T020331353Z,evalPimNoiseCalibration,MH05/tangent,machine_hall_pim_combined_coarse,machine_hall,7.0,13.0,0.378924,0.3244,6.756
20260504T020331353Z,evalPimNoiseCalibration,MH01/quadrature,machine_hall_pim_combined_coarse,machine_hall,10.0,0.5,66.0718,72.0803,710.803
20260504T020331353Z,evalPimNoiseCalibration,MH01/tangent,machine_hall_pim_combined_coarse,machine_hall,10.0,0.5,58.4016,72.0803,710.803
20260504T020331353Z,evalPimNoiseCalibration,MH02/quadrature,machine_hall_pim_combined_coarse,machine_hall,10.0,0.5,55.4981,72.0803,710.803
20260504T020331353Z,evalPimNoiseCalibration,MH02/tangent,machine_hall_pim_combined_coarse,machine_hall,10.0,0.5,47.8632,72.0803,710.803
20260504T020331353Z,evalPimNoiseCalibration,MH03/quadrature,machine_hall_pim_combined_coarse,machine_hall,10.0,0.5,87.132,72.0803,710.803
20260504T020331353Z,evalPimNoiseCalibration,MH03/tangent,machine_hall_pim_combined_coarse,machine_hall,10.0,0.5,77.9671,72.0803,710.803
20260504T020331353Z,evalPimNoiseCalibration,MH04/quadrature,machine_hall_pim_combined_coarse,machine_hall,10.0,0.5,82.768,72.0803,710.803
20260504T020331353Z,evalPimNoiseCalibration,MH04/tangent,machine_hall_pim_combined_coarse,machine_hall,10.0,0.5,72.5402,72.0803,710.803
20260504T020331353Z,evalPimNoiseCalibration,MH05/quadrature,machine_hall_pim_combined_coarse,machine_hall,10.0,0.5,90.3568,72.0803,710.803
20260504T020331353Z,evalPimNoiseCalibration,MH05/tangent,machine_hall_pim_combined_coarse,machine_hall,10.0,0.5,82.2039,72.0803,710.803
20260504T020331353Z,evalPimNoiseCalibration,MH01/quadrature,machine_hall_pim_combined_coarse,machine_hall,10.0,1.0,26.605,27.9465,269.465
20260504T020331353Z,evalPimNoiseCalibration,MH01/tangent,machine_hall_pim_combined_coarse,machine_hall,10.0,1.0,23.1598,27.9465,269.465
20260504T020331353Z,evalPimNoiseCalibration,MH02/quadrature,machine_hall_pim_combined_coarse,machine_hall,10.0,1.0,21.739,27.9465,269.465
20260504T020331353Z,evalPimNoiseCalibration,MH02/tangent,machine_hall_pim_combined_coarse,machine_hall,10.0,1.0,20.1841,27.9465,269.465
20260504T020331353Z,evalPimNoiseCalibration,MH03/quadrature,machine_hall_pim_combined_coarse,machine_hall,10.0,1.0,32.2121,27.9465,269.465
20260504T020331353Z,evalPimNoiseCalibration,MH03/tangent,machine_hall_pim_combined_coarse,machine_hall,10.0,1.0,30.0353,27.9465,269.465
20260504T020331353Z,evalPimNoiseCalibration,MH04/quadrature,machine_hall_pim_combined_coarse,machine_hall,10.0,1.0,32.1321,27.9465,269.465
20260504T020331353Z,evalPimNoiseCalibration,MH04/tangent,machine_hall_pim_combined_coarse,machine_hall,10.0,1.0,28.0061,27.9465,269.465
20260504T020331353Z,evalPimNoiseCalibration,MH05/quadrature,machine_hall_pim_combined_coarse,machine_hall,10.0,1.0,33.9992,27.9465,269.465
20260504T020331353Z,evalPimNoiseCalibration,MH05/tangent,machine_hall_pim_combined_coarse,machine_hall,10.0,1.0,31.3919,27.9465,269.465
20260504T020331353Z,evalPimNoiseCalibration,MH01/quadrature,machine_hall_pim_combined_coarse,machine_hall,10.0,2.0,8.4032,8.63794,76.3794
20260504T020331353Z,evalPimNoiseCalibration,MH01/tangent,machine_hall_pim_combined_coarse,machine_hall,10.0,2.0,7.22361,8.63794,76.3794
20260504T020331353Z,evalPimNoiseCalibration,MH02/quadrature,machine_hall_pim_combined_coarse,machine_hall,10.0,2.0,6.80884,8.63794,76.3794
20260504T020331353Z,evalPimNoiseCalibration,MH02/tangent,machine_hall_pim_combined_coarse,machine_hall,10.0,2.0,6.18805,8.63794,76.3794
20260504T020331353Z,evalPimNoiseCalibration,MH03/quadrature,machine_hall_pim_combined_coarse,machine_hall,10.0,2.0,9.72187,8.63794,76.3794
20260504T020331353Z,evalPimNoiseCalibration,MH03/tangent,machine_hall_pim_combined_coarse,machine_hall,10.0,2.0,9.0753,8.63794,76.3794
20260504T020331353Z,evalPimNoiseCalibration,MH04/quadrature,machine_hall_pim_combined_coarse,machine_hall,10.0,2.0,10.0296,8.63794,76.3794
20260504T020331353Z,evalPimNoiseCalibration,MH04/tangent,machine_hall_pim_combined_coarse,machine_hall,10.0,2.0,8.68527,8.63794,76.3794
20260504T020331353Z,evalPimNoiseCalibration,MH05/quadrature,machine_hall_pim_combined_coarse,machine_hall,10.0,2.0,10.4645,8.63794,76.3794
20260504T020331353Z,evalPimNoiseCalibration,MH05/tangent,machine_hall_pim_combined_coarse,machine_hall,10.0,2.0,9.77908,8.63794,76.3794
20260504T020331353Z,evalPimNoiseCalibration,MH01/quadrature,machine_hall_pim_combined_coarse,machine_hall,10.0,3.0,3.93455,4.06665,30.6665
20260504T020331353Z,evalPimNoiseCalibration,MH01/tangent,machine_hall_pim_combined_coarse,machine_hall,10.0,3.0,3.47191,4.06665,30.6665
20260504T020331353Z,evalPimNoiseCalibration,MH02/quadrature,machine_hall_pim_combined_coarse,machine_hall,10.0,3.0,3.21488,4.06665,30.6665
20260504T020331353Z,evalPimNoiseCalibration,MH02/tangent,machine_hall_pim_combined_coarse,machine_hall,10.0,3.0,2.92145,4.06665,30.6665
20260504T020331353Z,evalPimNoiseCalibration,MH03/quadrature,machine_hall_pim_combined_coarse,machine_hall,10.0,3.0,4.51212,4.06665,30.6665
20260504T020331353Z,evalPimNoiseCalibration,MH03/tangent,machine_hall_pim_combined_coarse,machine_hall,10.0,3.0,4.2747,4.06665,30.6665
20260504T020331353Z,evalPimNoiseCalibration,MH04/quadrature,machine_hall_pim_combined_coarse,machine_hall,10.0,3.0,4.79614,4.06665,30.6665
20260504T020331353Z,evalPimNoiseCalibration,MH04/tangent,machine_hall_pim_combined_coarse,machine_hall,10.0,3.0,4.07638,4.06665,30.6665
20260504T020331353Z,evalPimNoiseCalibration,MH05/quadrature,machine_hall_pim_combined_coarse,machine_hall,10.0,3.0,4.90199,4.06665,30.6665
20260504T020331353Z,evalPimNoiseCalibration,MH05/tangent,machine_hall_pim_combined_coarse,machine_hall,10.0,3.0,4.56239,4.06665,30.6665
20260504T020331353Z,evalPimNoiseCalibration,MH01/quadrature,machine_hall_pim_combined_coarse,machine_hall,10.0,5.0,1.47506,1.54521,5.45214
20260504T020331353Z,evalPimNoiseCalibration,MH01/tangent,machine_hall_pim_combined_coarse,machine_hall,10.0,5.0,1.37246,1.54521,5.45214
20260504T020331353Z,evalPimNoiseCalibration,MH02/quadrature,machine_hall_pim_combined_coarse,machine_hall,10.0,5.0,1.19793,1.54521,5.45214
20260504T020331353Z,evalPimNoiseCalibration,MH02/tangent,machine_hall_pim_combined_coarse,machine_hall,10.0,5.0,1.10358,1.54521,5.45214
20260504T020331353Z,evalPimNoiseCalibration,MH03/quadrature,machine_hall_pim_combined_coarse,machine_hall,10.0,5.0,1.69093,1.54521,5.45214
20260504T020331353Z,evalPimNoiseCalibration,MH03/tangent,machine_hall_pim_combined_coarse,machine_hall,10.0,5.0,1.67362,1.54521,5.45214
20260504T020331353Z,evalPimNoiseCalibration,MH04/quadrature,machine_hall_pim_combined_coarse,machine_hall,10.0,5.0,1.79179,1.54521,5.45214
20260504T020331353Z,evalPimNoiseCalibration,MH04/tangent,machine_hall_pim_combined_coarse,machine_hall,10.0,5.0,1.56591,1.54521,5.45214
20260504T020331353Z,evalPimNoiseCalibration,MH05/quadrature,machine_hall_pim_combined_coarse,machine_hall,10.0,5.0,1.83729,1.54521,5.45214
20260504T020331353Z,evalPimNoiseCalibration,MH05/tangent,machine_hall_pim_combined_coarse,machine_hall,10.0,5.0,1.74357,1.54521,5.45214
20260504T020331353Z,evalPimNoiseCalibration,MH01/quadrature,machine_hall_pim_combined_coarse,machine_hall,10.0,7.0,0.769975,0.818018,1.81982
20260504T020331353Z,evalPimNoiseCalibration,MH01/tangent,machine_hall_pim_combined_coarse,machine_hall,10.0,7.0,0.752474,0.818018,1.81982
20260504T020331353Z,evalPimNoiseCalibration,MH02/quadrature,machine_hall_pim_combined_coarse,machine_hall,10.0,7.0,0.622196,0.818018,1.81982
20260504T020331353Z,evalPimNoiseCalibration,MH02/tangent,machine_hall_pim_combined_coarse,machine_hall,10.0,7.0,0.596738,0.818018,1.81982
20260504T020331353Z,evalPimNoiseCalibration,MH03/quadrature,machine_hall_pim_combined_coarse,machine_hall,10.0,7.0,0.87517,0.818018,1.81982
20260504T020331353Z,evalPimNoiseCalibration,MH03/tangent,machine_hall_pim_combined_coarse,machine_hall,10.0,7.0,0.927665,0.818018,1.81982
20260504T020331353Z,evalPimNoiseCalibration,MH04/quadrature,machine_hall_pim_combined_coarse,machine_hall,10.0,7.0,0.925747,0.818018,1.81982
20260504T020331353Z,evalPimNoiseCalibration,MH04/tangent,machine_hall_pim_combined_coarse,machine_hall,10.0,7.0,0.826175,0.818018,1.81982
20260504T020331353Z,evalPimNoiseCalibration,MH05/quadrature,machine_hall_pim_combined_coarse,machine_hall,10.0,7.0,0.955269,0.818018,1.81982
20260504T020331353Z,evalPimNoiseCalibration,MH05/tangent,machine_hall_pim_combined_coarse,machine_hall,10.0,7.0,0.928769,0.818018,1.81982
20260504T020331353Z,evalPimNoiseCalibration,MH01/quadrature,machine_hall_pim_combined_coarse,machine_hall,10.0,10.0,0.389517,0.427756,5.72244
20260504T020331353Z,evalPimNoiseCalibration,MH01/tangent,machine_hall_pim_combined_coarse,machine_hall,10.0,10.0,0.42242,0.427756,5.72244
20260504T020331353Z,evalPimNoiseCalibration,MH02/quadrature,machine_hall_pim_combined_coarse,machine_hall,10.0,10.0,0.312087,0.427756,5.72244
20260504T020331353Z,evalPimNoiseCalibration,MH02/tangent,machine_hall_pim_combined_coarse,machine_hall,10.0,10.0,0.325493,0.427756,5.72244
20260504T020331353Z,evalPimNoiseCalibration,MH03/quadrature,machine_hall_pim_combined_coarse,machine_hall,10.0,10.0,0.433059,0.427756,5.72244
20260504T020331353Z,evalPimNoiseCalibration,MH03/tangent,machine_hall_pim_combined_coarse,machine_hall,10.0,10.0,0.516022,0.427756,5.72244
20260504T020331353Z,evalPimNoiseCalibration,MH04/quadrature,machine_hall_pim_combined_coarse,machine_hall,10.0,10.0,0.458422,0.427756,5.72244
20260504T020331353Z,evalPimNoiseCalibration,MH04/tangent,machine_hall_pim_combined_coarse,machine_hall,10.0,10.0,0.44273,0.427756,5.72244
20260504T020331353Z,evalPimNoiseCalibration,MH05/quadrature,machine_hall_pim_combined_coarse,machine_hall,10.0,10.0,0.484733,0.427756,5.72244
20260504T020331353Z,evalPimNoiseCalibration,MH05/tangent,machine_hall_pim_combined_coarse,machine_hall,10.0,10.0,0.493074,0.427756,5.72244
20260504T020331353Z,evalPimNoiseCalibration,MH01/quadrature,machine_hall_pim_combined_coarse,machine_hall,10.0,13.0,0.237834,0.273738,7.26262
20260504T020331353Z,evalPimNoiseCalibration,MH01/tangent,machine_hall_pim_combined_coarse,machine_hall,10.0,13.0,0.285421,0.273738,7.26262
20260504T020331353Z,evalPimNoiseCalibration,MH02/quadrature,machine_hall_pim_combined_coarse,machine_hall,10.0,13.0,0.189511,0.273738,7.26262
20260504T020331353Z,evalPimNoiseCalibration,MH02/tangent,machine_hall_pim_combined_coarse,machine_hall,10.0,13.0,0.216589,0.273738,7.26262
20260504T020331353Z,evalPimNoiseCalibration,MH03/quadrature,machine_hall_pim_combined_coarse,machine_hall,10.0,13.0,0.265856,0.273738,7.26262
20260504T020331353Z,evalPimNoiseCalibration,MH03/tangent,machine_hall_pim_combined_coarse,machine_hall,10.0,13.0,0.351232,0.273738,7.26262
20260504T020331353Z,evalPimNoiseCalibration,MH04/quadrature,machine_hall_pim_combined_coarse,machine_hall,10.0,13.0,0.280544,0.273738,7.26262
20260504T020331353Z,evalPimNoiseCalibration,MH04/tangent,machine_hall_pim_combined_coarse,machine_hall,10.0,13.0,0.295364,0.273738,7.26262
20260504T020331353Z,evalPimNoiseCalibration,MH05/quadrature,machine_hall_pim_combined_coarse,machine_hall,10.0,13.0,0.293594,0.273738,7.26262
20260504T020331353Z,evalPimNoiseCalibration,MH05/tangent,machine_hall_pim_combined_coarse,machine_hall,10.0,13.0,0.321432,0.273738,7.26262
20260504T020331353Z,evalPimNoiseCalibration,MH01/quadrature,machine_hall_pim_combined_coarse,machine_hall,13.0,0.5,61.7336,65.8978,648.978
20260504T020331353Z,evalPimNoiseCalibration,MH01/tangent,machine_hall_pim_combined_coarse,machine_hall,13.0,0.5,54.3068,65.8978,648.978
20260504T020331353Z,evalPimNoiseCalibration,MH02/quadrature,machine_hall_pim_combined_coarse,machine_hall,13.0,0.5,50.7047,65.8978,648.978
20260504T020331353Z,evalPimNoiseCalibration,MH02/tangent,machine_hall_pim_combined_coarse,machine_hall,13.0,0.5,43.8909,65.8978,648.978
20260504T020331353Z,evalPimNoiseCalibration,MH03/quadrature,machine_hall_pim_combined_coarse,machine_hall,13.0,0.5,80.2656,65.8978,648.978
20260504T020331353Z,evalPimNoiseCalibration,MH03/tangent,machine_hall_pim_combined_coarse,machine_hall,13.0,0.5,70.3498,65.8978,648.978
20260504T020331353Z,evalPimNoiseCalibration,MH04/quadrature,machine_hall_pim_combined_coarse,machine_hall,13.0,0.5,76.137,65.8978,648.978
20260504T020331353Z,evalPimNoiseCalibration,MH04/tangent,machine_hall_pim_combined_coarse,machine_hall,13.0,0.5,62.6526,65.8978,648.978
20260504T020331353Z,evalPimNoiseCalibration,MH05/quadrature,machine_hall_pim_combined_coarse,machine_hall,13.0,0.5,83.9051,65.8978,648.978
20260504T020331353Z,evalPimNoiseCalibration,MH05/tangent,machine_hall_pim_combined_coarse,machine_hall,13.0,0.5,75.0316,65.8978,648.978
20260504T020331353Z,evalPimNoiseCalibration,MH01/quadrature,machine_hall_pim_combined_coarse,machine_hall,13.0,1.0,25.6142,26.9115,259.115
20260504T020331353Z,evalPimNoiseCalibration,MH01/tangent,machine_hall_pim_combined_coarse,machine_hall,13.0,1.0,22.0365,26.9115,259.115
20260504T020331353Z,evalPimNoiseCalibration,MH02/quadrature,machine_hall_pim_combined_coarse,machine_hall,13.0,1.0,20.7864,26.9115,259.115
20260504T020331353Z,evalPimNoiseCalibration,MH02/tangent,machine_hall_pim_combined_coarse,machine_hall,13.0,1.0,19.6238,26.9115,259.115
20260504T020331353Z,evalPimNoiseCalibration,MH03/quadrature,machine_hall_pim_combined_coarse,machine_hall,13.0,1.0,30.7818,26.9115,259.115
20260504T020331353Z,evalPimNoiseCalibration,MH03/tangent,machine_hall_pim_combined_coarse,machine_hall,13.0,1.0,28.216,26.9115,259.115
20260504T020331353Z,evalPimNoiseCalibration,MH04/quadrature,machine_hall_pim_combined_coarse,machine_hall,13.0,1.0,31.648,26.9115,259.115
20260504T020331353Z,evalPimNoiseCalibration,MH04/tangent,machine_hall_pim_combined_coarse,machine_hall,13.0,1.0,26.8228,26.9115,259.115
20260504T020331353Z,evalPimNoiseCalibration,MH05/quadrature,machine_hall_pim_combined_coarse,machine_hall,13.0,1.0,33.4472,26.9115,259.115
20260504T020331353Z,evalPimNoiseCalibration,MH05/tangent,machine_hall_pim_combined_coarse,machine_hall,13.0,1.0,30.1383,26.9115,259.115
20260504T020331353Z,evalPimNoiseCalibration,MH01/quadrature,machine_hall_pim_combined_coarse,machine_hall,13.0,2.0,8.25309,8.5035,75.035
20260504T020331353Z,evalPimNoiseCalibration,MH01/tangent,machine_hall_pim_combined_coarse,machine_hall,13.0,2.0,7.14308,8.5035,75.035
20260504T020331353Z,evalPimNoiseCalibration,MH02/quadrature,machine_hall_pim_combined_coarse,machine_hall,13.0,2.0,6.69375,8.5035,75.035
20260504T020331353Z,evalPimNoiseCalibration,MH02/tangent,machine_hall_pim_combined_coarse,machine_hall,13.0,2.0,6.12089,8.5035,75.035
20260504T020331353Z,evalPimNoiseCalibration,MH03/quadrature,machine_hall_pim_combined_coarse,machine_hall,13.0,2.0,9.52522,8.5035,75.035
20260504T020331353Z,evalPimNoiseCalibration,MH03/tangent,machine_hall_pim_combined_coarse,machine_hall,13.0,2.0,8.82809,8.5035,75.035
20260504T020331353Z,evalPimNoiseCalibration,MH04/quadrature,machine_hall_pim_combined_coarse,machine_hall,13.0,2.0,9.88916,8.5035,75.035
20260504T020331353Z,evalPimNoiseCalibration,MH04/tangent,machine_hall_pim_combined_coarse,machine_hall,13.0,2.0,8.55977,8.5035,75.035
20260504T020331353Z,evalPimNoiseCalibration,MH05/quadrature,machine_hall_pim_combined_coarse,machine_hall,13.0,2.0,10.3843,8.5035,75.035
20260504T020331353Z,evalPimNoiseCalibration,MH05/tangent,machine_hall_pim_combined_coarse,machine_hall,13.0,2.0,9.63769,8.5035,75.035
20260504T020331353Z,evalPimNoiseCalibration,MH01/quadrature,machine_hall_pim_combined_coarse,machine_hall,13.0,3.0,3.90463,4.02748,30.2748
20260504T020331353Z,evalPimNoiseCalibration,MH01/tangent,machine_hall_pim_combined_coarse,machine_hall,13.0,3.0,3.39073,4.02748,30.2748
20260504T020331353Z,evalPimNoiseCalibration,MH02/quadrature,machine_hall_pim_combined_coarse,machine_hall,13.0,3.0,3.18813,4.02748,30.2748
20260504T020331353Z,evalPimNoiseCalibration,MH02/tangent,machine_hall_pim_combined_coarse,machine_hall,13.0,3.0,2.87961,4.02748,30.2748
20260504T020331353Z,evalPimNoiseCalibration,MH03/quadrature,machine_hall_pim_combined_coarse,machine_hall,13.0,3.0,4.47771,4.02748,30.2748
20260504T020331353Z,evalPimNoiseCalibration,MH03/tangent,machine_hall_pim_combined_coarse,machine_hall,13.0,3.0,4.22073,4.02748,30.2748
20260504T020331353Z,evalPimNoiseCalibration,MH04/quadrature,machine_hall_pim_combined_coarse,machine_hall,13.0,3.0,4.75313,4.02748,30.2748
20260504T020331353Z,evalPimNoiseCalibration,MH04/tangent,machine_hall_pim_combined_coarse,machine_hall,13.0,3.0,4.03879,4.02748,30.2748
20260504T020331353Z,evalPimNoiseCalibration,MH05/quadrature,machine_hall_pim_combined_coarse,machine_hall,13.0,3.0,4.86932,4.02748,30.2748
20260504T020331353Z,evalPimNoiseCalibration,MH05/tangent,machine_hall_pim_combined_coarse,machine_hall,13.0,3.0,4.55197,4.02748,30.2748
20260504T020331353Z,evalPimNoiseCalibration,MH01/quadrature,machine_hall_pim_combined_coarse,machine_hall,13.0,5.0,1.46536,1.52181,5.21808
20260504T020331353Z,evalPimNoiseCalibration,MH01/tangent,machine_hall_pim_combined_coarse,machine_hall,13.0,5.0,1.32728,1.52181,5.21808
20260504T020331353Z,evalPimNoiseCalibration,MH02/quadrature,machine_hall_pim_combined_coarse,machine_hall,13.0,5.0,1.19079,1.52181,5.21808
20260504T020331353Z,evalPimNoiseCalibration,MH02/tangent,machine_hall_pim_combined_coarse,machine_hall,13.0,5.0,1.08643,1.52181,5.21808
20260504T020331353Z,evalPimNoiseCalibration,MH03/quadrature,machine_hall_pim_combined_coarse,machine_hall,13.0,5.0,1.67011,1.52181,5.21808
20260504T020331353Z,evalPimNoiseCalibration,MH03/tangent,machine_hall_pim_combined_coarse,machine_hall,13.0,5.0,1.61131,1.52181,5.21808
20260504T020331353Z,evalPimNoiseCalibration,MH04/quadrature,machine_hall_pim_combined_coarse,machine_hall,13.0,5.0,1.78841,1.52181,5.21808
20260504T020331353Z,evalPimNoiseCalibration,MH04/tangent,machine_hall_pim_combined_coarse,machine_hall,13.0,5.0,1.5194,1.52181,5.21808
20260504T020331353Z,evalPimNoiseCalibration,MH05/quadrature,machine_hall_pim_combined_coarse,machine_hall,13.0,5.0,1.82492,1.52181,5.21808
20260504T020331353Z,evalPimNoiseCalibration,MH05/tangent,machine_hall_pim_combined_coarse,machine_hall,13.0,5.0,1.73409,1.52181,5.21808
20260504T020331353Z,evalPimNoiseCalibration,MH01/quadrature,machine_hall_pim_combined_coarse,machine_hall,13.0,7.0,0.761802,0.798227,2.01773
20260504T020331353Z,evalPimNoiseCalibration,MH01/tangent,machine_hall_pim_combined_coarse,machine_hall,13.0,7.0,0.712184,0.798227,2.01773
20260504T020331353Z,evalPimNoiseCalibration,MH02/quadrature,machine_hall_pim_combined_coarse,machine_hall,13.0,7.0,0.616926,0.798227,2.01773
20260504T020331353Z,evalPimNoiseCalibration,MH02/tangent,machine_hall_pim_combined_coarse,machine_hall,13.0,7.0,0.569508,0.798227,2.01773
20260504T020331353Z,evalPimNoiseCalibration,MH03/quadrature,machine_hall_pim_combined_coarse,machine_hall,13.0,7.0,0.871362,0.798227,2.01773
20260504T020331353Z,evalPimNoiseCalibration,MH03/tangent,machine_hall_pim_combined_coarse,machine_hall,13.0,7.0,0.874745,0.798227,2.01773
20260504T020331353Z,evalPimNoiseCalibration,MH04/quadrature,machine_hall_pim_combined_coarse,machine_hall,13.0,7.0,0.923482,0.798227,2.01773
20260504T020331353Z,evalPimNoiseCalibration,MH04/tangent,machine_hall_pim_combined_coarse,machine_hall,13.0,7.0,0.802996,0.798227,2.01773
20260504T020331353Z,evalPimNoiseCalibration,MH05/quadrature,machine_hall_pim_combined_coarse,machine_hall,13.0,7.0,0.944784,0.798227,2.01773
20260504T020331353Z,evalPimNoiseCalibration,MH05/tangent,machine_hall_pim_combined_coarse,machine_hall,13.0,7.0,0.904479,0.798227,2.01773
20260504T020331353Z,evalPimNoiseCalibration,MH01/quadrature,machine_hall_pim_combined_coarse,machine_hall,13.0,10.0,0.381334,0.407259,5.92741
20260504T020331353Z,evalPimNoiseCalibration,MH01/tangent,machine_hall_pim_combined_coarse,machine_hall,13.0,10.0,0.379129,0.407259,5.92741
20260504T020331353Z,evalPimNoiseCalibration,MH02/quadrature,machine_hall_pim_combined_coarse,machine_hall,13.0,10.0,0.306681,0.407259,5.92741
20260504T020331353Z,evalPimNoiseCalibration,MH02/tangent,machine_hall_pim_combined_coarse,machine_hall,13.0,10.0,0.29898,0.407259,5.92741
20260504T020331353Z,evalPimNoiseCalibration,MH03/quadrature,machine_hall_pim_combined_coarse,machine_hall,13.0,10.0,0.430605,0.407259,5.92741
20260504T020331353Z,evalPimNoiseCalibration,MH03/tangent,machine_hall_pim_combined_coarse,machine_hall,13.0,10.0,0.467229,0.407259,5.92741
20260504T020331353Z,evalPimNoiseCalibration,MH04/quadrature,machine_hall_pim_combined_coarse,machine_hall,13.0,10.0,0.456465,0.407259,5.92741
20260504T020331353Z,evalPimNoiseCalibration,MH04/tangent,machine_hall_pim_combined_coarse,machine_hall,13.0,10.0,0.41254,0.407259,5.92741
20260504T020331353Z,evalPimNoiseCalibration,MH05/quadrature,machine_hall_pim_combined_coarse,machine_hall,13.0,10.0,0.475329,0.407259,5.92741
20260504T020331353Z,evalPimNoiseCalibration,MH05/tangent,machine_hall_pim_combined_coarse,machine_hall,13.0,10.0,0.464299,0.407259,5.92741
20260504T020331353Z,evalPimNoiseCalibration,MH01/quadrature,machine_hall_pim_combined_coarse,machine_hall,13.0,13.0,0.230749,0.253431,7.46569
20260504T020331353Z,evalPimNoiseCalibration,MH01/tangent,machine_hall_pim_combined_coarse,machine_hall,13.0,13.0,0.250505,0.253431,7.46569
20260504T020331353Z,evalPimNoiseCalibration,MH02/quadrature,machine_hall_pim_combined_coarse,machine_hall,13.0,13.0,0.184707,0.253431,7.46569
20260504T020331353Z,evalPimNoiseCalibration,MH02/tangent,machine_hall_pim_combined_coarse,machine_hall,13.0,13.0,0.192893,0.253431,7.46569
20260504T020331353Z,evalPimNoiseCalibration,MH03/quadrature,machine_hall_pim_combined_coarse,machine_hall,13.0,13.0,0.256441,0.253431,7.46569
20260504T020331353Z,evalPimNoiseCalibration,MH03/tangent,machine_hall_pim_combined_coarse,machine_hall,13.0,13.0,0.305706,0.253431,7.46569
20260504T020331353Z,evalPimNoiseCalibration,MH04/quadrature,machine_hall_pim_combined_coarse,machine_hall,13.0,13.0,0.271804,0.253431,7.46569
20260504T020331353Z,evalPimNoiseCalibration,MH04/tangent,machine_hall_pim_combined_coarse,machine_hall,13.0,13.0,0.262336,0.253431,7.46569
20260504T020331353Z,evalPimNoiseCalibration,MH05/quadrature,machine_hall_pim_combined_coarse,machine_hall,13.0,13.0,0.287139,0.253431,7.46569
20260504T020331353Z,evalPimNoiseCalibration,MH05/tangent,machine_hall_pim_combined_coarse,machine_hall,13.0,13.0,0.29203,0.253431,7.46569
20260504T020331353Z,evalPimNoiseCalibration,MH01,machine_hall_pim_quadrature_coarse,machine_hall,0.5,0.5,90.7804,105.777,523.886
20260504T020331353Z,evalPimNoiseCalibration,MH02,machine_hall_pim_quadrature_coarse,machine_hall,0.5,0.5,76.9597,105.777,523.886
20260504T020331353Z,evalPimNoiseCalibration,MH03,machine_hall_pim_quadrature_coarse,machine_hall,0.5,0.5,125.163,105.777,523.886
20260504T020331353Z,evalPimNoiseCalibration,MH04,machine_hall_pim_quadrature_coarse,machine_hall,0.5,0.5,115.338,105.777,523.886
20260504T020331353Z,evalPimNoiseCalibration,MH05,machine_hall_pim_quadrature_coarse,machine_hall,0.5,0.5,120.646,105.777,523.886
20260504T020331353Z,evalPimNoiseCalibration,MH01,machine_hall_pim_quadrature_coarse,machine_hall,0.5,1.0,36.571,40.1955,195.977
20260504T020331353Z,evalPimNoiseCalibration,MH02,machine_hall_pim_quadrature_coarse,machine_hall,0.5,1.0,30.2474,40.1955,195.977
20260504T020331353Z,evalPimNoiseCalibration,MH03,machine_hall_pim_quadrature_coarse,machine_hall,0.5,1.0,44.132,40.1955,195.977
20260504T020331353Z,evalPimNoiseCalibration,MH04,machine_hall_pim_quadrature_coarse,machine_hall,0.5,1.0,43.9186,40.1955,195.977
20260504T020331353Z,evalPimNoiseCalibration,MH05,machine_hall_pim_quadrature_coarse,machine_hall,0.5,1.0,46.1083,40.1955,195.977
20260504T020331353Z,evalPimNoiseCalibration,MH01,machine_hall_pim_quadrature_coarse,machine_hall,0.5,2.0,16.0775,17.3522,81.7608
20260504T020331353Z,evalPimNoiseCalibration,MH02,machine_hall_pim_quadrature_coarse,machine_hall,0.5,2.0,12.65,17.3522,81.7608
20260504T020331353Z,evalPimNoiseCalibration,MH03,machine_hall_pim_quadrature_coarse,machine_hall,0.5,2.0,19.0219,17.3522,81.7608
20260504T020331353Z,evalPimNoiseCalibration,MH04,machine_hall_pim_quadrature_coarse,machine_hall,0.5,2.0,19.376,17.3522,81.7608
20260504T020331353Z,evalPimNoiseCalibration,MH05,machine_hall_pim_quadrature_coarse,machine_hall,0.5,2.0,19.6353,17.3522,81.7608
20260504T020331353Z,evalPimNoiseCalibration,MH01,machine_hall_pim_quadrature_coarse,machine_hall,0.5,3.0,10.2028,11.5848,52.9238
20260504T020331353Z,evalPimNoiseCalibration,MH02,machine_hall_pim_quadrature_coarse,machine_hall,0.5,3.0,8.35183,11.5848,52.9238
20260504T020331353Z,evalPimNoiseCalibration,MH03,machine_hall_pim_quadrature_coarse,machine_hall,0.5,3.0,13.031,11.5848,52.9238
20260504T020331353Z,evalPimNoiseCalibration,MH04,machine_hall_pim_quadrature_coarse,machine_hall,0.5,3.0,13.4465,11.5848,52.9238
20260504T020331353Z,evalPimNoiseCalibration,MH05,machine_hall_pim_quadrature_coarse,machine_hall,0.5,3.0,12.8916,11.5848,52.9238
20260504T020331353Z,evalPimNoiseCalibration,MH01,machine_hall_pim_quadrature_coarse,machine_hall,0.5,5.0,7.48583,8.16285,35.8143
20260504T020331353Z,evalPimNoiseCalibration,MH02,machine_hall_pim_quadrature_coarse,machine_hall,0.5,5.0,5.87216,8.16285,35.8143
20260504T020331353Z,evalPimNoiseCalibration,MH03,machine_hall_pim_quadrature_coarse,machine_hall,0.5,5.0,9.16456,8.16285,35.8143
20260504T020331353Z,evalPimNoiseCalibration,MH04,machine_hall_pim_quadrature_coarse,machine_hall,0.5,5.0,9.55924,8.16285,35.8143
20260504T020331353Z,evalPimNoiseCalibration,MH05,machine_hall_pim_quadrature_coarse,machine_hall,0.5,5.0,8.73246,8.16285,35.8143
20260504T020331353Z,evalPimNoiseCalibration,MH01,machine_hall_pim_quadrature_coarse,machine_hall,0.5,7.0,6.42801,7.06938,30.3469
20260504T020331353Z,evalPimNoiseCalibration,MH02,machine_hall_pim_quadrature_coarse,machine_hall,0.5,7.0,5.32595,7.06938,30.3469
20260504T020331353Z,evalPimNoiseCalibration,MH03,machine_hall_pim_quadrature_coarse,machine_hall,0.5,7.0,7.83879,7.06938,30.3469
20260504T020331353Z,evalPimNoiseCalibration,MH04,machine_hall_pim_quadrature_coarse,machine_hall,0.5,7.0,8.37833,7.06938,30.3469
20260504T020331353Z,evalPimNoiseCalibration,MH05,machine_hall_pim_quadrature_coarse,machine_hall,0.5,7.0,7.37584,7.06938,30.3469
20260504T020331353Z,evalPimNoiseCalibration,MH01,machine_hall_pim_quadrature_coarse,machine_hall,0.5,10.0,5.67732,6.25998,26.2999
20260504T020331353Z,evalPimNoiseCalibration,MH02,machine_hall_pim_quadrature_coarse,machine_hall,0.5,10.0,4.85105,6.25998,26.2999
20260504T020331353Z,evalPimNoiseCalibration,MH03,machine_hall_pim_quadrature_coarse,machine_hall,0.5,10.0,6.89619,6.25998,26.2999
20260504T020331353Z,evalPimNoiseCalibration,MH04,machine_hall_pim_quadrature_coarse,machine_hall,0.5,10.0,7.29725,6.25998,26.2999
20260504T020331353Z,evalPimNoiseCalibration,MH05,machine_hall_pim_quadrature_coarse,machine_hall,0.5,10.0,6.57812,6.25998,26.2999
20260504T020331353Z,evalPimNoiseCalibration,MH01,machine_hall_pim_quadrature_coarse,machine_hall,0.5,13.0,5.47707,5.96431,24.8215
20260504T020331353Z,evalPimNoiseCalibration,MH02,machine_hall_pim_quadrature_coarse,machine_hall,0.5,13.0,4.66024,5.96431,24.8215
20260504T020331353Z,evalPimNoiseCalibration,MH03,machine_hall_pim_quadrature_coarse,machine_hall,0.5,13.0,6.43559,5.96431,24.8215
20260504T020331353Z,evalPimNoiseCalibration,MH04,machine_hall_pim_quadrature_coarse,machine_hall,0.5,13.0,6.94633,5.96431,24.8215
20260504T020331353Z,evalPimNoiseCalibration,MH05,machine_hall_pim_quadrature_coarse,machine_hall,0.5,13.0,6.30231,5.96431,24.8215
20260504T020331353Z,evalPimNoiseCalibration,MH01,machine_hall_pim_quadrature_coarse,machine_hall,1.0,0.5,86.9928,100.19,495.95
20260504T020331353Z,evalPimNoiseCalibration,MH02,machine_hall_pim_quadrature_coarse,machine_hall,1.0,0.5,71.9558,100.19,495.95
20260504T020331353Z,evalPimNoiseCalibration,MH03,machine_hall_pim_quadrature_coarse,machine_hall,1.0,0.5,115.635,100.19,495.95
20260504T020331353Z,evalPimNoiseCalibration,MH04,machine_hall_pim_quadrature_coarse,machine_hall,1.0,0.5,109.335,100.19,495.95
20260504T020331353Z,evalPimNoiseCalibration,MH05,machine_hall_pim_quadrature_coarse,machine_hall,1.0,0.5,117.031,100.19,495.95
20260504T020331353Z,evalPimNoiseCalibration,MH01,machine_hall_pim_quadrature_coarse,machine_hall,1.0,1.0,30.4735,33.5786,162.893
20260504T020331353Z,evalPimNoiseCalibration,MH02,machine_hall_pim_quadrature_coarse,machine_hall,1.0,1.0,24.9313,33.5786,162.893
20260504T020331353Z,evalPimNoiseCalibration,MH03,machine_hall_pim_quadrature_coarse,machine_hall,1.0,1.0,36.9631,33.5786,162.893
20260504T020331353Z,evalPimNoiseCalibration,MH04,machine_hall_pim_quadrature_coarse,machine_hall,1.0,1.0,36.454,33.5786,162.893
20260504T020331353Z,evalPimNoiseCalibration,MH05,machine_hall_pim_quadrature_coarse,machine_hall,1.0,1.0,39.0713,33.5786,162.893
20260504T020331353Z,evalPimNoiseCalibration,MH01,machine_hall_pim_quadrature_coarse,machine_hall,1.0,2.0,10.438,11.3497,51.7486
20260504T020331353Z,evalPimNoiseCalibration,MH02,machine_hall_pim_quadrature_coarse,machine_hall,1.0,2.0,8.59579,11.3497,51.7486
20260504T020331353Z,evalPimNoiseCalibration,MH03,machine_hall_pim_quadrature_coarse,machine_hall,1.0,2.0,12.0961,11.3497,51.7486
20260504T020331353Z,evalPimNoiseCalibration,MH04,machine_hall_pim_quadrature_coarse,machine_hall,1.0,2.0,12.6924,11.3497,51.7486
20260504T020331353Z,evalPimNoiseCalibration,MH05,machine_hall_pim_quadrature_coarse,machine_hall,1.0,2.0,12.9262,11.3497,51.7486
20260504T020331353Z,evalPimNoiseCalibration,MH01,machine_hall_pim_quadrature_coarse,machine_hall,1.0,3.0,5.95299,6.40408,27.0204
20260504T020331353Z,evalPimNoiseCalibration,MH02,machine_hall_pim_quadrature_coarse,machine_hall,1.0,3.0,4.83851,6.40408,27.0204
20260504T020331353Z,evalPimNoiseCalibration,MH03,machine_hall_pim_quadrature_coarse,machine_hall,1.0,3.0,6.78844,6.40408,27.0204
20260504T020331353Z,evalPimNoiseCalibration,MH04,machine_hall_pim_quadrature_coarse,machine_hall,1.0,3.0,7.25604,6.40408,27.0204
20260504T020331353Z,evalPimNoiseCalibration,MH05,machine_hall_pim_quadrature_coarse,machine_hall,1.0,3.0,7.18443,6.40408,27.0204
20260504T020331353Z,evalPimNoiseCalibration,MH01,machine_hall_pim_quadrature_coarse,machine_hall,1.0,5.0,3.20792,3.50325,12.5162
20260504T020331353Z,evalPimNoiseCalibration,MH02,machine_hall_pim_quadrature_coarse,machine_hall,1.0,5.0,2.52998,3.50325,12.5162
20260504T020331353Z,evalPimNoiseCalibration,MH03,machine_hall_pim_quadrature_coarse,machine_hall,1.0,5.0,3.87222,3.50325,12.5162
20260504T020331353Z,evalPimNoiseCalibration,MH04,machine_hall_pim_quadrature_coarse,machine_hall,1.0,5.0,3.91242,3.50325,12.5162
20260504T020331353Z,evalPimNoiseCalibration,MH05,machine_hall_pim_quadrature_coarse,machine_hall,1.0,5.0,3.9937,3.50325,12.5162
20260504T020331353Z,evalPimNoiseCalibration,MH01,machine_hall_pim_quadrature_coarse,machine_hall,1.0,7.0,2.33876,2.56942,7.84712
20260504T020331353Z,evalPimNoiseCalibration,MH02,machine_hall_pim_quadrature_coarse,machine_hall,1.0,7.0,1.82977,2.56942,7.84712
20260504T020331353Z,evalPimNoiseCalibration,MH03,machine_hall_pim_quadrature_coarse,machine_hall,1.0,7.0,2.90532,2.56942,7.84712
20260504T020331353Z,evalPimNoiseCalibration,MH04,machine_hall_pim_quadrature_coarse,machine_hall,1.0,7.0,2.95409,2.56942,7.84712
20260504T020331353Z,evalPimNoiseCalibration,MH05,machine_hall_pim_quadrature_coarse,machine_hall,1.0,7.0,2.81918,2.56942,7.84712
20260504T020331353Z,evalPimNoiseCalibration,MH01,machine_hall_pim_quadrature_coarse,machine_hall,1.0,10.0,1.88014,2.04839,5.24196
20260504T020331353Z,evalPimNoiseCalibration,MH02,machine_hall_pim_quadrature_coarse,machine_hall,1.0,10.0,1.47334,2.04839,5.24196
20260504T020331353Z,evalPimNoiseCalibration,MH03,machine_hall_pim_quadrature_coarse,machine_hall,1.0,10.0,2.30098,2.04839,5.24196
20260504T020331353Z,evalPimNoiseCalibration,MH04,machine_hall_pim_quadrature_coarse,machine_hall,1.0,10.0,2.39545,2.04839,5.24196
20260504T020331353Z,evalPimNoiseCalibration,MH05,machine_hall_pim_quadrature_coarse,machine_hall,1.0,10.0,2.19205,2.04839,5.24196
20260504T020331353Z,evalPimNoiseCalibration,MH01,machine_hall_pim_quadrature_coarse,machine_hall,1.0,13.0,1.67698,1.81598,4.07991
20260504T020331353Z,evalPimNoiseCalibration,MH02,machine_hall_pim_quadrature_coarse,machine_hall,1.0,13.0,1.34468,1.81598,4.07991
20260504T020331353Z,evalPimNoiseCalibration,MH03,machine_hall_pim_quadrature_coarse,machine_hall,1.0,13.0,2.03355,1.81598,4.07991
20260504T020331353Z,evalPimNoiseCalibration,MH04,machine_hall_pim_quadrature_coarse,machine_hall,1.0,13.0,2.13948,1.81598,4.07991
20260504T020331353Z,evalPimNoiseCalibration,MH05,machine_hall_pim_quadrature_coarse,machine_hall,1.0,13.0,1.88522,1.81598,4.07991
20260504T020331353Z,evalPimNoiseCalibration,MH01,machine_hall_pim_quadrature_coarse,machine_hall,2.0,0.5,84.373,98.2093,486.047
20260504T020331353Z,evalPimNoiseCalibration,MH02,machine_hall_pim_quadrature_coarse,machine_hall,2.0,0.5,70.0335,98.2093,486.047
20260504T020331353Z,evalPimNoiseCalibration,MH03,machine_hall_pim_quadrature_coarse,machine_hall,2.0,0.5,114.036,98.2093,486.047
20260504T020331353Z,evalPimNoiseCalibration,MH04,machine_hall_pim_quadrature_coarse,machine_hall,2.0,0.5,106.467,98.2093,486.047
20260504T020331353Z,evalPimNoiseCalibration,MH05,machine_hall_pim_quadrature_coarse,machine_hall,2.0,0.5,116.137,98.2093,486.047
20260504T020331353Z,evalPimNoiseCalibration,MH01,machine_hall_pim_quadrature_coarse,machine_hall,2.0,1.0,29.0429,31.8513,154.256
20260504T020331353Z,evalPimNoiseCalibration,MH02,machine_hall_pim_quadrature_coarse,machine_hall,2.0,1.0,24.099,31.8513,154.256
20260504T020331353Z,evalPimNoiseCalibration,MH03,machine_hall_pim_quadrature_coarse,machine_hall,2.0,1.0,34.9922,31.8513,154.256
20260504T020331353Z,evalPimNoiseCalibration,MH04,machine_hall_pim_quadrature_coarse,machine_hall,2.0,1.0,34.4238,31.8513,154.256
20260504T020331353Z,evalPimNoiseCalibration,MH05,machine_hall_pim_quadrature_coarse,machine_hall,2.0,1.0,36.6986,31.8513,154.256
20260504T020331353Z,evalPimNoiseCalibration,MH01,machine_hall_pim_quadrature_coarse,machine_hall,2.0,2.0,8.95506,9.68062,43.4031
20260504T020331353Z,evalPimNoiseCalibration,MH02,machine_hall_pim_quadrature_coarse,machine_hall,2.0,2.0,7.25837,9.68062,43.4031
20260504T020331353Z,evalPimNoiseCalibration,MH03,machine_hall_pim_quadrature_coarse,machine_hall,2.0,2.0,10.2516,9.68062,43.4031
20260504T020331353Z,evalPimNoiseCalibration,MH04,machine_hall_pim_quadrature_coarse,machine_hall,2.0,2.0,10.701,9.68062,43.4031
20260504T020331353Z,evalPimNoiseCalibration,MH05,machine_hall_pim_quadrature_coarse,machine_hall,2.0,2.0,11.2371,9.68062,43.4031
20260504T020331353Z,evalPimNoiseCalibration,MH01,machine_hall_pim_quadrature_coarse,machine_hall,2.0,3.0,4.37705,4.75269,18.7635
20260504T020331353Z,evalPimNoiseCalibration,MH02,machine_hall_pim_quadrature_coarse,machine_hall,2.0,3.0,3.53306,4.75269,18.7635
20260504T020331353Z,evalPimNoiseCalibration,MH03,machine_hall_pim_quadrature_coarse,machine_hall,2.0,3.0,5.077,4.75269,18.7635
20260504T020331353Z,evalPimNoiseCalibration,MH04,machine_hall_pim_quadrature_coarse,machine_hall,2.0,3.0,5.22741,4.75269,18.7635
20260504T020331353Z,evalPimNoiseCalibration,MH05,machine_hall_pim_quadrature_coarse,machine_hall,2.0,3.0,5.54893,4.75269,18.7635
20260504T020331353Z,evalPimNoiseCalibration,MH01,machine_hall_pim_quadrature_coarse,machine_hall,2.0,5.0,1.96017,2.10098,5.50492
20260504T020331353Z,evalPimNoiseCalibration,MH02,machine_hall_pim_quadrature_coarse,machine_hall,2.0,5.0,1.62215,2.10098,5.50492
20260504T020331353Z,evalPimNoiseCalibration,MH03,machine_hall_pim_quadrature_coarse,machine_hall,2.0,5.0,2.22821,2.10098,5.50492
20260504T020331353Z,evalPimNoiseCalibration,MH04,machine_hall_pim_quadrature_coarse,machine_hall,2.0,5.0,2.35081,2.10098,5.50492
20260504T020331353Z,evalPimNoiseCalibration,MH05,machine_hall_pim_quadrature_coarse,machine_hall,2.0,5.0,2.34357,2.10098,5.50492
20260504T020331353Z,evalPimNoiseCalibration,MH01,machine_hall_pim_quadrature_coarse,machine_hall,2.0,7.0,1.24381,1.33001,1.67181
20260504T020331353Z,evalPimNoiseCalibration,MH02,machine_hall_pim_quadrature_coarse,machine_hall,2.0,7.0,0.989114,1.33001,1.67181
20260504T020331353Z,evalPimNoiseCalibration,MH03,machine_hall_pim_quadrature_coarse,machine_hall,2.0,7.0,1.41073,1.33001,1.67181
20260504T020331353Z,evalPimNoiseCalibration,MH04,machine_hall_pim_quadrature_coarse,machine_hall,2.0,7.0,1.49128,1.33001,1.67181
20260504T020331353Z,evalPimNoiseCalibration,MH05,machine_hall_pim_quadrature_coarse,machine_hall,2.0,7.0,1.51511,1.33001,1.67181
20260504T020331353Z,evalPimNoiseCalibration,MH01,machine_hall_pim_quadrature_coarse,machine_hall,2.0,10.0,0.806631,0.879305,0.610693
20260504T020331353Z,evalPimNoiseCalibration,MH02,machine_hall_pim_quadrature_coarse,machine_hall,2.0,10.0,0.634107,0.879305,0.610693
20260504T020331353Z,evalPimNoiseCalibration,MH03,machine_hall_pim_quadrature_coarse,machine_hall,2.0,10.0,0.972688,0.879305,0.610693
20260504T020331353Z,evalPimNoiseCalibration,MH04,machine_hall_pim_quadrature_coarse,machine_hall,2.0,10.0,0.97949,0.879305,0.610693
20260504T020331353Z,evalPimNoiseCalibration,MH05,machine_hall_pim_quadrature_coarse,machine_hall,2.0,10.0,1.00361,0.879305,0.610693
20260504T020331353Z,evalPimNoiseCalibration,MH01,machine_hall_pim_quadrature_coarse,machine_hall,2.0,13.0,0.6164,0.687113,1.56443
20260504T020331353Z,evalPimNoiseCalibration,MH02,machine_hall_pim_quadrature_coarse,machine_hall,2.0,13.0,0.49254,0.687113,1.56443
20260504T020331353Z,evalPimNoiseCalibration,MH03,machine_hall_pim_quadrature_coarse,machine_hall,2.0,13.0,0.772592,0.687113,1.56443
20260504T020331353Z,evalPimNoiseCalibration,MH04,machine_hall_pim_quadrature_coarse,machine_hall,2.0,13.0,0.792078,0.687113,1.56443
20260504T020331353Z,evalPimNoiseCalibration,MH05,machine_hall_pim_quadrature_coarse,machine_hall,2.0,13.0,0.761957,0.687113,1.56443
20260504T020331353Z,evalPimNoiseCalibration,MH01,machine_hall_pim_quadrature_coarse,machine_hall,3.0,0.5,82.519,96.4745,477.373
20260504T020331353Z,evalPimNoiseCalibration,MH02,machine_hall_pim_quadrature_coarse,machine_hall,3.0,0.5,68.6205,96.4745,477.373
20260504T020331353Z,evalPimNoiseCalibration,MH03,machine_hall_pim_quadrature_coarse,machine_hall,3.0,0.5,112.962,96.4745,477.373
20260504T020331353Z,evalPimNoiseCalibration,MH04,machine_hall_pim_quadrature_coarse,machine_hall,3.0,0.5,104.064,96.4745,477.373
20260504T020331353Z,evalPimNoiseCalibration,MH05,machine_hall_pim_quadrature_coarse,machine_hall,3.0,0.5,114.208,96.4745,477.373
20260504T020331353Z,evalPimNoiseCalibration,MH01,machine_hall_pim_quadrature_coarse,machine_hall,3.0,1.0,28.5692,31.4162,152.081
20260504T020331353Z,evalPimNoiseCalibration,MH02,machine_hall_pim_quadrature_coarse,machine_hall,3.0,1.0,23.7129,31.4162,152.081
20260504T020331353Z,evalPimNoiseCalibration,MH03,machine_hall_pim_quadrature_coarse,machine_hall,3.0,1.0,34.4804,31.4162,152.081
20260504T020331353Z,evalPimNoiseCalibration,MH04,machine_hall_pim_quadrature_coarse,machine_hall,3.0,1.0,34.1762,31.4162,152.081
20260504T020331353Z,evalPimNoiseCalibration,MH05,machine_hall_pim_quadrature_coarse,machine_hall,3.0,1.0,36.1423,31.4162,152.081
20260504T020331353Z,evalPimNoiseCalibration,MH01,machine_hall_pim_quadrature_coarse,machine_hall,3.0,2.0,8.63332,9.42265,42.1132
20260504T020331353Z,evalPimNoiseCalibration,MH02,machine_hall_pim_quadrature_coarse,machine_hall,3.0,2.0,7.05745,9.42265,42.1132
20260504T020331353Z,evalPimNoiseCalibration,MH03,machine_hall_pim_quadrature_coarse,machine_hall,3.0,2.0,10.0784,9.42265,42.1132
20260504T020331353Z,evalPimNoiseCalibration,MH04,machine_hall_pim_quadrature_coarse,machine_hall,3.0,2.0,10.3589,9.42265,42.1132
20260504T020331353Z,evalPimNoiseCalibration,MH05,machine_hall_pim_quadrature_coarse,machine_hall,3.0,2.0,10.9851,9.42265,42.1132
20260504T020331353Z,evalPimNoiseCalibration,MH01,machine_hall_pim_quadrature_coarse,machine_hall,3.0,3.0,4.14277,4.4588,17.294
20260504T020331353Z,evalPimNoiseCalibration,MH02,machine_hall_pim_quadrature_coarse,machine_hall,3.0,3.0,3.35538,4.4588,17.294
20260504T020331353Z,evalPimNoiseCalibration,MH03,machine_hall_pim_quadrature_coarse,machine_hall,3.0,3.0,4.67473,4.4588,17.294
20260504T020331353Z,evalPimNoiseCalibration,MH04,machine_hall_pim_quadrature_coarse,machine_hall,3.0,3.0,4.89541,4.4588,17.294
20260504T020331353Z,evalPimNoiseCalibration,MH05,machine_hall_pim_quadrature_coarse,machine_hall,3.0,3.0,5.2257,4.4588,17.294
20260504T020331353Z,evalPimNoiseCalibration,MH01,machine_hall_pim_quadrature_coarse,machine_hall,3.0,5.0,1.6557,1.79719,3.98593
20260504T020331353Z,evalPimNoiseCalibration,MH02,machine_hall_pim_quadrature_coarse,machine_hall,3.0,5.0,1.33454,1.79719,3.98593
20260504T020331353Z,evalPimNoiseCalibration,MH03,machine_hall_pim_quadrature_coarse,machine_hall,3.0,5.0,1.91314,1.79719,3.98593
20260504T020331353Z,evalPimNoiseCalibration,MH04,machine_hall_pim_quadrature_coarse,machine_hall,3.0,5.0,1.99637,1.79719,3.98593
20260504T020331353Z,evalPimNoiseCalibration,MH05,machine_hall_pim_quadrature_coarse,machine_hall,3.0,5.0,2.08617,1.79719,3.98593
20260504T020331353Z,evalPimNoiseCalibration,MH01,machine_hall_pim_quadrature_coarse,machine_hall,3.0,7.0,0.970262,1.03891,0.671527
20260504T020331353Z,evalPimNoiseCalibration,MH02,machine_hall_pim_quadrature_coarse,machine_hall,3.0,7.0,0.791241,1.03891,0.671527
20260504T020331353Z,evalPimNoiseCalibration,MH03,machine_hall_pim_quadrature_coarse,machine_hall,3.0,7.0,1.11038,1.03891,0.671527
20260504T020331353Z,evalPimNoiseCalibration,MH04,machine_hall_pim_quadrature_coarse,machine_hall,3.0,7.0,1.15744,1.03891,0.671527
20260504T020331353Z,evalPimNoiseCalibration,MH05,machine_hall_pim_quadrature_coarse,machine_hall,3.0,7.0,1.16521,1.03891,0.671527
20260504T020331353Z,evalPimNoiseCalibration,MH01,machine_hall_pim_quadrature_coarse,machine_hall,3.0,10.0,0.5888,0.628708,1.85646
20260504T020331353Z,evalPimNoiseCalibration,MH02,machine_hall_pim_quadrature_coarse,machine_hall,3.0,10.0,0.472275,0.628708,1.85646
20260504T020331353Z,evalPimNoiseCalibration,MH03,machine_hall_pim_quadrature_coarse,machine_hall,3.0,10.0,0.667188,0.628708,1.85646
20260504T020331353Z,evalPimNoiseCalibration,MH04,machine_hall_pim_quadrature_coarse,machine_hall,3.0,10.0,0.707358,0.628708,1.85646
20260504T020331353Z,evalPimNoiseCalibration,MH05,machine_hall_pim_quadrature_coarse,machine_hall,3.0,10.0,0.707917,0.628708,1.85646
20260504T020331353Z,evalPimNoiseCalibration,MH01,machine_hall_pim_quadrature_coarse,machine_hall,3.0,13.0,0.424543,0.458112,2.70944
20260504T020331353Z,evalPimNoiseCalibration,MH02,machine_hall_pim_quadrature_coarse,machine_hall,3.0,13.0,0.331967,0.458112,2.70944
20260504T020331353Z,evalPimNoiseCalibration,MH03,machine_hall_pim_quadrature_coarse,machine_hall,3.0,13.0,0.501034,0.458112,2.70944
20260504T020331353Z,evalPimNoiseCalibration,MH04,machine_hall_pim_quadrature_coarse,machine_hall,3.0,13.0,0.510296,0.458112,2.70944
20260504T020331353Z,evalPimNoiseCalibration,MH05,machine_hall_pim_quadrature_coarse,machine_hall,3.0,13.0,0.522723,0.458112,2.70944
20260504T020331353Z,evalPimNoiseCalibration,MH01,machine_hall_pim_quadrature_coarse,machine_hall,5.0,0.5,78.2784,90.4157,447.079
20260504T020331353Z,evalPimNoiseCalibration,MH02,machine_hall_pim_quadrature_coarse,machine_hall,5.0,0.5,65.6933,90.4157,447.079
20260504T020331353Z,evalPimNoiseCalibration,MH03,machine_hall_pim_quadrature_coarse,machine_hall,5.0,0.5,102.651,90.4157,447.079
20260504T020331353Z,evalPimNoiseCalibration,MH04,machine_hall_pim_quadrature_coarse,machine_hall,5.0,0.5,98.7665,90.4157,447.079
20260504T020331353Z,evalPimNoiseCalibration,MH05,machine_hall_pim_quadrature_coarse,machine_hall,5.0,0.5,106.689,90.4157,447.079
20260504T020331353Z,evalPimNoiseCalibration,MH01,machine_hall_pim_quadrature_coarse,machine_hall,5.0,1.0,28.0295,30.8591,149.296
20260504T020331353Z,evalPimNoiseCalibration,MH02,machine_hall_pim_quadrature_coarse,machine_hall,5.0,1.0,23.0544,30.8591,149.296
20260504T020331353Z,evalPimNoiseCalibration,MH03,machine_hall_pim_quadrature_coarse,machine_hall,5.0,1.0,33.8225,30.8591,149.296
20260504T020331353Z,evalPimNoiseCalibration,MH04,machine_hall_pim_quadrature_coarse,machine_hall,5.0,1.0,33.8797,30.8591,149.296
20260504T020331353Z,evalPimNoiseCalibration,MH05,machine_hall_pim_quadrature_coarse,machine_hall,5.0,1.0,35.5095,30.8591,149.296
20260504T020331353Z,evalPimNoiseCalibration,MH01,machine_hall_pim_quadrature_coarse,machine_hall,5.0,2.0,8.4755,9.26127,41.3063
20260504T020331353Z,evalPimNoiseCalibration,MH02,machine_hall_pim_quadrature_coarse,machine_hall,5.0,2.0,6.97388,9.26127,41.3063
20260504T020331353Z,evalPimNoiseCalibration,MH03,machine_hall_pim_quadrature_coarse,machine_hall,5.0,2.0,9.98269,9.26127,41.3063
20260504T020331353Z,evalPimNoiseCalibration,MH04,machine_hall_pim_quadrature_coarse,machine_hall,5.0,2.0,10.195,9.26127,41.3063
20260504T020331353Z,evalPimNoiseCalibration,MH05,machine_hall_pim_quadrature_coarse,machine_hall,5.0,2.0,10.6793,9.26127,41.3063
20260504T020331353Z,evalPimNoiseCalibration,MH01,machine_hall_pim_quadrature_coarse,machine_hall,5.0,3.0,4.01838,4.33698,16.6849
20260504T020331353Z,evalPimNoiseCalibration,MH02,machine_hall_pim_quadrature_coarse,machine_hall,5.0,3.0,3.26824,4.33698,16.6849
20260504T020331353Z,evalPimNoiseCalibration,MH03,machine_hall_pim_quadrature_coarse,machine_hall,5.0,3.0,4.57944,4.33698,16.6849
20260504T020331353Z,evalPimNoiseCalibration,MH04,machine_hall_pim_quadrature_coarse,machine_hall,5.0,3.0,4.82196,4.33698,16.6849
20260504T020331353Z,evalPimNoiseCalibration,MH05,machine_hall_pim_quadrature_coarse,machine_hall,5.0,3.0,4.99688,4.33698,16.6849
20260504T020331353Z,evalPimNoiseCalibration,MH01,machine_hall_pim_quadrature_coarse,machine_hall,5.0,5.0,1.54232,1.64556,3.22779
20260504T020331353Z,evalPimNoiseCalibration,MH02,machine_hall_pim_quadrature_coarse,machine_hall,5.0,5.0,1.23309,1.64556,3.22779
20260504T020331353Z,evalPimNoiseCalibration,MH03,machine_hall_pim_quadrature_coarse,machine_hall,5.0,5.0,1.72159,1.64556,3.22779
20260504T020331353Z,evalPimNoiseCalibration,MH04,machine_hall_pim_quadrature_coarse,machine_hall,5.0,5.0,1.80712,1.64556,3.22779
20260504T020331353Z,evalPimNoiseCalibration,MH05,machine_hall_pim_quadrature_coarse,machine_hall,5.0,5.0,1.92368,1.64556,3.22779
20260504T020331353Z,evalPimNoiseCalibration,MH01,machine_hall_pim_quadrature_coarse,machine_hall,5.0,7.0,0.827736,0.884583,0.647441
20260504T020331353Z,evalPimNoiseCalibration,MH02,machine_hall_pim_quadrature_coarse,machine_hall,5.0,7.0,0.658384,0.884583,0.647441
20260504T020331353Z,evalPimNoiseCalibration,MH03,machine_hall_pim_quadrature_coarse,machine_hall,5.0,7.0,0.927702,0.884583,0.647441
20260504T020331353Z,evalPimNoiseCalibration,MH04,machine_hall_pim_quadrature_coarse,machine_hall,5.0,7.0,0.973914,0.884583,0.647441
20260504T020331353Z,evalPimNoiseCalibration,MH05,machine_hall_pim_quadrature_coarse,machine_hall,5.0,7.0,1.03518,0.884583,0.647441
20260504T020331353Z,evalPimNoiseCalibration,MH01,machine_hall_pim_quadrature_coarse,machine_hall,5.0,10.0,0.442908,0.479695,2.60152
20260504T020331353Z,evalPimNoiseCalibration,MH02,machine_hall_pim_quadrature_coarse,machine_hall,5.0,10.0,0.361763,0.479695,2.60152
20260504T020331353Z,evalPimNoiseCalibration,MH03,machine_hall_pim_quadrature_coarse,machine_hall,5.0,10.0,0.506134,0.479695,2.60152
20260504T020331353Z,evalPimNoiseCalibration,MH04,machine_hall_pim_quadrature_coarse,machine_hall,5.0,10.0,0.536803,0.479695,2.60152
20260504T020331353Z,evalPimNoiseCalibration,MH05,machine_hall_pim_quadrature_coarse,machine_hall,5.0,10.0,0.550869,0.479695,2.60152
20260504T020331353Z,evalPimNoiseCalibration,MH01,machine_hall_pim_quadrature_coarse,machine_hall,5.0,13.0,0.296629,0.319088,3.40456
20260504T020331353Z,evalPimNoiseCalibration,MH02,machine_hall_pim_quadrature_coarse,machine_hall,5.0,13.0,0.246641,0.319088,3.40456
20260504T020331353Z,evalPimNoiseCalibration,MH03,machine_hall_pim_quadrature_coarse,machine_hall,5.0,13.0,0.34187,0.319088,3.40456
20260504T020331353Z,evalPimNoiseCalibration,MH04,machine_hall_pim_quadrature_coarse,machine_hall,5.0,13.0,0.354751,0.319088,3.40456
20260504T020331353Z,evalPimNoiseCalibration,MH05,machine_hall_pim_quadrature_coarse,machine_hall,5.0,13.0,0.355552,0.319088,3.40456
20260504T020331353Z,evalPimNoiseCalibration,MH01,machine_hall_pim_quadrature_coarse,machine_hall,7.0,0.5,73.7195,84.5956,417.978
20260504T020331353Z,evalPimNoiseCalibration,MH02,machine_hall_pim_quadrature_coarse,machine_hall,7.0,0.5,62.2553,84.5956,417.978
20260504T020331353Z,evalPimNoiseCalibration,MH03,machine_hall_pim_quadrature_coarse,machine_hall,7.0,0.5,95.8435,84.5956,417.978
20260504T020331353Z,evalPimNoiseCalibration,MH04,machine_hall_pim_quadrature_coarse,machine_hall,7.0,0.5,92.0132,84.5956,417.978
20260504T020331353Z,evalPimNoiseCalibration,MH05,machine_hall_pim_quadrature_coarse,machine_hall,7.0,0.5,99.1465,84.5956,417.978
20260504T020331353Z,evalPimNoiseCalibration,MH01,machine_hall_pim_quadrature_coarse,machine_hall,7.0,1.0,27.3729,30.3957,146.978
20260504T020331353Z,evalPimNoiseCalibration,MH02,machine_hall_pim_quadrature_coarse,machine_hall,7.0,1.0,22.7036,30.3957,146.978
20260504T020331353Z,evalPimNoiseCalibration,MH03,machine_hall_pim_quadrature_coarse,machine_hall,7.0,1.0,33.2425,30.3957,146.978
20260504T020331353Z,evalPimNoiseCalibration,MH04,machine_hall_pim_quadrature_coarse,machine_hall,7.0,1.0,33.4179,30.3957,146.978
20260504T020331353Z,evalPimNoiseCalibration,MH05,machine_hall_pim_quadrature_coarse,machine_hall,7.0,1.0,35.2415,30.3957,146.978
20260504T020331353Z,evalPimNoiseCalibration,MH01,machine_hall_pim_quadrature_coarse,machine_hall,7.0,2.0,8.43569,9.1868,40.934
20260504T020331353Z,evalPimNoiseCalibration,MH02,machine_hall_pim_quadrature_coarse,machine_hall,7.0,2.0,6.91005,9.1868,40.934
20260504T020331353Z,evalPimNoiseCalibration,MH03,machine_hall_pim_quadrature_coarse,machine_hall,7.0,2.0,9.87687,9.1868,40.934
20260504T020331353Z,evalPimNoiseCalibration,MH04,machine_hall_pim_quadrature_coarse,machine_hall,7.0,2.0,10.1559,9.1868,40.934
20260504T020331353Z,evalPimNoiseCalibration,MH05,machine_hall_pim_quadrature_coarse,machine_hall,7.0,2.0,10.5555,9.1868,40.934
20260504T020331353Z,evalPimNoiseCalibration,MH01,machine_hall_pim_quadrature_coarse,machine_hall,7.0,3.0,3.96337,4.2989,16.4945
20260504T020331353Z,evalPimNoiseCalibration,MH02,machine_hall_pim_quadrature_coarse,machine_hall,7.0,3.0,3.23721,4.2989,16.4945
20260504T020331353Z,evalPimNoiseCalibration,MH03,machine_hall_pim_quadrature_coarse,machine_hall,7.0,3.0,4.55102,4.2989,16.4945
20260504T020331353Z,evalPimNoiseCalibration,MH04,machine_hall_pim_quadrature_coarse,machine_hall,7.0,3.0,4.80912,4.2989,16.4945
20260504T020331353Z,evalPimNoiseCalibration,MH05,machine_hall_pim_quadrature_coarse,machine_hall,7.0,3.0,4.93378,4.2989,16.4945
20260504T020331353Z,evalPimNoiseCalibration,MH01,machine_hall_pim_quadrature_coarse,machine_hall,7.0,5.0,1.50004,1.61795,3.08975
20260504T020331353Z,evalPimNoiseCalibration,MH02,machine_hall_pim_quadrature_coarse,machine_hall,7.0,5.0,1.21197,1.61795,3.08975
20260504T020331353Z,evalPimNoiseCalibration,MH03,machine_hall_pim_quadrature_coarse,machine_hall,7.0,5.0,1.70689,1.61795,3.08975
20260504T020331353Z,evalPimNoiseCalibration,MH04,machine_hall_pim_quadrature_coarse,machine_hall,7.0,5.0,1.79767,1.61795,3.08975
20260504T020331353Z,evalPimNoiseCalibration,MH05,machine_hall_pim_quadrature_coarse,machine_hall,7.0,5.0,1.87318,1.61795,3.08975
20260504T020331353Z,evalPimNoiseCalibration,MH01,machine_hall_pim_quadrature_coarse,machine_hall,7.0,7.0,0.792619,0.845604,0.771981
20260504T020331353Z,evalPimNoiseCalibration,MH02,machine_hall_pim_quadrature_coarse,machine_hall,7.0,7.0,0.635988,0.845604,0.771981
20260504T020331353Z,evalPimNoiseCalibration,MH03,machine_hall_pim_quadrature_coarse,machine_hall,7.0,7.0,0.882116,0.845604,0.771981
20260504T020331353Z,evalPimNoiseCalibration,MH04,machine_hall_pim_quadrature_coarse,machine_hall,7.0,7.0,0.930784,0.845604,0.771981
20260504T020331353Z,evalPimNoiseCalibration,MH05,machine_hall_pim_quadrature_coarse,machine_hall,7.0,7.0,0.986513,0.845604,0.771981
20260504T020331353Z,evalPimNoiseCalibration,MH01,machine_hall_pim_quadrature_coarse,machine_hall,7.0,10.0,0.408202,0.437109,2.81446
20260504T020331353Z,evalPimNoiseCalibration,MH02,machine_hall_pim_quadrature_coarse,machine_hall,7.0,10.0,0.32431,0.437109,2.81446
20260504T020331353Z,evalPimNoiseCalibration,MH03,machine_hall_pim_quadrature_coarse,machine_hall,7.0,10.0,0.458332,0.437109,2.81446
20260504T020331353Z,evalPimNoiseCalibration,MH04,machine_hall_pim_quadrature_coarse,machine_hall,7.0,10.0,0.481742,0.437109,2.81446
20260504T020331353Z,evalPimNoiseCalibration,MH05,machine_hall_pim_quadrature_coarse,machine_hall,7.0,10.0,0.512958,0.437109,2.81446
20260504T020331353Z,evalPimNoiseCalibration,MH01,machine_hall_pim_quadrature_coarse,machine_hall,7.0,13.0,0.255408,0.277119,3.6144
20260504T020331353Z,evalPimNoiseCalibration,MH02,machine_hall_pim_quadrature_coarse,machine_hall,7.0,13.0,0.206871,0.277119,3.6144
20260504T020331353Z,evalPimNoiseCalibration,MH03,machine_hall_pim_quadrature_coarse,machine_hall,7.0,13.0,0.291361,0.277119,3.6144
20260504T020331353Z,evalPimNoiseCalibration,MH04,machine_hall_pim_quadrature_coarse,machine_hall,7.0,13.0,0.310272,0.277119,3.6144
20260504T020331353Z,evalPimNoiseCalibration,MH05,machine_hall_pim_quadrature_coarse,machine_hall,7.0,13.0,0.321686,0.277119,3.6144
20260504T020331353Z,evalPimNoiseCalibration,MH01,machine_hall_pim_quadrature_coarse,machine_hall,10.0,0.5,66.0718,76.3653,376.827
20260504T020331353Z,evalPimNoiseCalibration,MH02,machine_hall_pim_quadrature_coarse,machine_hall,10.0,0.5,55.4981,76.3653,376.827
20260504T020331353Z,evalPimNoiseCalibration,MH03,machine_hall_pim_quadrature_coarse,machine_hall,10.0,0.5,87.132,76.3653,376.827
20260504T020331353Z,evalPimNoiseCalibration,MH04,machine_hall_pim_quadrature_coarse,machine_hall,10.0,0.5,82.768,76.3653,376.827
20260504T020331353Z,evalPimNoiseCalibration,MH05,machine_hall_pim_quadrature_coarse,machine_hall,10.0,0.5,90.3568,76.3653,376.827
20260504T020331353Z,evalPimNoiseCalibration,MH01,machine_hall_pim_quadrature_coarse,machine_hall,10.0,1.0,26.605,29.3375,141.687
20260504T020331353Z,evalPimNoiseCalibration,MH02,machine_hall_pim_quadrature_coarse,machine_hall,10.0,1.0,21.739,29.3375,141.687
20260504T020331353Z,evalPimNoiseCalibration,MH03,machine_hall_pim_quadrature_coarse,machine_hall,10.0,1.0,32.2121,29.3375,141.687
20260504T020331353Z,evalPimNoiseCalibration,MH04,machine_hall_pim_quadrature_coarse,machine_hall,10.0,1.0,32.1321,29.3375,141.687
20260504T020331353Z,evalPimNoiseCalibration,MH05,machine_hall_pim_quadrature_coarse,machine_hall,10.0,1.0,33.9992,29.3375,141.687
20260504T020331353Z,evalPimNoiseCalibration,MH01,machine_hall_pim_quadrature_coarse,machine_hall,10.0,2.0,8.4032,9.08562,40.4281
20260504T020331353Z,evalPimNoiseCalibration,MH02,machine_hall_pim_quadrature_coarse,machine_hall,10.0,2.0,6.80884,9.08562,40.4281
20260504T020331353Z,evalPimNoiseCalibration,MH03,machine_hall_pim_quadrature_coarse,machine_hall,10.0,2.0,9.72187,9.08562,40.4281
20260504T020331353Z,evalPimNoiseCalibration,MH04,machine_hall_pim_quadrature_coarse,machine_hall,10.0,2.0,10.0296,9.08562,40.4281
20260504T020331353Z,evalPimNoiseCalibration,MH05,machine_hall_pim_quadrature_coarse,machine_hall,10.0,2.0,10.4645,9.08562,40.4281
20260504T020331353Z,evalPimNoiseCalibration,MH01,machine_hall_pim_quadrature_coarse,machine_hall,10.0,3.0,3.93455,4.27193,16.3597
20260504T020331353Z,evalPimNoiseCalibration,MH02,machine_hall_pim_quadrature_coarse,machine_hall,10.0,3.0,3.21488,4.27193,16.3597
20260504T020331353Z,evalPimNoiseCalibration,MH03,machine_hall_pim_quadrature_coarse,machine_hall,10.0,3.0,4.51212,4.27193,16.3597
20260504T020331353Z,evalPimNoiseCalibration,MH04,machine_hall_pim_quadrature_coarse,machine_hall,10.0,3.0,4.79614,4.27193,16.3597
20260504T020331353Z,evalPimNoiseCalibration,MH05,machine_hall_pim_quadrature_coarse,machine_hall,10.0,3.0,4.90199,4.27193,16.3597
20260504T020331353Z,evalPimNoiseCalibration,MH01,machine_hall_pim_quadrature_coarse,machine_hall,10.0,5.0,1.47506,1.5986,2.99301
20260504T020331353Z,evalPimNoiseCalibration,MH02,machine_hall_pim_quadrature_coarse,machine_hall,10.0,5.0,1.19793,1.5986,2.99301
20260504T020331353Z,evalPimNoiseCalibration,MH03,machine_hall_pim_quadrature_coarse,machine_hall,10.0,5.0,1.69093,1.5986,2.99301
20260504T020331353Z,evalPimNoiseCalibration,MH04,machine_hall_pim_quadrature_coarse,machine_hall,10.0,5.0,1.79179,1.5986,2.99301
20260504T020331353Z,evalPimNoiseCalibration,MH05,machine_hall_pim_quadrature_coarse,machine_hall,10.0,5.0,1.83729,1.5986,2.99301
20260504T020331353Z,evalPimNoiseCalibration,MH01,machine_hall_pim_quadrature_coarse,machine_hall,10.0,7.0,0.769975,0.829671,0.851643
20260504T020331353Z,evalPimNoiseCalibration,MH02,machine_hall_pim_quadrature_coarse,machine_hall,10.0,7.0,0.622196,0.829671,0.851643
20260504T020331353Z,evalPimNoiseCalibration,MH03,machine_hall_pim_quadrature_coarse,machine_hall,10.0,7.0,0.87517,0.829671,0.851643
20260504T020331353Z,evalPimNoiseCalibration,MH04,machine_hall_pim_quadrature_coarse,machine_hall,10.0,7.0,0.925747,0.829671,0.851643
20260504T020331353Z,evalPimNoiseCalibration,MH05,machine_hall_pim_quadrature_coarse,machine_hall,10.0,7.0,0.955269,0.829671,0.851643
20260504T020331353Z,evalPimNoiseCalibration,MH01,machine_hall_pim_quadrature_coarse,machine_hall,10.0,10.0,0.389517,0.415564,2.92218
20260504T020331353Z,evalPimNoiseCalibration,MH02,machine_hall_pim_quadrature_coarse,machine_hall,10.0,10.0,0.312087,0.415564,2.92218
20260504T020331353Z,evalPimNoiseCalibration,MH03,machine_hall_pim_quadrature_coarse,machine_hall,10.0,10.0,0.433059,0.415564,2.92218
20260504T020331353Z,evalPimNoiseCalibration,MH04,machine_hall_pim_quadrature_coarse,machine_hall,10.0,10.0,0.458422,0.415564,2.92218
20260504T020331353Z,evalPimNoiseCalibration,MH05,machine_hall_pim_quadrature_coarse,machine_hall,10.0,10.0,0.484733,0.415564,2.92218
20260504T020331353Z,evalPimNoiseCalibration,MH01,machine_hall_pim_quadrature_coarse,machine_hall,10.0,13.0,0.237834,0.253468,3.73266
20260504T020331353Z,evalPimNoiseCalibration,MH02,machine_hall_pim_quadrature_coarse,machine_hall,10.0,13.0,0.189511,0.253468,3.73266
20260504T020331353Z,evalPimNoiseCalibration,MH03,machine_hall_pim_quadrature_coarse,machine_hall,10.0,13.0,0.265856,0.253468,3.73266
20260504T020331353Z,evalPimNoiseCalibration,MH04,machine_hall_pim_quadrature_coarse,machine_hall,10.0,13.0,0.280544,0.253468,3.73266
20260504T020331353Z,evalPimNoiseCalibration,MH05,machine_hall_pim_quadrature_coarse,machine_hall,10.0,13.0,0.293594,0.253468,3.73266
20260504T020331353Z,evalPimNoiseCalibration,MH01,machine_hall_pim_quadrature_coarse,machine_hall,13.0,0.5,61.7336,70.5492,347.746
20260504T020331353Z,evalPimNoiseCalibration,MH02,machine_hall_pim_quadrature_coarse,machine_hall,13.0,0.5,50.7047,70.5492,347.746
20260504T020331353Z,evalPimNoiseCalibration,MH03,machine_hall_pim_quadrature_coarse,machine_hall,13.0,0.5,80.2656,70.5492,347.746
20260504T020331353Z,evalPimNoiseCalibration,MH04,machine_hall_pim_quadrature_coarse,machine_hall,13.0,0.5,76.137,70.5492,347.746
20260504T020331353Z,evalPimNoiseCalibration,MH05,machine_hall_pim_quadrature_coarse,machine_hall,13.0,0.5,83.9051,70.5492,347.746
20260504T020331353Z,evalPimNoiseCalibration,MH01,machine_hall_pim_quadrature_coarse,machine_hall,13.0,1.0,25.6142,28.4555,137.278
20260504T020331353Z,evalPimNoiseCalibration,MH02,machine_hall_pim_quadrature_coarse,machine_hall,13.0,1.0,20.7864,28.4555,137.278
20260504T020331353Z,evalPimNoiseCalibration,MH03,machine_hall_pim_quadrature_coarse,machine_hall,13.0,1.0,30.7818,28.4555,137.278
20260504T020331353Z,evalPimNoiseCalibration,MH04,machine_hall_pim_quadrature_coarse,machine_hall,13.0,1.0,31.648,28.4555,137.278
20260504T020331353Z,evalPimNoiseCalibration,MH05,machine_hall_pim_quadrature_coarse,machine_hall,13.0,1.0,33.4472,28.4555,137.278
20260504T020331353Z,evalPimNoiseCalibration,MH01,machine_hall_pim_quadrature_coarse,machine_hall,13.0,2.0,8.25309,8.94911,39.7455
20260504T020331353Z,evalPimNoiseCalibration,MH02,machine_hall_pim_quadrature_coarse,machine_hall,13.0,2.0,6.69375,8.94911,39.7455
20260504T020331353Z,evalPimNoiseCalibration,MH03,machine_hall_pim_quadrature_coarse,machine_hall,13.0,2.0,9.52522,8.94911,39.7455
20260504T020331353Z,evalPimNoiseCalibration,MH04,machine_hall_pim_quadrature_coarse,machine_hall,13.0,2.0,9.88916,8.94911,39.7455
20260504T020331353Z,evalPimNoiseCalibration,MH05,machine_hall_pim_quadrature_coarse,machine_hall,13.0,2.0,10.3843,8.94911,39.7455
20260504T020331353Z,evalPimNoiseCalibration,MH01,machine_hall_pim_quadrature_coarse,machine_hall,13.0,3.0,3.90463,4.23858,16.1929
20260504T020331353Z,evalPimNoiseCalibration,MH02,machine_hall_pim_quadrature_coarse,machine_hall,13.0,3.0,3.18813,4.23858,16.1929
20260504T020331353Z,evalPimNoiseCalibration,MH03,machine_hall_pim_quadrature_coarse,machine_hall,13.0,3.0,4.47771,4.23858,16.1929
20260504T020331353Z,evalPimNoiseCalibration,MH04,machine_hall_pim_quadrature_coarse,machine_hall,13.0,3.0,4.75313,4.23858,16.1929
20260504T020331353Z,evalPimNoiseCalibration,MH05,machine_hall_pim_quadrature_coarse,machine_hall,13.0,3.0,4.86932,4.23858,16.1929
20260504T020331353Z,evalPimNoiseCalibration,MH01,machine_hall_pim_quadrature_coarse,machine_hall,13.0,5.0,1.46536,1.58792,2.93958
20260504T020331353Z,evalPimNoiseCalibration,MH02,machine_hall_pim_quadrature_coarse,machine_hall,13.0,5.0,1.19079,1.58792,2.93958
20260504T020331353Z,evalPimNoiseCalibration,MH03,machine_hall_pim_quadrature_coarse,machine_hall,13.0,5.0,1.67011,1.58792,2.93958
20260504T020331353Z,evalPimNoiseCalibration,MH04,machine_hall_pim_quadrature_coarse,machine_hall,13.0,5.0,1.78841,1.58792,2.93958
20260504T020331353Z,evalPimNoiseCalibration,MH05,machine_hall_pim_quadrature_coarse,machine_hall,13.0,5.0,1.82492,1.58792,2.93958
20260504T020331353Z,evalPimNoiseCalibration,MH01,machine_hall_pim_quadrature_coarse,machine_hall,13.0,7.0,0.761802,0.823671,0.881644
20260504T020331353Z,evalPimNoiseCalibration,MH02,machine_hall_pim_quadrature_coarse,machine_hall,13.0,7.0,0.616926,0.823671,0.881644
20260504T020331353Z,evalPimNoiseCalibration,MH03,machine_hall_pim_quadrature_coarse,machine_hall,13.0,7.0,0.871362,0.823671,0.881644
20260504T020331353Z,evalPimNoiseCalibration,MH04,machine_hall_pim_quadrature_coarse,machine_hall,13.0,7.0,0.923482,0.823671,0.881644
20260504T020331353Z,evalPimNoiseCalibration,MH05,machine_hall_pim_quadrature_coarse,machine_hall,13.0,7.0,0.944784,0.823671,0.881644
20260504T020331353Z,evalPimNoiseCalibration,MH01,machine_hall_pim_quadrature_coarse,machine_hall,13.0,10.0,0.381334,0.410083,2.94959
20260504T020331353Z,evalPimNoiseCalibration,MH02,machine_hall_pim_quadrature_coarse,machine_hall,13.0,10.0,0.306681,0.410083,2.94959
20260504T020331353Z,evalPimNoiseCalibration,MH03,machine_hall_pim_quadrature_coarse,machine_hall,13.0,10.0,0.430605,0.410083,2.94959
20260504T020331353Z,evalPimNoiseCalibration,MH04,machine_hall_pim_quadrature_coarse,machine_hall,13.0,10.0,0.456465,0.410083,2.94959
20260504T020331353Z,evalPimNoiseCalibration,MH05,machine_hall_pim_quadrature_coarse,machine_hall,13.0,10.0,0.475329,0.410083,2.94959
20260504T020331353Z,evalPimNoiseCalibration,MH01,machine_hall_pim_quadrature_coarse,machine_hall,13.0,13.0,0.230749,0.246168,3.76916
20260504T020331353Z,evalPimNoiseCalibration,MH02,machine_hall_pim_quadrature_coarse,machine_hall,13.0,13.0,0.184707,0.246168,3.76916
20260504T020331353Z,evalPimNoiseCalibration,MH03,machine_hall_pim_quadrature_coarse,machine_hall,13.0,13.0,0.256441,0.246168,3.76916
20260504T020331353Z,evalPimNoiseCalibration,MH04,machine_hall_pim_quadrature_coarse,machine_hall,13.0,13.0,0.271804,0.246168,3.76916
20260504T020331353Z,evalPimNoiseCalibration,MH05,machine_hall_pim_quadrature_coarse,machine_hall,13.0,13.0,0.287139,0.246168,3.76916
20260504T020331353Z,evalPimNoiseCalibration,MH01,machine_hall_pim_tangent_coarse,machine_hall,0.5,0.5,113.08,123.764,613.818
20260504T020331353Z,evalPimNoiseCalibration,MH02,machine_hall_pim_tangent_coarse,machine_hall,0.5,0.5,88.6944,123.764,613.818
20260504T020331353Z,evalPimNoiseCalibration,MH03,machine_hall_pim_tangent_coarse,machine_hall,0.5,0.5,155.178,123.764,613.818
20260504T020331353Z,evalPimNoiseCalibration,MH04,machine_hall_pim_tangent_coarse,machine_hall,0.5,0.5,122.374,123.764,613.818
20260504T020331353Z,evalPimNoiseCalibration,MH05,machine_hall_pim_tangent_coarse,machine_hall,0.5,0.5,139.491,123.764,613.818
20260504T020331353Z,evalPimNoiseCalibration,MH01,machine_hall_pim_tangent_coarse,machine_hall,0.5,1.0,54.8743,59.1824,290.912
20260504T020331353Z,evalPimNoiseCalibration,MH02,machine_hall_pim_tangent_coarse,machine_hall,0.5,1.0,42.4058,59.1824,290.912
20260504T020331353Z,evalPimNoiseCalibration,MH03,machine_hall_pim_tangent_coarse,machine_hall,0.5,1.0,80.8432,59.1824,290.912
20260504T020331353Z,evalPimNoiseCalibration,MH04,machine_hall_pim_tangent_coarse,machine_hall,0.5,1.0,59.746,59.1824,290.912
20260504T020331353Z,evalPimNoiseCalibration,MH05,machine_hall_pim_tangent_coarse,machine_hall,0.5,1.0,58.0424,59.1824,290.912
20260504T020331353Z,evalPimNoiseCalibration,MH01,machine_hall_pim_tangent_coarse,machine_hall,0.5,2.0,32.8451,33.5126,162.563
20260504T020331353Z,evalPimNoiseCalibration,MH02,machine_hall_pim_tangent_coarse,machine_hall,0.5,2.0,23.549,33.5126,162.563
20260504T020331353Z,evalPimNoiseCalibration,MH03,machine_hall_pim_tangent_coarse,machine_hall,0.5,2.0,46.0418,33.5126,162.563
20260504T020331353Z,evalPimNoiseCalibration,MH04,machine_hall_pim_tangent_coarse,machine_hall,0.5,2.0,35.2712,33.5126,162.563
20260504T020331353Z,evalPimNoiseCalibration,MH05,machine_hall_pim_tangent_coarse,machine_hall,0.5,2.0,29.856,33.5126,162.563
20260504T020331353Z,evalPimNoiseCalibration,MH01,machine_hall_pim_tangent_coarse,machine_hall,0.5,3.0,26.0842,26.4557,127.278
20260504T020331353Z,evalPimNoiseCalibration,MH02,machine_hall_pim_tangent_coarse,machine_hall,0.5,3.0,18.6015,26.4557,127.278
20260504T020331353Z,evalPimNoiseCalibration,MH03,machine_hall_pim_tangent_coarse,machine_hall,0.5,3.0,38.3149,26.4557,127.278
20260504T020331353Z,evalPimNoiseCalibration,MH04,machine_hall_pim_tangent_coarse,machine_hall,0.5,3.0,27.5616,26.4557,127.278
20260504T020331353Z,evalPimNoiseCalibration,MH05,machine_hall_pim_tangent_coarse,machine_hall,0.5,3.0,21.7161,26.4557,127.278
20260504T020331353Z,evalPimNoiseCalibration,MH01,machine_hall_pim_tangent_coarse,machine_hall,0.5,5.0,22.0549,21.7141,103.57
20260504T020331353Z,evalPimNoiseCalibration,MH02,machine_hall_pim_tangent_coarse,machine_hall,0.5,5.0,15.0673,21.7141,103.57
20260504T020331353Z,evalPimNoiseCalibration,MH03,machine_hall_pim_tangent_coarse,machine_hall,0.5,5.0,32.0569,21.7141,103.57
20260504T020331353Z,evalPimNoiseCalibration,MH04,machine_hall_pim_tangent_coarse,machine_hall,0.5,5.0,22.9954,21.7141,103.57
20260504T020331353Z,evalPimNoiseCalibration,MH05,machine_hall_pim_tangent_coarse,machine_hall,0.5,5.0,16.3959,21.7141,103.57
20260504T020331353Z,evalPimNoiseCalibration,MH01,machine_hall_pim_tangent_coarse,machine_hall,0.5,7.0,20.9884,20.185,95.9248
20260504T020331353Z,evalPimNoiseCalibration,MH02,machine_hall_pim_tangent_coarse,machine_hall,0.5,7.0,14.3593,20.185,95.9248
20260504T020331353Z,evalPimNoiseCalibration,MH03,machine_hall_pim_tangent_coarse,machine_hall,0.5,7.0,29.8574,20.185,95.9248
20260504T020331353Z,evalPimNoiseCalibration,MH04,machine_hall_pim_tangent_coarse,machine_hall,0.5,7.0,21.429,20.185,95.9248
20260504T020331353Z,evalPimNoiseCalibration,MH05,machine_hall_pim_tangent_coarse,machine_hall,0.5,7.0,14.2908,20.185,95.9248
20260504T020331353Z,evalPimNoiseCalibration,MH01,machine_hall_pim_tangent_coarse,machine_hall,0.5,10.0,20.6394,19.3366,91.683
20260504T020331353Z,evalPimNoiseCalibration,MH02,machine_hall_pim_tangent_coarse,machine_hall,0.5,10.0,13.8988,19.3366,91.683
20260504T020331353Z,evalPimNoiseCalibration,MH03,machine_hall_pim_tangent_coarse,machine_hall,0.5,10.0,28.6442,19.3366,91.683
20260504T020331353Z,evalPimNoiseCalibration,MH04,machine_hall_pim_tangent_coarse,machine_hall,0.5,10.0,20.1373,19.3366,91.683
20260504T020331353Z,evalPimNoiseCalibration,MH05,machine_hall_pim_tangent_coarse,machine_hall,0.5,10.0,13.3634,19.3366,91.683
20260504T020331353Z,evalPimNoiseCalibration,MH01,machine_hall_pim_tangent_coarse,machine_hall,0.5,13.0,20.5343,19.0869,90.4347
20260504T020331353Z,evalPimNoiseCalibration,MH02,machine_hall_pim_tangent_coarse,machine_hall,0.5,13.0,13.6371,19.0869,90.4347
20260504T020331353Z,evalPimNoiseCalibration,MH03,machine_hall_pim_tangent_coarse,machine_hall,0.5,13.0,28.2349,19.0869,90.4347
20260504T020331353Z,evalPimNoiseCalibration,MH04,machine_hall_pim_tangent_coarse,machine_hall,0.5,13.0,19.8458,19.0869,90.4347
20260504T020331353Z,evalPimNoiseCalibration,MH05,machine_hall_pim_tangent_coarse,machine_hall,0.5,13.0,13.1825,19.0869,90.4347
20260504T020331353Z,evalPimNoiseCalibration,MH01,machine_hall_pim_tangent_coarse,machine_hall,1.0,0.5,86.1351,97.6885,483.443
20260504T020331353Z,evalPimNoiseCalibration,MH02,machine_hall_pim_tangent_coarse,machine_hall,1.0,0.5,71.9753,97.6885,483.443
20260504T020331353Z,evalPimNoiseCalibration,MH03,machine_hall_pim_tangent_coarse,machine_hall,1.0,0.5,115.695,97.6885,483.443
20260504T020331353Z,evalPimNoiseCalibration,MH04,machine_hall_pim_tangent_coarse,machine_hall,1.0,0.5,101.356,97.6885,483.443
20260504T020331353Z,evalPimNoiseCalibration,MH05,machine_hall_pim_tangent_coarse,machine_hall,1.0,0.5,113.281,97.6885,483.443
20260504T020331353Z,evalPimNoiseCalibration,MH01,machine_hall_pim_tangent_coarse,machine_hall,1.0,1.0,34.6102,36.7117,178.559
20260504T020331353Z,evalPimNoiseCalibration,MH02,machine_hall_pim_tangent_coarse,machine_hall,1.0,1.0,27.5212,36.7117,178.559
20260504T020331353Z,evalPimNoiseCalibration,MH03,machine_hall_pim_tangent_coarse,machine_hall,1.0,1.0,43.9166,36.7117,178.559
20260504T020331353Z,evalPimNoiseCalibration,MH04,machine_hall_pim_tangent_coarse,machine_hall,1.0,1.0,36.8379,36.7117,178.559
20260504T020331353Z,evalPimNoiseCalibration,MH05,machine_hall_pim_tangent_coarse,machine_hall,1.0,1.0,40.6729,36.7117,178.559
20260504T020331353Z,evalPimNoiseCalibration,MH01,machine_hall_pim_tangent_coarse,machine_hall,1.0,2.0,15.0961,16.0135,75.0677
20260504T020331353Z,evalPimNoiseCalibration,MH02,machine_hall_pim_tangent_coarse,machine_hall,1.0,2.0,11.6366,16.0135,75.0677
20260504T020331353Z,evalPimNoiseCalibration,MH03,machine_hall_pim_tangent_coarse,machine_hall,1.0,2.0,21.2952,16.0135,75.0677
20260504T020331353Z,evalPimNoiseCalibration,MH04,machine_hall_pim_tangent_coarse,machine_hall,1.0,2.0,15.8691,16.0135,75.0677
20260504T020331353Z,evalPimNoiseCalibration,MH05,machine_hall_pim_tangent_coarse,machine_hall,1.0,2.0,16.1708,16.0135,75.0677
20260504T020331353Z,evalPimNoiseCalibration,MH01,machine_hall_pim_tangent_coarse,machine_hall,1.0,3.0,10.1755,10.7702,48.8511
20260504T020331353Z,evalPimNoiseCalibration,MH02,machine_hall_pim_tangent_coarse,machine_hall,1.0,3.0,7.62606,10.7702,48.8511
20260504T020331353Z,evalPimNoiseCalibration,MH03,machine_hall_pim_tangent_coarse,machine_hall,1.0,3.0,14.8285,10.7702,48.8511
20260504T020331353Z,evalPimNoiseCalibration,MH04,machine_hall_pim_tangent_coarse,machine_hall,1.0,3.0,11.0864,10.7702,48.8511
20260504T020331353Z,evalPimNoiseCalibration,MH05,machine_hall_pim_tangent_coarse,machine_hall,1.0,3.0,10.1346,10.7702,48.8511
20260504T020331353Z,evalPimNoiseCalibration,MH01,machine_hall_pim_tangent_coarse,machine_hall,1.0,5.0,7.14489,7.41444,32.0722
20260504T020331353Z,evalPimNoiseCalibration,MH02,machine_hall_pim_tangent_coarse,machine_hall,1.0,5.0,5.16915,7.41444,32.0722
20260504T020331353Z,evalPimNoiseCalibration,MH03,machine_hall_pim_tangent_coarse,machine_hall,1.0,5.0,10.4487,7.41444,32.0722
20260504T020331353Z,evalPimNoiseCalibration,MH04,machine_hall_pim_tangent_coarse,machine_hall,1.0,5.0,7.81703,7.41444,32.0722
20260504T020331353Z,evalPimNoiseCalibration,MH05,machine_hall_pim_tangent_coarse,machine_hall,1.0,5.0,6.49238,7.41444,32.0722
20260504T020331353Z,evalPimNoiseCalibration,MH01,machine_hall_pim_tangent_coarse,machine_hall,1.0,7.0,6.12888,6.14468,25.7234
20260504T020331353Z,evalPimNoiseCalibration,MH02,machine_hall_pim_tangent_coarse,machine_hall,1.0,7.0,4.32889,6.14468,25.7234
20260504T020331353Z,evalPimNoiseCalibration,MH03,machine_hall_pim_tangent_coarse,machine_hall,1.0,7.0,8.8743,6.14468,25.7234
20260504T020331353Z,evalPimNoiseCalibration,MH04,machine_hall_pim_tangent_coarse,machine_hall,1.0,7.0,6.46975,6.14468,25.7234
20260504T020331353Z,evalPimNoiseCalibration,MH05,machine_hall_pim_tangent_coarse,machine_hall,1.0,7.0,4.92157,6.14468,25.7234
20260504T020331353Z,evalPimNoiseCalibration,MH01,machine_hall_pim_tangent_coarse,machine_hall,1.0,10.0,5.52337,5.43661,22.183
20260504T020331353Z,evalPimNoiseCalibration,MH02,machine_hall_pim_tangent_coarse,machine_hall,1.0,10.0,3.7721,5.43661,22.183
20260504T020331353Z,evalPimNoiseCalibration,MH03,machine_hall_pim_tangent_coarse,machine_hall,1.0,10.0,8.0198,5.43661,22.183
20260504T020331353Z,evalPimNoiseCalibration,MH04,machine_hall_pim_tangent_coarse,machine_hall,1.0,10.0,5.76167,5.43661,22.183
20260504T020331353Z,evalPimNoiseCalibration,MH05,machine_hall_pim_tangent_coarse,machine_hall,1.0,10.0,4.1061,5.43661,22.183
20260504T020331353Z,evalPimNoiseCalibration,MH01,machine_hall_pim_tangent_coarse,machine_hall,1.0,13.0,5.27453,5.10232,20.5116
20260504T020331353Z,evalPimNoiseCalibration,MH02,machine_hall_pim_tangent_coarse,machine_hall,1.0,13.0,3.61722,5.10232,20.5116
20260504T020331353Z,evalPimNoiseCalibration,MH03,machine_hall_pim_tangent_coarse,machine_hall,1.0,13.0,7.53452,5.10232,20.5116
20260504T020331353Z,evalPimNoiseCalibration,MH04,machine_hall_pim_tangent_coarse,machine_hall,1.0,13.0,5.41552,5.10232,20.5116
20260504T020331353Z,evalPimNoiseCalibration,MH05,machine_hall_pim_tangent_coarse,machine_hall,1.0,13.0,3.6698,5.10232,20.5116
20260504T020331353Z,evalPimNoiseCalibration,MH01,machine_hall_pim_tangent_coarse,machine_hall,2.0,0.5,77.9967,89.4878,442.439
20260504T020331353Z,evalPimNoiseCalibration,MH02,machine_hall_pim_tangent_coarse,machine_hall,2.0,0.5,64.5208,89.4878,442.439
20260504T020331353Z,evalPimNoiseCalibration,MH03,machine_hall_pim_tangent_coarse,machine_hall,2.0,0.5,101.207,89.4878,442.439
20260504T020331353Z,evalPimNoiseCalibration,MH04,machine_hall_pim_tangent_coarse,machine_hall,2.0,0.5,95.7525,89.4878,442.439
20260504T020331353Z,evalPimNoiseCalibration,MH05,machine_hall_pim_tangent_coarse,machine_hall,2.0,0.5,107.962,89.4878,442.439
20260504T020331353Z,evalPimNoiseCalibration,MH01,machine_hall_pim_tangent_coarse,machine_hall,2.0,1.0,26.9416,30.3712,146.856
20260504T020331353Z,evalPimNoiseCalibration,MH02,machine_hall_pim_tangent_coarse,machine_hall,2.0,1.0,22.6368,30.3712,146.856
20260504T020331353Z,evalPimNoiseCalibration,MH03,machine_hall_pim_tangent_coarse,machine_hall,2.0,1.0,35.242,30.3712,146.856
20260504T020331353Z,evalPimNoiseCalibration,MH04,machine_hall_pim_tangent_coarse,machine_hall,2.0,1.0,31.6118,30.3712,146.856
20260504T020331353Z,evalPimNoiseCalibration,MH05,machine_hall_pim_tangent_coarse,machine_hall,2.0,1.0,35.4241,30.3712,146.856
20260504T020331353Z,evalPimNoiseCalibration,MH01,machine_hall_pim_tangent_coarse,machine_hall,2.0,2.0,9.75024,10.3603,46.8016
20260504T020331353Z,evalPimNoiseCalibration,MH02,machine_hall_pim_tangent_coarse,machine_hall,2.0,2.0,7.60966,10.3603,46.8016
20260504T020331353Z,evalPimNoiseCalibration,MH03,machine_hall_pim_tangent_coarse,machine_hall,2.0,2.0,12.349,10.3603,46.8016
20260504T020331353Z,evalPimNoiseCalibration,MH04,machine_hall_pim_tangent_coarse,machine_hall,2.0,2.0,10.3857,10.3603,46.8016
20260504T020331353Z,evalPimNoiseCalibration,MH05,machine_hall_pim_tangent_coarse,machine_hall,2.0,2.0,11.7069,10.3603,46.8016
20260504T020331353Z,evalPimNoiseCalibration,MH01,machine_hall_pim_tangent_coarse,machine_hall,2.0,3.0,5.66479,5.87102,24.3551
20260504T020331353Z,evalPimNoiseCalibration,MH02,machine_hall_pim_tangent_coarse,machine_hall,2.0,3.0,4.30309,5.87102,24.3551
20260504T020331353Z,evalPimNoiseCalibration,MH03,machine_hall_pim_tangent_coarse,machine_hall,2.0,3.0,7.2733,5.87102,24.3551
20260504T020331353Z,evalPimNoiseCalibration,MH04,machine_hall_pim_tangent_coarse,machine_hall,2.0,3.0,5.92488,5.87102,24.3551
20260504T020331353Z,evalPimNoiseCalibration,MH05,machine_hall_pim_tangent_coarse,machine_hall,2.0,3.0,6.18902,5.87102,24.3551
20260504T020331353Z,evalPimNoiseCalibration,MH01,machine_hall_pim_tangent_coarse,machine_hall,2.0,5.0,3.04638,3.24989,11.2495
20260504T020331353Z,evalPimNoiseCalibration,MH02,machine_hall_pim_tangent_coarse,machine_hall,2.0,5.0,2.34927,3.24989,11.2495
20260504T020331353Z,evalPimNoiseCalibration,MH03,machine_hall_pim_tangent_coarse,machine_hall,2.0,5.0,4.43917,3.24989,11.2495
20260504T020331353Z,evalPimNoiseCalibration,MH04,machine_hall_pim_tangent_coarse,machine_hall,2.0,5.0,3.24348,3.24989,11.2495
20260504T020331353Z,evalPimNoiseCalibration,MH05,machine_hall_pim_tangent_coarse,machine_hall,2.0,5.0,3.17115,3.24989,11.2495
20260504T020331353Z,evalPimNoiseCalibration,MH01,machine_hall_pim_tangent_coarse,machine_hall,2.0,7.0,2.30317,2.39327,6.96636
20260504T020331353Z,evalPimNoiseCalibration,MH02,machine_hall_pim_tangent_coarse,machine_hall,2.0,7.0,1.68991,2.39327,6.96636
20260504T020331353Z,evalPimNoiseCalibration,MH03,machine_hall_pim_tangent_coarse,machine_hall,2.0,7.0,3.29595,2.39327,6.96636
20260504T020331353Z,evalPimNoiseCalibration,MH04,machine_hall_pim_tangent_coarse,machine_hall,2.0,7.0,2.49703,2.39327,6.96636
20260504T020331353Z,evalPimNoiseCalibration,MH05,machine_hall_pim_tangent_coarse,machine_hall,2.0,7.0,2.1803,2.39327,6.96636
20260504T020331353Z,evalPimNoiseCalibration,MH01,machine_hall_pim_tangent_coarse,machine_hall,2.0,10.0,1.79572,1.85888,4.29438
20260504T020331353Z,evalPimNoiseCalibration,MH02,machine_hall_pim_tangent_coarse,machine_hall,2.0,10.0,1.29692,1.85888,4.29438
20260504T020331353Z,evalPimNoiseCalibration,MH03,machine_hall_pim_tangent_coarse,machine_hall,2.0,10.0,2.61623,1.85888,4.29438
20260504T020331353Z,evalPimNoiseCalibration,MH04,machine_hall_pim_tangent_coarse,machine_hall,2.0,10.0,1.95659,1.85888,4.29438
20260504T020331353Z,evalPimNoiseCalibration,MH05,machine_hall_pim_tangent_coarse,machine_hall,2.0,10.0,1.62892,1.85888,4.29438
20260504T020331353Z,evalPimNoiseCalibration,MH01,machine_hall_pim_tangent_coarse,machine_hall,2.0,13.0,1.56909,1.59922,2.99612
20260504T020331353Z,evalPimNoiseCalibration,MH02,machine_hall_pim_tangent_coarse,machine_hall,2.0,13.0,1.1286,1.59922,2.99612
20260504T020331353Z,evalPimNoiseCalibration,MH03,machine_hall_pim_tangent_coarse,machine_hall,2.0,13.0,2.29992,1.59922,2.99612
20260504T020331353Z,evalPimNoiseCalibration,MH04,machine_hall_pim_tangent_coarse,machine_hall,2.0,13.0,1.69418,1.59922,2.99612
20260504T020331353Z,evalPimNoiseCalibration,MH05,machine_hall_pim_tangent_coarse,machine_hall,2.0,13.0,1.30434,1.59922,2.99612
20260504T020331353Z,evalPimNoiseCalibration,MH01,machine_hall_pim_tangent_coarse,machine_hall,3.0,0.5,75.8237,86.5299,427.649
20260504T020331353Z,evalPimNoiseCalibration,MH02,machine_hall_pim_tangent_coarse,machine_hall,3.0,0.5,62.5312,86.5299,427.649
20260504T020331353Z,evalPimNoiseCalibration,MH03,machine_hall_pim_tangent_coarse,machine_hall,3.0,0.5,97.8912,86.5299,427.649
20260504T020331353Z,evalPimNoiseCalibration,MH04,machine_hall_pim_tangent_coarse,machine_hall,3.0,0.5,91.7137,86.5299,427.649
20260504T020331353Z,evalPimNoiseCalibration,MH05,machine_hall_pim_tangent_coarse,machine_hall,3.0,0.5,104.689,86.5299,427.649
20260504T020331353Z,evalPimNoiseCalibration,MH01,machine_hall_pim_tangent_coarse,machine_hall,3.0,1.0,25.3808,29.1138,140.569
20260504T020331353Z,evalPimNoiseCalibration,MH02,machine_hall_pim_tangent_coarse,machine_hall,3.0,1.0,21.6843,29.1138,140.569
20260504T020331353Z,evalPimNoiseCalibration,MH03,machine_hall_pim_tangent_coarse,machine_hall,3.0,1.0,33.0954,29.1138,140.569
20260504T020331353Z,evalPimNoiseCalibration,MH04,machine_hall_pim_tangent_coarse,machine_hall,3.0,1.0,30.601,29.1138,140.569
20260504T020331353Z,evalPimNoiseCalibration,MH05,machine_hall_pim_tangent_coarse,machine_hall,3.0,1.0,34.8077,29.1138,140.569
20260504T020331353Z,evalPimNoiseCalibration,MH01,machine_hall_pim_tangent_coarse,machine_hall,3.0,2.0,8.3269,9.14006,40.7003
20260504T020331353Z,evalPimNoiseCalibration,MH02,machine_hall_pim_tangent_coarse,machine_hall,3.0,2.0,6.80696,9.14006,40.7003
20260504T020331353Z,evalPimNoiseCalibration,MH03,machine_hall_pim_tangent_coarse,machine_hall,3.0,2.0,10.665,9.14006,40.7003
20260504T020331353Z,evalPimNoiseCalibration,MH04,machine_hall_pim_tangent_coarse,machine_hall,3.0,2.0,9.37867,9.14006,40.7003
20260504T020331353Z,evalPimNoiseCalibration,MH05,machine_hall_pim_tangent_coarse,machine_hall,3.0,2.0,10.5228,9.14006,40.7003
20260504T020331353Z,evalPimNoiseCalibration,MH01,machine_hall_pim_tangent_coarse,machine_hall,3.0,3.0,4.47012,4.75297,18.7648
20260504T020331353Z,evalPimNoiseCalibration,MH02,machine_hall_pim_tangent_coarse,machine_hall,3.0,3.0,3.50529,4.75297,18.7648
20260504T020331353Z,evalPimNoiseCalibration,MH03,machine_hall_pim_tangent_coarse,machine_hall,3.0,3.0,5.6227,4.75297,18.7648
20260504T020331353Z,evalPimNoiseCalibration,MH04,machine_hall_pim_tangent_coarse,machine_hall,3.0,3.0,4.77992,4.75297,18.7648
20260504T020331353Z,evalPimNoiseCalibration,MH05,machine_hall_pim_tangent_coarse,machine_hall,3.0,3.0,5.3868,4.75297,18.7648
20260504T020331353Z,evalPimNoiseCalibration,MH01,machine_hall_pim_tangent_coarse,machine_hall,3.0,5.0,2.19555,2.29907,6.49537
20260504T020331353Z,evalPimNoiseCalibration,MH02,machine_hall_pim_tangent_coarse,machine_hall,3.0,5.0,1.70283,2.29907,6.49537
20260504T020331353Z,evalPimNoiseCalibration,MH03,machine_hall_pim_tangent_coarse,machine_hall,3.0,5.0,2.87768,2.29907,6.49537
20260504T020331353Z,evalPimNoiseCalibration,MH04,machine_hall_pim_tangent_coarse,machine_hall,3.0,5.0,2.34635,2.29907,6.49537
20260504T020331353Z,evalPimNoiseCalibration,MH05,machine_hall_pim_tangent_coarse,machine_hall,3.0,5.0,2.37297,2.29907,6.49537
20260504T020331353Z,evalPimNoiseCalibration,MH01,machine_hall_pim_tangent_coarse,machine_hall,3.0,7.0,1.47374,1.55018,2.75088
20260504T020331353Z,evalPimNoiseCalibration,MH02,machine_hall_pim_tangent_coarse,machine_hall,3.0,7.0,1.10872,1.55018,2.75088
20260504T020331353Z,evalPimNoiseCalibration,MH03,machine_hall_pim_tangent_coarse,machine_hall,3.0,7.0,2.07722,1.55018,2.75088
20260504T020331353Z,evalPimNoiseCalibration,MH04,machine_hall_pim_tangent_coarse,machine_hall,3.0,7.0,1.54125,1.55018,2.75088
20260504T020331353Z,evalPimNoiseCalibration,MH05,machine_hall_pim_tangent_coarse,machine_hall,3.0,7.0,1.54995,1.55018,2.75088
20260504T020331353Z,evalPimNoiseCalibration,MH01,machine_hall_pim_tangent_coarse,machine_hall,3.0,10.0,1.05534,1.1081,0.968547
20260504T020331353Z,evalPimNoiseCalibration,MH02,machine_hall_pim_tangent_coarse,machine_hall,3.0,10.0,0.785967,1.1081,0.968547
20260504T020331353Z,evalPimNoiseCalibration,MH03,machine_hall_pim_tangent_coarse,machine_hall,3.0,10.0,1.53001,1.1081,0.968547
20260504T020331353Z,evalPimNoiseCalibration,MH04,machine_hall_pim_tangent_coarse,machine_hall,3.0,10.0,1.1508,1.1081,0.968547
20260504T020331353Z,evalPimNoiseCalibration,MH05,machine_hall_pim_tangent_coarse,machine_hall,3.0,10.0,1.01837,1.1081,0.968547
20260504T020331353Z,evalPimNoiseCalibration,MH01,machine_hall_pim_tangent_coarse,machine_hall,3.0,13.0,0.88275,0.903145,0.964796
20260504T020331353Z,evalPimNoiseCalibration,MH02,machine_hall_pim_tangent_coarse,machine_hall,3.0,13.0,0.632691,0.903145,0.964796
20260504T020331353Z,evalPimNoiseCalibration,MH03,machine_hall_pim_tangent_coarse,machine_hall,3.0,13.0,1.24026,0.903145,0.964796
20260504T020331353Z,evalPimNoiseCalibration,MH04,machine_hall_pim_tangent_coarse,machine_hall,3.0,13.0,0.950412,0.903145,0.964796
20260504T020331353Z,evalPimNoiseCalibration,MH05,machine_hall_pim_tangent_coarse,machine_hall,3.0,13.0,0.809611,0.903145,0.964796
20260504T020331353Z,evalPimNoiseCalibration,MH01,machine_hall_pim_tangent_coarse,machine_hall,5.0,0.5,71.4864,81.3951,401.975
20260504T020331353Z,evalPimNoiseCalibration,MH02,machine_hall_pim_tangent_coarse,machine_hall,5.0,0.5,59.1436,81.3951,401.975
20260504T020331353Z,evalPimNoiseCalibration,MH03,machine_hall_pim_tangent_coarse,machine_hall,5.0,0.5,91.5686,81.3951,401.975
20260504T020331353Z,evalPimNoiseCalibration,MH04,machine_hall_pim_tangent_coarse,machine_hall,5.0,0.5,85.5956,81.3951,401.975
20260504T020331353Z,evalPimNoiseCalibration,MH05,machine_hall_pim_tangent_coarse,machine_hall,5.0,0.5,99.1813,81.3951,401.975
20260504T020331353Z,evalPimNoiseCalibration,MH01,machine_hall_pim_tangent_coarse,machine_hall,5.0,1.0,24.6529,28.2952,136.476
20260504T020331353Z,evalPimNoiseCalibration,MH02,machine_hall_pim_tangent_coarse,machine_hall,5.0,1.0,21.2067,28.2952,136.476
20260504T020331353Z,evalPimNoiseCalibration,MH03,machine_hall_pim_tangent_coarse,machine_hall,5.0,1.0,32.0864,28.2952,136.476
20260504T020331353Z,evalPimNoiseCalibration,MH04,machine_hall_pim_tangent_coarse,machine_hall,5.0,1.0,29.6115,28.2952,136.476
20260504T020331353Z,evalPimNoiseCalibration,MH05,machine_hall_pim_tangent_coarse,machine_hall,5.0,1.0,33.9184,28.2952,136.476
20260504T020331353Z,evalPimNoiseCalibration,MH01,machine_hall_pim_tangent_coarse,machine_hall,5.0,2.0,7.74724,8.60067,38.0033
20260504T020331353Z,evalPimNoiseCalibration,MH02,machine_hall_pim_tangent_coarse,machine_hall,5.0,2.0,6.42448,8.60067,38.0033
20260504T020331353Z,evalPimNoiseCalibration,MH03,machine_hall_pim_tangent_coarse,machine_hall,5.0,2.0,9.68157,8.60067,38.0033
20260504T020331353Z,evalPimNoiseCalibration,MH04,machine_hall_pim_tangent_coarse,machine_hall,5.0,2.0,9.03884,8.60067,38.0033
20260504T020331353Z,evalPimNoiseCalibration,MH05,machine_hall_pim_tangent_coarse,machine_hall,5.0,2.0,10.1112,8.60067,38.0033
20260504T020331353Z,evalPimNoiseCalibration,MH01,machine_hall_pim_tangent_coarse,machine_hall,5.0,3.0,3.83701,4.17384,15.8692
20260504T020331353Z,evalPimNoiseCalibration,MH02,machine_hall_pim_tangent_coarse,machine_hall,5.0,3.0,3.09336,4.17384,15.8692
20260504T020331353Z,evalPimNoiseCalibration,MH03,machine_hall_pim_tangent_coarse,machine_hall,5.0,3.0,4.78027,4.17384,15.8692
20260504T020331353Z,evalPimNoiseCalibration,MH04,machine_hall_pim_tangent_coarse,machine_hall,5.0,3.0,4.32446,4.17384,15.8692
20260504T020331353Z,evalPimNoiseCalibration,MH05,machine_hall_pim_tangent_coarse,machine_hall,5.0,3.0,4.8341,4.17384,15.8692
20260504T020331353Z,evalPimNoiseCalibration,MH01,machine_hall_pim_tangent_coarse,machine_hall,5.0,5.0,1.66252,1.74319,3.71593
20260504T020331353Z,evalPimNoiseCalibration,MH02,machine_hall_pim_tangent_coarse,machine_hall,5.0,5.0,1.29194,1.74319,3.71593
20260504T020331353Z,evalPimNoiseCalibration,MH03,machine_hall_pim_tangent_coarse,machine_hall,5.0,5.0,2.04631,1.74319,3.71593
20260504T020331353Z,evalPimNoiseCalibration,MH04,machine_hall_pim_tangent_coarse,machine_hall,5.0,5.0,1.75518,1.74319,3.71593
20260504T020331353Z,evalPimNoiseCalibration,MH05,machine_hall_pim_tangent_coarse,machine_hall,5.0,5.0,1.95999,1.74319,3.71593
20260504T020331353Z,evalPimNoiseCalibration,MH01,machine_hall_pim_tangent_coarse,machine_hall,5.0,7.0,1.01258,1.04983,0.694675
20260504T020331353Z,evalPimNoiseCalibration,MH02,machine_hall_pim_tangent_coarse,machine_hall,5.0,7.0,0.777227,1.04983,0.694675
20260504T020331353Z,evalPimNoiseCalibration,MH03,machine_hall_pim_tangent_coarse,machine_hall,5.0,7.0,1.26832,1.04983,0.694675
20260504T020331353Z,evalPimNoiseCalibration,MH04,machine_hall_pim_tangent_coarse,machine_hall,5.0,7.0,1.06658,1.04983,0.694675
20260504T020331353Z,evalPimNoiseCalibration,MH05,machine_hall_pim_tangent_coarse,machine_hall,5.0,7.0,1.12442,1.04983,0.694675
20260504T020331353Z,evalPimNoiseCalibration,MH01,machine_hall_pim_tangent_coarse,machine_hall,5.0,10.0,0.621238,0.664656,1.67672
20260504T020331353Z,evalPimNoiseCalibration,MH02,machine_hall_pim_tangent_coarse,machine_hall,5.0,10.0,0.491622,0.664656,1.67672
20260504T020331353Z,evalPimNoiseCalibration,MH03,machine_hall_pim_tangent_coarse,machine_hall,5.0,10.0,0.872993,0.664656,1.67672
20260504T020331353Z,evalPimNoiseCalibration,MH04,machine_hall_pim_tangent_coarse,machine_hall,5.0,10.0,0.666817,0.664656,1.67672
20260504T020331353Z,evalPimNoiseCalibration,MH05,machine_hall_pim_tangent_coarse,machine_hall,5.0,10.0,0.670612,0.664656,1.67672
20260504T020331353Z,evalPimNoiseCalibration,MH01,machine_hall_pim_tangent_coarse,machine_hall,5.0,13.0,0.46923,0.502961,2.48519
20260504T020331353Z,evalPimNoiseCalibration,MH02,machine_hall_pim_tangent_coarse,machine_hall,5.0,13.0,0.361237,0.502961,2.48519
20260504T020331353Z,evalPimNoiseCalibration,MH03,machine_hall_pim_tangent_coarse,machine_hall,5.0,13.0,0.69209,0.502961,2.48519
20260504T020331353Z,evalPimNoiseCalibration,MH04,machine_hall_pim_tangent_coarse,machine_hall,5.0,13.0,0.501001,0.502961,2.48519
20260504T020331353Z,evalPimNoiseCalibration,MH05,machine_hall_pim_tangent_coarse,machine_hall,5.0,13.0,0.49125,0.502961,2.48519
20260504T020331353Z,evalPimNoiseCalibration,MH01,machine_hall_pim_tangent_coarse,machine_hall,7.0,0.5,65.7207,76.0514,375.257
20260504T020331353Z,evalPimNoiseCalibration,MH02,machine_hall_pim_tangent_coarse,machine_hall,7.0,0.5,54.9341,76.0514,375.257
20260504T020331353Z,evalPimNoiseCalibration,MH03,machine_hall_pim_tangent_coarse,machine_hall,7.0,0.5,86.8664,76.0514,375.257
20260504T020331353Z,evalPimNoiseCalibration,MH04,machine_hall_pim_tangent_coarse,machine_hall,7.0,0.5,81.0068,76.0514,375.257
20260504T020331353Z,evalPimNoiseCalibration,MH05,machine_hall_pim_tangent_coarse,machine_hall,7.0,0.5,91.7289,76.0514,375.257
20260504T020331353Z,evalPimNoiseCalibration,MH01,machine_hall_pim_tangent_coarse,machine_hall,7.0,1.0,24.0326,27.6956,133.478
20260504T020331353Z,evalPimNoiseCalibration,MH02,machine_hall_pim_tangent_coarse,machine_hall,7.0,1.0,20.744,27.6956,133.478
20260504T020331353Z,evalPimNoiseCalibration,MH03,machine_hall_pim_tangent_coarse,machine_hall,7.0,1.0,31.6321,27.6956,133.478
20260504T020331353Z,evalPimNoiseCalibration,MH04,machine_hall_pim_tangent_coarse,machine_hall,7.0,1.0,29.0754,27.6956,133.478
20260504T020331353Z,evalPimNoiseCalibration,MH05,machine_hall_pim_tangent_coarse,machine_hall,7.0,1.0,32.994,27.6956,133.478
20260504T020331353Z,evalPimNoiseCalibration,MH01,machine_hall_pim_tangent_coarse,machine_hall,7.0,2.0,7.46309,8.386,36.93
20260504T020331353Z,evalPimNoiseCalibration,MH02,machine_hall_pim_tangent_coarse,machine_hall,7.0,2.0,6.30639,8.386,36.93
20260504T020331353Z,evalPimNoiseCalibration,MH03,machine_hall_pim_tangent_coarse,machine_hall,7.0,2.0,9.37461,8.386,36.93
20260504T020331353Z,evalPimNoiseCalibration,MH04,machine_hall_pim_tangent_coarse,machine_hall,7.0,2.0,8.89842,8.386,36.93
20260504T020331353Z,evalPimNoiseCalibration,MH05,machine_hall_pim_tangent_coarse,machine_hall,7.0,2.0,9.8875,8.386,36.93
20260504T020331353Z,evalPimNoiseCalibration,MH01,machine_hall_pim_tangent_coarse,machine_hall,7.0,3.0,3.62109,3.98428,14.9214
20260504T020331353Z,evalPimNoiseCalibration,MH02,machine_hall_pim_tangent_coarse,machine_hall,7.0,3.0,2.97407,3.98428,14.9214
20260504T020331353Z,evalPimNoiseCalibration,MH03,machine_hall_pim_tangent_coarse,machine_hall,7.0,3.0,4.459,3.98428,14.9214
20260504T020331353Z,evalPimNoiseCalibration,MH04,machine_hall_pim_tangent_coarse,machine_hall,7.0,3.0,4.19716,3.98428,14.9214
20260504T020331353Z,evalPimNoiseCalibration,MH05,machine_hall_pim_tangent_coarse,machine_hall,7.0,3.0,4.67009,3.98428,14.9214
20260504T020331353Z,evalPimNoiseCalibration,MH01,machine_hall_pim_tangent_coarse,machine_hall,7.0,5.0,1.46463,1.57638,2.88191
20260504T020331353Z,evalPimNoiseCalibration,MH02,machine_hall_pim_tangent_coarse,machine_hall,7.0,5.0,1.16702,1.57638,2.88191
20260504T020331353Z,evalPimNoiseCalibration,MH03,machine_hall_pim_tangent_coarse,machine_hall,7.0,5.0,1.81799,1.57638,2.88191
20260504T020331353Z,evalPimNoiseCalibration,MH04,machine_hall_pim_tangent_coarse,machine_hall,7.0,5.0,1.61426,1.57638,2.88191
20260504T020331353Z,evalPimNoiseCalibration,MH05,machine_hall_pim_tangent_coarse,machine_hall,7.0,5.0,1.81801,1.57638,2.88191
20260504T020331353Z,evalPimNoiseCalibration,MH01,machine_hall_pim_tangent_coarse,machine_hall,7.0,7.0,0.856768,0.894602,0.63303
20260504T020331353Z,evalPimNoiseCalibration,MH02,machine_hall_pim_tangent_coarse,machine_hall,7.0,7.0,0.66289,0.894602,0.63303
20260504T020331353Z,evalPimNoiseCalibration,MH03,machine_hall_pim_tangent_coarse,machine_hall,7.0,7.0,1.04991,0.894602,0.63303
20260504T020331353Z,evalPimNoiseCalibration,MH04,machine_hall_pim_tangent_coarse,machine_hall,7.0,7.0,0.900333,0.894602,0.63303
20260504T020331353Z,evalPimNoiseCalibration,MH05,machine_hall_pim_tangent_coarse,machine_hall,7.0,7.0,1.00311,0.894602,0.63303
20260504T020331353Z,evalPimNoiseCalibration,MH01,machine_hall_pim_tangent_coarse,machine_hall,7.0,10.0,0.502149,0.522484,2.38758
20260504T020331353Z,evalPimNoiseCalibration,MH02,machine_hall_pim_tangent_coarse,machine_hall,7.0,10.0,0.387469,0.522484,2.38758
20260504T020331353Z,evalPimNoiseCalibration,MH03,machine_hall_pim_tangent_coarse,machine_hall,7.0,10.0,0.635837,0.522484,2.38758
20260504T020331353Z,evalPimNoiseCalibration,MH04,machine_hall_pim_tangent_coarse,machine_hall,7.0,10.0,0.527493,0.522484,2.38758
20260504T020331353Z,evalPimNoiseCalibration,MH05,machine_hall_pim_tangent_coarse,machine_hall,7.0,10.0,0.559473,0.522484,2.38758
20260504T020331353Z,evalPimNoiseCalibration,MH01,machine_hall_pim_tangent_coarse,machine_hall,7.0,13.0,0.348266,0.371681,3.1416
20260504T020331353Z,evalPimNoiseCalibration,MH02,machine_hall_pim_tangent_coarse,machine_hall,7.0,13.0,0.275815,0.371681,3.1416
20260504T020331353Z,evalPimNoiseCalibration,MH03,machine_hall_pim_tangent_coarse,machine_hall,7.0,13.0,0.478215,0.371681,3.1416
20260504T020331353Z,evalPimNoiseCalibration,MH04,machine_hall_pim_tangent_coarse,machine_hall,7.0,13.0,0.377184,0.371681,3.1416
20260504T020331353Z,evalPimNoiseCalibration,MH05,machine_hall_pim_tangent_coarse,machine_hall,7.0,13.0,0.378924,0.371681,3.1416
20260504T020331353Z,evalPimNoiseCalibration,MH01,machine_hall_pim_tangent_coarse,machine_hall,10.0,0.5,58.4016,67.7952,333.976
20260504T020331353Z,evalPimNoiseCalibration,MH02,machine_hall_pim_tangent_coarse,machine_hall,10.0,0.5,47.8632,67.7952,333.976
20260504T020331353Z,evalPimNoiseCalibration,MH03,machine_hall_pim_tangent_coarse,machine_hall,10.0,0.5,77.9671,67.7952,333.976
20260504T020331353Z,evalPimNoiseCalibration,MH04,machine_hall_pim_tangent_coarse,machine_hall,10.0,0.5,72.5402,67.7952,333.976
20260504T020331353Z,evalPimNoiseCalibration,MH05,machine_hall_pim_tangent_coarse,machine_hall,10.0,0.5,82.2039,67.7952,333.976
20260504T020331353Z,evalPimNoiseCalibration,MH01,machine_hall_pim_tangent_coarse,machine_hall,10.0,1.0,23.1598,26.5554,127.777
20260504T020331353Z,evalPimNoiseCalibration,MH02,machine_hall_pim_tangent_coarse,machine_hall,10.0,1.0,20.1841,26.5554,127.777
20260504T020331353Z,evalPimNoiseCalibration,MH03,machine_hall_pim_tangent_coarse,machine_hall,10.0,1.0,30.0353,26.5554,127.777
20260504T020331353Z,evalPimNoiseCalibration,MH04,machine_hall_pim_tangent_coarse,machine_hall,10.0,1.0,28.0061,26.5554,127.777
20260504T020331353Z,evalPimNoiseCalibration,MH05,machine_hall_pim_tangent_coarse,machine_hall,10.0,1.0,31.3919,26.5554,127.777
20260504T020331353Z,evalPimNoiseCalibration,MH01,machine_hall_pim_tangent_coarse,machine_hall,10.0,2.0,7.22361,8.19026,35.9513
20260504T020331353Z,evalPimNoiseCalibration,MH02,machine_hall_pim_tangent_coarse,machine_hall,10.0,2.0,6.18805,8.19026,35.9513
20260504T020331353Z,evalPimNoiseCalibration,MH03,machine_hall_pim_tangent_coarse,machine_hall,10.0,2.0,9.0753,8.19026,35.9513
20260504T020331353Z,evalPimNoiseCalibration,MH04,machine_hall_pim_tangent_coarse,machine_hall,10.0,2.0,8.68527,8.19026,35.9513
20260504T020331353Z,evalPimNoiseCalibration,MH05,machine_hall_pim_tangent_coarse,machine_hall,10.0,2.0,9.77908,8.19026,35.9513
20260504T020331353Z,evalPimNoiseCalibration,MH01,machine_hall_pim_tangent_coarse,machine_hall,10.0,3.0,3.47191,3.86137,14.3068
20260504T020331353Z,evalPimNoiseCalibration,MH02,machine_hall_pim_tangent_coarse,machine_hall,10.0,3.0,2.92145,3.86137,14.3068
20260504T020331353Z,evalPimNoiseCalibration,MH03,machine_hall_pim_tangent_coarse,machine_hall,10.0,3.0,4.2747,3.86137,14.3068
20260504T020331353Z,evalPimNoiseCalibration,MH04,machine_hall_pim_tangent_coarse,machine_hall,10.0,3.0,4.07638,3.86137,14.3068
20260504T020331353Z,evalPimNoiseCalibration,MH05,machine_hall_pim_tangent_coarse,machine_hall,10.0,3.0,4.56239,3.86137,14.3068
20260504T020331353Z,evalPimNoiseCalibration,MH01,machine_hall_pim_tangent_coarse,machine_hall,10.0,5.0,1.37246,1.49183,2.45913
20260504T020331353Z,evalPimNoiseCalibration,MH02,machine_hall_pim_tangent_coarse,machine_hall,10.0,5.0,1.10358,1.49183,2.45913
20260504T020331353Z,evalPimNoiseCalibration,MH03,machine_hall_pim_tangent_coarse,machine_hall,10.0,5.0,1.67362,1.49183,2.45913
20260504T020331353Z,evalPimNoiseCalibration,MH04,machine_hall_pim_tangent_coarse,machine_hall,10.0,5.0,1.56591,1.49183,2.45913
20260504T020331353Z,evalPimNoiseCalibration,MH05,machine_hall_pim_tangent_coarse,machine_hall,10.0,5.0,1.74357,1.49183,2.45913
20260504T020331353Z,evalPimNoiseCalibration,MH01,machine_hall_pim_tangent_coarse,machine_hall,10.0,7.0,0.752474,0.806364,0.968179
20260504T020331353Z,evalPimNoiseCalibration,MH02,machine_hall_pim_tangent_coarse,machine_hall,10.0,7.0,0.596738,0.806364,0.968179
20260504T020331353Z,evalPimNoiseCalibration,MH03,machine_hall_pim_tangent_coarse,machine_hall,10.0,7.0,0.927665,0.806364,0.968179
20260504T020331353Z,evalPimNoiseCalibration,MH04,machine_hall_pim_tangent_coarse,machine_hall,10.0,7.0,0.826175,0.806364,0.968179
20260504T020331353Z,evalPimNoiseCalibration,MH05,machine_hall_pim_tangent_coarse,machine_hall,10.0,7.0,0.928769,0.806364,0.968179
20260504T020331353Z,evalPimNoiseCalibration,MH01,machine_hall_pim_tangent_coarse,machine_hall,10.0,10.0,0.42242,0.439948,2.80026
20260504T020331353Z,evalPimNoiseCalibration,MH02,machine_hall_pim_tangent_coarse,machine_hall,10.0,10.0,0.325493,0.439948,2.80026
20260504T020331353Z,evalPimNoiseCalibration,MH03,machine_hall_pim_tangent_coarse,machine_hall,10.0,10.0,0.516022,0.439948,2.80026
20260504T020331353Z,evalPimNoiseCalibration,MH04,machine_hall_pim_tangent_coarse,machine_hall,10.0,10.0,0.44273,0.439948,2.80026
20260504T020331353Z,evalPimNoiseCalibration,MH05,machine_hall_pim_tangent_coarse,machine_hall,10.0,10.0,0.493074,0.439948,2.80026
20260504T020331353Z,evalPimNoiseCalibration,MH01,machine_hall_pim_tangent_coarse,machine_hall,10.0,13.0,0.285421,0.294008,3.52996
20260504T020331353Z,evalPimNoiseCalibration,MH02,machine_hall_pim_tangent_coarse,machine_hall,10.0,13.0,0.216589,0.294008,3.52996
20260504T020331353Z,evalPimNoiseCalibration,MH03,machine_hall_pim_tangent_coarse,machine_hall,10.0,13.0,0.351232,0.294008,3.52996
20260504T020331353Z,evalPimNoiseCalibration,MH04,machine_hall_pim_tangent_coarse,machine_hall,10.0,13.0,0.295364,0.294008,3.52996
20260504T020331353Z,evalPimNoiseCalibration,MH05,machine_hall_pim_tangent_coarse,machine_hall,10.0,13.0,0.321432,0.294008,3.52996
20260504T020331353Z,evalPimNoiseCalibration,MH01,machine_hall_pim_tangent_coarse,machine_hall,13.0,0.5,54.3068,61.2464,301.232
20260504T020331353Z,evalPimNoiseCalibration,MH02,machine_hall_pim_tangent_coarse,machine_hall,13.0,0.5,43.8909,61.2464,301.232
20260504T020331353Z,evalPimNoiseCalibration,MH03,machine_hall_pim_tangent_coarse,machine_hall,13.0,0.5,70.3498,61.2464,301.232
20260504T020331353Z,evalPimNoiseCalibration,MH04,machine_hall_pim_tangent_coarse,machine_hall,13.0,0.5,62.6526,61.2464,301.232
20260504T020331353Z,evalPimNoiseCalibration,MH05,machine_hall_pim_tangent_coarse,machine_hall,13.0,0.5,75.0316,61.2464,301.232
20260504T020331353Z,evalPimNoiseCalibration,MH01,machine_hall_pim_tangent_coarse,machine_hall,13.0,1.0,22.0365,25.3675,121.837
20260504T020331353Z,evalPimNoiseCalibration,MH02,machine_hall_pim_tangent_coarse,machine_hall,13.0,1.0,19.6238,25.3675,121.837
20260504T020331353Z,evalPimNoiseCalibration,MH03,machine_hall_pim_tangent_coarse,machine_hall,13.0,1.0,28.216,25.3675,121.837
20260504T020331353Z,evalPimNoiseCalibration,MH04,machine_hall_pim_tangent_coarse,machine_hall,13.0,1.0,26.8228,25.3675,121.837
20260504T020331353Z,evalPimNoiseCalibration,MH05,machine_hall_pim_tangent_coarse,machine_hall,13.0,1.0,30.1383,25.3675,121.837
20260504T020331353Z,evalPimNoiseCalibration,MH01,machine_hall_pim_tangent_coarse,machine_hall,13.0,2.0,7.14308,8.0579,35.2895
20260504T020331353Z,evalPimNoiseCalibration,MH02,machine_hall_pim_tangent_coarse,machine_hall,13.0,2.0,6.12089,8.0579,35.2895
20260504T020331353Z,evalPimNoiseCalibration,MH03,machine_hall_pim_tangent_coarse,machine_hall,13.0,2.0,8.82809,8.0579,35.2895
20260504T020331353Z,evalPimNoiseCalibration,MH04,machine_hall_pim_tangent_coarse,machine_hall,13.0,2.0,8.55977,8.0579,35.2895
20260504T020331353Z,evalPimNoiseCalibration,MH05,machine_hall_pim_tangent_coarse,machine_hall,13.0,2.0,9.63769,8.0579,35.2895
20260504T020331353Z,evalPimNoiseCalibration,MH01,machine_hall_pim_tangent_coarse,machine_hall,13.0,3.0,3.39073,3.81637,14.0818
20260504T020331353Z,evalPimNoiseCalibration,MH02,machine_hall_pim_tangent_coarse,machine_hall,13.0,3.0,2.87961,3.81637,14.0818
20260504T020331353Z,evalPimNoiseCalibration,MH03,machine_hall_pim_tangent_coarse,machine_hall,13.0,3.0,4.22073,3.81637,14.0818
20260504T020331353Z,evalPimNoiseCalibration,MH04,machine_hall_pim_tangent_coarse,machine_hall,13.0,3.0,4.03879,3.81637,14.0818
20260504T020331353Z,evalPimNoiseCalibration,MH05,machine_hall_pim_tangent_coarse,machine_hall,13.0,3.0,4.55197,3.81637,14.0818
20260504T020331353Z,evalPimNoiseCalibration,MH01,machine_hall_pim_tangent_coarse,machine_hall,13.0,5.0,1.32728,1.4557,2.27849
20260504T020331353Z,evalPimNoiseCalibration,MH02,machine_hall_pim_tangent_coarse,machine_hall,13.0,5.0,1.08643,1.4557,2.27849
20260504T020331353Z,evalPimNoiseCalibration,MH03,machine_hall_pim_tangent_coarse,machine_hall,13.0,5.0,1.61131,1.4557,2.27849
20260504T020331353Z,evalPimNoiseCalibration,MH04,machine_hall_pim_tangent_coarse,machine_hall,13.0,5.0,1.5194,1.4557,2.27849
20260504T020331353Z,evalPimNoiseCalibration,MH05,machine_hall_pim_tangent_coarse,machine_hall,13.0,5.0,1.73409,1.4557,2.27849
20260504T020331353Z,evalPimNoiseCalibration,MH01,machine_hall_pim_tangent_coarse,machine_hall,13.0,7.0,0.712184,0.772782,1.13609
20260504T020331353Z,evalPimNoiseCalibration,MH02,machine_hall_pim_tangent_coarse,machine_hall,13.0,7.0,0.569508,0.772782,1.13609
20260504T020331353Z,evalPimNoiseCalibration,MH03,machine_hall_pim_tangent_coarse,machine_hall,13.0,7.0,0.874745,0.772782,1.13609
20260504T020331353Z,evalPimNoiseCalibration,MH04,machine_hall_pim_tangent_coarse,machine_hall,13.0,7.0,0.802996,0.772782,1.13609
20260504T020331353Z,evalPimNoiseCalibration,MH05,machine_hall_pim_tangent_coarse,machine_hall,13.0,7.0,0.904479,0.772782,1.13609
20260504T020331353Z,evalPimNoiseCalibration,MH01,machine_hall_pim_tangent_coarse,machine_hall,13.0,10.0,0.379129,0.404436,2.97782
20260504T020331353Z,evalPimNoiseCalibration,MH02,machine_hall_pim_tangent_coarse,machine_hall,13.0,10.0,0.29898,0.404436,2.97782
20260504T020331353Z,evalPimNoiseCalibration,MH03,machine_hall_pim_tangent_coarse,machine_hall,13.0,10.0,0.467229,0.404436,2.97782
20260504T020331353Z,evalPimNoiseCalibration,MH04,machine_hall_pim_tangent_coarse,machine_hall,13.0,10.0,0.41254,0.404436,2.97782
20260504T020331353Z,evalPimNoiseCalibration,MH05,machine_hall_pim_tangent_coarse,machine_hall,13.0,10.0,0.464299,0.404436,2.97782
20260504T020331353Z,evalPimNoiseCalibration,MH01,machine_hall_pim_tangent_coarse,machine_hall,13.0,13.0,0.250505,0.260694,3.69653
20260504T020331353Z,evalPimNoiseCalibration,MH02,machine_hall_pim_tangent_coarse,machine_hall,13.0,13.0,0.192893,0.260694,3.69653
20260504T020331353Z,evalPimNoiseCalibration,MH03,machine_hall_pim_tangent_coarse,machine_hall,13.0,13.0,0.305706,0.260694,3.69653
20260504T020331353Z,evalPimNoiseCalibration,MH04,machine_hall_pim_tangent_coarse,machine_hall,13.0,13.0,0.262336,0.260694,3.69653
20260504T020331353Z,evalPimNoiseCalibration,MH05,machine_hall_pim_tangent_coarse,machine_hall,13.0,13.0,0.29203,0.260694,3.69653
20260504T020331353Z,evalPimNoiseCalibration,V101/quadrature,vicon_pim_combined_coarse,vicon,0.5,0.5,361.979,374.086,4477.03
20260504T020331353Z,evalPimNoiseCalibration,V101/tangent,vicon_pim_combined_coarse,vicon,0.5,0.5,378.334,374.086,4477.03
20260504T020331353Z,evalPimNoiseCalibration,V102/quadrature,vicon_pim_combined_coarse,vicon,0.5,0.5,139.054,374.086,4477.03
20260504T020331353Z,evalPimNoiseCalibration,V102/tangent,vicon_pim_combined_coarse,vicon,0.5,0.5,182.848,374.086,4477.03
20260504T020331353Z,evalPimNoiseCalibration,V103/quadrature,vicon_pim_combined_coarse,vicon,0.5,0.5,224.696,374.086,4477.03
20260504T020331353Z,evalPimNoiseCalibration,V103/tangent,vicon_pim_combined_coarse,vicon,0.5,0.5,307.113,374.086,4477.03
20260504T020331353Z,evalPimNoiseCalibration,V201/quadrature,vicon_pim_combined_coarse,vicon,0.5,0.5,271.387,374.086,4477.03
20260504T020331353Z,evalPimNoiseCalibration,V201/tangent,vicon_pim_combined_coarse,vicon,0.5,0.5,314.663,374.086,4477.03
20260504T020331353Z,evalPimNoiseCalibration,V202/quadrature,vicon_pim_combined_coarse,vicon,0.5,0.5,335.038,374.086,4477.03
20260504T020331353Z,evalPimNoiseCalibration,V202/tangent,vicon_pim_combined_coarse,vicon,0.5,0.5,486.983,374.086,4477.03
20260504T020331353Z,evalPimNoiseCalibration,V203/quadrature,vicon_pim_combined_coarse,vicon,0.5,0.5,784.169,374.086,4477.03
20260504T020331353Z,evalPimNoiseCalibration,V203/tangent,vicon_pim_combined_coarse,vicon,0.5,0.5,702.767,374.086,4477.03
20260504T020331353Z,evalPimNoiseCalibration,V101/quadrature,vicon_pim_combined_coarse,vicon,0.5,1.0,191.262,178.81,2133.72
20260504T020331353Z,evalPimNoiseCalibration,V101/tangent,vicon_pim_combined_coarse,vicon,0.5,1.0,213.92,178.81,2133.72
20260504T020331353Z,evalPimNoiseCalibration,V102/quadrature,vicon_pim_combined_coarse,vicon,0.5,1.0,60.5347,178.81,2133.72
20260504T020331353Z,evalPimNoiseCalibration,V102/tangent,vicon_pim_combined_coarse,vicon,0.5,1.0,89.3036,178.81,2133.72
20260504T020331353Z,evalPimNoiseCalibration,V103/quadrature,vicon_pim_combined_coarse,vicon,0.5,1.0,96.3492,178.81,2133.72
20260504T020331353Z,evalPimNoiseCalibration,V103/tangent,vicon_pim_combined_coarse,vicon,0.5,1.0,161.988,178.81,2133.72
20260504T020331353Z,evalPimNoiseCalibration,V201/quadrature,vicon_pim_combined_coarse,vicon,0.5,1.0,95.0326,178.81,2133.72
20260504T020331353Z,evalPimNoiseCalibration,V201/tangent,vicon_pim_combined_coarse,vicon,0.5,1.0,128.035,178.81,2133.72
20260504T020331353Z,evalPimNoiseCalibration,V202/quadrature,vicon_pim_combined_coarse,vicon,0.5,1.0,128.909,178.81,2133.72
20260504T020331353Z,evalPimNoiseCalibration,V202/tangent,vicon_pim_combined_coarse,vicon,0.5,1.0,228.479,178.81,2133.72
20260504T020331353Z,evalPimNoiseCalibration,V203/quadrature,vicon_pim_combined_coarse,vicon,0.5,1.0,404.659,178.81,2133.72
20260504T020331353Z,evalPimNoiseCalibration,V203/tangent,vicon_pim_combined_coarse,vicon,0.5,1.0,347.251,178.81,2133.72
20260504T020331353Z,evalPimNoiseCalibration,V101/quadrature,vicon_pim_combined_coarse,vicon,0.5,2.0,135.322,117.217,1394.6
20260504T020331353Z,evalPimNoiseCalibration,V101/tangent,vicon_pim_combined_coarse,vicon,0.5,2.0,162.808,117.217,1394.6
20260504T020331353Z,evalPimNoiseCalibration,V102/quadrature,vicon_pim_combined_coarse,vicon,0.5,2.0,30.4441,117.217,1394.6
20260504T020331353Z,evalPimNoiseCalibration,V102/tangent,vicon_pim_combined_coarse,vicon,0.5,2.0,54.7034,117.217,1394.6
20260504T020331353Z,evalPimNoiseCalibration,V103/quadrature,vicon_pim_combined_coarse,vicon,0.5,2.0,48.4377,117.217,1394.6
20260504T020331353Z,evalPimNoiseCalibration,V103/tangent,vicon_pim_combined_coarse,vicon,0.5,2.0,103.966,117.217,1394.6
20260504T020331353Z,evalPimNoiseCalibration,V201/quadrature,vicon_pim_combined_coarse,vicon,0.5,2.0,43.4428,117.217,1394.6
20260504T020331353Z,evalPimNoiseCalibration,V201/tangent,vicon_pim_combined_coarse,vicon,0.5,2.0,68.6633,117.217,1394.6
20260504T020331353Z,evalPimNoiseCalibration,V202/quadrature,vicon_pim_combined_coarse,vicon,0.5,2.0,61.8286,117.217,1394.6
20260504T020331353Z,evalPimNoiseCalibration,V202/tangent,vicon_pim_combined_coarse,vicon,0.5,2.0,150.7,117.217,1394.6
20260504T020331353Z,evalPimNoiseCalibration,V203/quadrature,vicon_pim_combined_coarse,vicon,0.5,2.0,312.356,117.217,1394.6
20260504T020331353Z,evalPimNoiseCalibration,V203/tangent,vicon_pim_combined_coarse,vicon,0.5,2.0,233.927,117.217,1394.6
20260504T020331353Z,evalPimNoiseCalibration,V101/quadrature,vicon_pim_combined_coarse,vicon,0.5,3.0,124.298,104.565,1242.78
20260504T020331353Z,evalPimNoiseCalibration,V101/tangent,vicon_pim_combined_coarse,vicon,0.5,3.0,153.58,104.565,1242.78
20260504T020331353Z,evalPimNoiseCalibration,V102/quadrature,vicon_pim_combined_coarse,vicon,0.5,3.0,22.2734,104.565,1242.78
20260504T020331353Z,evalPimNoiseCalibration,V102/tangent,vicon_pim_combined_coarse,vicon,0.5,3.0,47.5529,104.565,1242.78
20260504T020331353Z,evalPimNoiseCalibration,V103/quadrature,vicon_pim_combined_coarse,vicon,0.5,3.0,36.1101,104.565,1242.78
20260504T020331353Z,evalPimNoiseCalibration,V103/tangent,vicon_pim_combined_coarse,vicon,0.5,3.0,91.943,104.565,1242.78
20260504T020331353Z,evalPimNoiseCalibration,V201/quadrature,vicon_pim_combined_coarse,vicon,0.5,3.0,30.8046,104.565,1242.78
20260504T020331353Z,evalPimNoiseCalibration,V201/tangent,vicon_pim_combined_coarse,vicon,0.5,3.0,57.7823,104.565,1242.78
20260504T020331353Z,evalPimNoiseCalibration,V202/quadrature,vicon_pim_combined_coarse,vicon,0.5,3.0,45.3645,104.565,1242.78
20260504T020331353Z,evalPimNoiseCalibration,V202/tangent,vicon_pim_combined_coarse,vicon,0.5,3.0,135.503,104.565,1242.78
20260504T020331353Z,evalPimNoiseCalibration,V203/quadrature,vicon_pim_combined_coarse,vicon,0.5,3.0,302.254,104.565,1242.78
20260504T020331353Z,evalPimNoiseCalibration,V203/tangent,vicon_pim_combined_coarse,vicon,0.5,3.0,207.318,104.565,1242.78
20260504T020331353Z,evalPimNoiseCalibration,V101/quadrature,vicon_pim_combined_coarse,vicon,0.5,5.0,117.837,97.4734,1157.68
20260504T020331353Z,evalPimNoiseCalibration,V101/tangent,vicon_pim_combined_coarse,vicon,0.5,5.0,144.81,97.4734,1157.68
20260504T020331353Z,evalPimNoiseCalibration,V102/quadrature,vicon_pim_combined_coarse,vicon,0.5,5.0,17.4903,97.4734,1157.68
20260504T020331353Z,evalPimNoiseCalibration,V102/tangent,vicon_pim_combined_coarse,vicon,0.5,5.0,43.6015,97.4734,1157.68
20260504T020331353Z,evalPimNoiseCalibration,V103/quadrature,vicon_pim_combined_coarse,vicon,0.5,5.0,27.5125,97.4734,1157.68
20260504T020331353Z,evalPimNoiseCalibration,V103/tangent,vicon_pim_combined_coarse,vicon,0.5,5.0,82.7065,97.4734,1157.68
20260504T020331353Z,evalPimNoiseCalibration,V201/quadrature,vicon_pim_combined_coarse,vicon,0.5,5.0,24.7681,97.4734,1157.68
20260504T020331353Z,evalPimNoiseCalibration,V201/tangent,vicon_pim_combined_coarse,vicon,0.5,5.0,51.1474,97.4734,1157.68
20260504T020331353Z,evalPimNoiseCalibration,V202/quadrature,vicon_pim_combined_coarse,vicon,0.5,5.0,37.1854,97.4734,1157.68
20260504T020331353Z,evalPimNoiseCalibration,V202/tangent,vicon_pim_combined_coarse,vicon,0.5,5.0,127.833,97.4734,1157.68
20260504T020331353Z,evalPimNoiseCalibration,V203/quadrature,vicon_pim_combined_coarse,vicon,0.5,5.0,297.192,97.4734,1157.68
20260504T020331353Z,evalPimNoiseCalibration,V203/tangent,vicon_pim_combined_coarse,vicon,0.5,5.0,197.596,97.4734,1157.68
20260504T020331353Z,evalPimNoiseCalibration,V101/quadrature,vicon_pim_combined_coarse,vicon,0.5,7.0,116.265,95.3626,1132.35
20260504T020331353Z,evalPimNoiseCalibration,V101/tangent,vicon_pim_combined_coarse,vicon,0.5,7.0,143.364,95.3626,1132.35
20260504T020331353Z,evalPimNoiseCalibration,V102/quadrature,vicon_pim_combined_coarse,vicon,0.5,7.0,16.5619,95.3626,1132.35
20260504T020331353Z,evalPimNoiseCalibration,V102/tangent,vicon_pim_combined_coarse,vicon,0.5,7.0,42.398,95.3626,1132.35
20260504T020331353Z,evalPimNoiseCalibration,V103/quadrature,vicon_pim_combined_coarse,vicon,0.5,7.0,24.8877,95.3626,1132.35
20260504T020331353Z,evalPimNoiseCalibration,V103/tangent,vicon_pim_combined_coarse,vicon,0.5,7.0,79.8388,95.3626,1132.35
20260504T020331353Z,evalPimNoiseCalibration,V201/quadrature,vicon_pim_combined_coarse,vicon,0.5,7.0,22.8627,95.3626,1132.35
20260504T020331353Z,evalPimNoiseCalibration,V201/tangent,vicon_pim_combined_coarse,vicon,0.5,7.0,49.091,95.3626,1132.35
20260504T020331353Z,evalPimNoiseCalibration,V202/quadrature,vicon_pim_combined_coarse,vicon,0.5,7.0,34.9234,95.3626,1132.35
20260504T020331353Z,evalPimNoiseCalibration,V202/tangent,vicon_pim_combined_coarse,vicon,0.5,7.0,126.458,95.3626,1132.35
20260504T020331353Z,evalPimNoiseCalibration,V203/quadrature,vicon_pim_combined_coarse,vicon,0.5,7.0,295.197,95.3626,1132.35
20260504T020331353Z,evalPimNoiseCalibration,V203/tangent,vicon_pim_combined_coarse,vicon,0.5,7.0,192.503,95.3626,1132.35
20260504T020331353Z,evalPimNoiseCalibration,V101/quadrature,vicon_pim_combined_coarse,vicon,0.5,10.0,115.693,94.4247,1121.1
20260504T020331353Z,evalPimNoiseCalibration,V101/tangent,vicon_pim_combined_coarse,vicon,0.5,10.0,142.659,94.4247,1121.1
20260504T020331353Z,evalPimNoiseCalibration,V102/quadrature,vicon_pim_combined_coarse,vicon,0.5,10.0,15.9494,94.4247,1121.1
20260504T020331353Z,evalPimNoiseCalibration,V102/tangent,vicon_pim_combined_coarse,vicon,0.5,10.0,41.7992,94.4247,1121.1
20260504T020331353Z,evalPimNoiseCalibration,V103/quadrature,vicon_pim_combined_coarse,vicon,0.5,10.0,23.6401,94.4247,1121.1
20260504T020331353Z,evalPimNoiseCalibration,V103/tangent,vicon_pim_combined_coarse,vicon,0.5,10.0,78.3806,94.4247,1121.1
20260504T020331353Z,evalPimNoiseCalibration,V201/quadrature,vicon_pim_combined_coarse,vicon,0.5,10.0,21.6421,94.4247,1121.1
20260504T020331353Z,evalPimNoiseCalibration,V201/tangent,vicon_pim_combined_coarse,vicon,0.5,10.0,47.9801,94.4247,1121.1
20260504T020331353Z,evalPimNoiseCalibration,V202/quadrature,vicon_pim_combined_coarse,vicon,0.5,10.0,33.6077,94.4247,1121.1
20260504T020331353Z,evalPimNoiseCalibration,V202/tangent,vicon_pim_combined_coarse,vicon,0.5,10.0,126.043,94.4247,1121.1
20260504T020331353Z,evalPimNoiseCalibration,V203/quadrature,vicon_pim_combined_coarse,vicon,0.5,10.0,294.131,94.4247,1121.1
20260504T020331353Z,evalPimNoiseCalibration,V203/tangent,vicon_pim_combined_coarse,vicon,0.5,10.0,191.57,94.4247,1121.1
20260504T020331353Z,evalPimNoiseCalibration,V101/quadrature,vicon_pim_combined_coarse,vicon,0.5,13.0,115.583,94.0773,1116.93
20260504T020331353Z,evalPimNoiseCalibration,V101/tangent,vicon_pim_combined_coarse,vicon,0.5,13.0,142.483,94.0773,1116.93
20260504T020331353Z,evalPimNoiseCalibration,V102/quadrature,vicon_pim_combined_coarse,vicon,0.5,13.0,15.6577,94.0773,1116.93
20260504T020331353Z,evalPimNoiseCalibration,V102/tangent,vicon_pim_combined_coarse,vicon,0.5,13.0,41.5639,94.0773,1116.93
20260504T020331353Z,evalPimNoiseCalibration,V103/quadrature,vicon_pim_combined_coarse,vicon,0.5,13.0,23.2369,94.0773,1116.93
20260504T020331353Z,evalPimNoiseCalibration,V103/tangent,vicon_pim_combined_coarse,vicon,0.5,13.0,78.0906,94.0773,1116.93
20260504T020331353Z,evalPimNoiseCalibration,V201/quadrature,vicon_pim_combined_coarse,vicon,0.5,13.0,21.3858,94.0773,1116.93
20260504T020331353Z,evalPimNoiseCalibration,V201/tangent,vicon_pim_combined_coarse,vicon,0.5,13.0,47.0965,94.0773,1116.93
20260504T020331353Z,evalPimNoiseCalibration,V202/quadrature,vicon_pim_combined_coarse,vicon,0.5,13.0,33.1367,94.0773,1116.93
20260504T020331353Z,evalPimNoiseCalibration,V202/tangent,vicon_pim_combined_coarse,vicon,0.5,13.0,125.688,94.0773,1116.93
20260504T020331353Z,evalPimNoiseCalibration,V203/quadrature,vicon_pim_combined_coarse,vicon,0.5,13.0,293.712,94.0773,1116.93
20260504T020331353Z,evalPimNoiseCalibration,V203/tangent,vicon_pim_combined_coarse,vicon,0.5,13.0,191.293,94.0773,1116.93
20260504T020331353Z,evalPimNoiseCalibration,V101/quadrature,vicon_pim_combined_coarse,vicon,1.0,0.5,241.866,271.409,3244.91
20260504T020331353Z,evalPimNoiseCalibration,V101/tangent,vicon_pim_combined_coarse,vicon,1.0,0.5,239.748,271.409,3244.91
20260504T020331353Z,evalPimNoiseCalibration,V102/quadrature,vicon_pim_combined_coarse,vicon,1.0,0.5,119.29,271.409,3244.91
20260504T020331353Z,evalPimNoiseCalibration,V102/tangent,vicon_pim_combined_coarse,vicon,1.0,0.5,132.229,271.409,3244.91
20260504T020331353Z,evalPimNoiseCalibration,V103/quadrature,vicon_pim_combined_coarse,vicon,1.0,0.5,193.893,271.409,3244.91
20260504T020331353Z,evalPimNoiseCalibration,V103/tangent,vicon_pim_combined_coarse,vicon,1.0,0.5,207.334,271.409,3244.91
20260504T020331353Z,evalPimNoiseCalibration,V201/quadrature,vicon_pim_combined_coarse,vicon,1.0,0.5,249.966,271.409,3244.91
20260504T020331353Z,evalPimNoiseCalibration,V201/tangent,vicon_pim_combined_coarse,vicon,1.0,0.5,256.936,271.409,3244.91
20260504T020331353Z,evalPimNoiseCalibration,V202/quadrature,vicon_pim_combined_coarse,vicon,1.0,0.5,294.744,271.409,3244.91
20260504T020331353Z,evalPimNoiseCalibration,V202/tangent,vicon_pim_combined_coarse,vicon,1.0,0.5,350.463,271.409,3244.91
20260504T020331353Z,evalPimNoiseCalibration,V203/quadrature,vicon_pim_combined_coarse,vicon,1.0,0.5,497.367,271.409,3244.91
20260504T020331353Z,evalPimNoiseCalibration,V203/tangent,vicon_pim_combined_coarse,vicon,1.0,0.5,473.073,271.409,3244.91
20260504T020331353Z,evalPimNoiseCalibration,V101/quadrature,vicon_pim_combined_coarse,vicon,1.0,1.0,98.3216,102.114,1213.37
20260504T020331353Z,evalPimNoiseCalibration,V101/tangent,vicon_pim_combined_coarse,vicon,1.0,1.0,101.821,102.114,1213.37
20260504T020331353Z,evalPimNoiseCalibration,V102/quadrature,vicon_pim_combined_coarse,vicon,1.0,1.0,42.2927,102.114,1213.37
20260504T020331353Z,evalPimNoiseCalibration,V102/tangent,vicon_pim_combined_coarse,vicon,1.0,1.0,52.8952,102.114,1213.37
20260504T020331353Z,evalPimNoiseCalibration,V103/quadrature,vicon_pim_combined_coarse,vicon,1.0,1.0,70.8218,102.114,1213.37
20260504T020331353Z,evalPimNoiseCalibration,V103/tangent,vicon_pim_combined_coarse,vicon,1.0,1.0,90.4389,102.114,1213.37
20260504T020331353Z,evalPimNoiseCalibration,V201/quadrature,vicon_pim_combined_coarse,vicon,1.0,1.0,74.804,102.114,1213.37
20260504T020331353Z,evalPimNoiseCalibration,V201/tangent,vicon_pim_combined_coarse,vicon,1.0,1.0,83.9165,102.114,1213.37
20260504T020331353Z,evalPimNoiseCalibration,V202/quadrature,vicon_pim_combined_coarse,vicon,1.0,1.0,91.9994,102.114,1213.37
20260504T020331353Z,evalPimNoiseCalibration,V202/tangent,vicon_pim_combined_coarse,vicon,1.0,1.0,128.878,102.114,1213.37
20260504T020331353Z,evalPimNoiseCalibration,V203/quadrature,vicon_pim_combined_coarse,vicon,1.0,1.0,203.398,102.114,1213.37
20260504T020331353Z,evalPimNoiseCalibration,V203/tangent,vicon_pim_combined_coarse,vicon,1.0,1.0,185.786,102.114,1213.37
20260504T020331353Z,evalPimNoiseCalibration,V101/quadrature,vicon_pim_combined_coarse,vicon,1.0,2.0,49.2909,46.6161,547.394
20260504T020331353Z,evalPimNoiseCalibration,V101/tangent,vicon_pim_combined_coarse,vicon,1.0,2.0,54.8999,46.6161,547.394
20260504T020331353Z,evalPimNoiseCalibration,V102/quadrature,vicon_pim_combined_coarse,vicon,1.0,2.0,16.8068,46.6161,547.394
20260504T020331353Z,evalPimNoiseCalibration,V102/tangent,vicon_pim_combined_coarse,vicon,1.0,2.0,24.4823,46.6161,547.394
20260504T020331353Z,evalPimNoiseCalibration,V103/quadrature,vicon_pim_combined_coarse,vicon,1.0,2.0,27.3657,46.6161,547.394
20260504T020331353Z,evalPimNoiseCalibration,V103/tangent,vicon_pim_combined_coarse,vicon,1.0,2.0,43.2896,46.6161,547.394
20260504T020331353Z,evalPimNoiseCalibration,V201/quadrature,vicon_pim_combined_coarse,vicon,1.0,2.0,25.1506,46.6161,547.394
20260504T020331353Z,evalPimNoiseCalibration,V201/tangent,vicon_pim_combined_coarse,vicon,1.0,2.0,33.3933,46.6161,547.394
20260504T020331353Z,evalPimNoiseCalibration,V202/quadrature,vicon_pim_combined_coarse,vicon,1.0,2.0,33.4468,46.6161,547.394
20260504T020331353Z,evalPimNoiseCalibration,V202/tangent,vicon_pim_combined_coarse,vicon,1.0,2.0,59.3598,46.6161,547.394
20260504T020331353Z,evalPimNoiseCalibration,V203/quadrature,vicon_pim_combined_coarse,vicon,1.0,2.0,103.13,46.6161,547.394
20260504T020331353Z,evalPimNoiseCalibration,V203/tangent,vicon_pim_combined_coarse,vicon,1.0,2.0,88.7783,46.6161,547.394
20260504T020331353Z,evalPimNoiseCalibration,V101/quadrature,vicon_pim_combined_coarse,vicon,1.0,3.0,37.4463,34.4338,401.206
20260504T020331353Z,evalPimNoiseCalibration,V101/tangent,vicon_pim_combined_coarse,vicon,1.0,3.0,44.6466,34.4338,401.206
20260504T020331353Z,evalPimNoiseCalibration,V102/quadrature,vicon_pim_combined_coarse,vicon,1.0,3.0,10.1425,34.4338,401.206
20260504T020331353Z,evalPimNoiseCalibration,V102/tangent,vicon_pim_combined_coarse,vicon,1.0,3.0,16.7297,34.4338,401.206
20260504T020331353Z,evalPimNoiseCalibration,V103/quadrature,vicon_pim_combined_coarse,vicon,1.0,3.0,16.8221,34.4338,401.206
20260504T020331353Z,evalPimNoiseCalibration,V103/tangent,vicon_pim_combined_coarse,vicon,1.0,3.0,32.2356,34.4338,401.206
20260504T020331353Z,evalPimNoiseCalibration,V201/quadrature,vicon_pim_combined_coarse,vicon,1.0,3.0,14.932,34.4338,401.206
20260504T020331353Z,evalPimNoiseCalibration,V201/tangent,vicon_pim_combined_coarse,vicon,1.0,3.0,21.6018,34.4338,401.206
20260504T020331353Z,evalPimNoiseCalibration,V202/quadrature,vicon_pim_combined_coarse,vicon,1.0,3.0,20.6786,34.4338,401.206
20260504T020331353Z,evalPimNoiseCalibration,V202/tangent,vicon_pim_combined_coarse,vicon,1.0,3.0,43.3858,34.4338,401.206
20260504T020331353Z,evalPimNoiseCalibration,V203/quadrature,vicon_pim_combined_coarse,vicon,1.0,3.0,86.621,34.4338,401.206
20260504T020331353Z,evalPimNoiseCalibration,V203/tangent,vicon_pim_combined_coarse,vicon,1.0,3.0,67.9641,34.4338,401.206
20260504T020331353Z,evalPimNoiseCalibration,V101/quadrature,vicon_pim_combined_coarse,vicon,1.0,5.0,32.0949,27.3798,316.557
20260504T020331353Z,evalPimNoiseCalibration,V101/tangent,vicon_pim_combined_coarse,vicon,1.0,5.0,39.2756,27.3798,316.557
20260504T020331353Z,evalPimNoiseCalibration,V102/quadrature,vicon_pim_combined_coarse,vicon,1.0,5.0,6.60228,27.3798,316.557
20260504T020331353Z,evalPimNoiseCalibration,V102/tangent,vicon_pim_combined_coarse,vicon,1.0,5.0,12.4614,27.3798,316.557
20260504T020331353Z,evalPimNoiseCalibration,V103/quadrature,vicon_pim_combined_coarse,vicon,1.0,5.0,10.2986,27.3798,316.557
20260504T020331353Z,evalPimNoiseCalibration,V103/tangent,vicon_pim_combined_coarse,vicon,1.0,5.0,24.156,27.3798,316.557
20260504T020331353Z,evalPimNoiseCalibration,V201/quadrature,vicon_pim_combined_coarse,vicon,1.0,5.0,8.91461,27.3798,316.557
20260504T020331353Z,evalPimNoiseCalibration,V201/tangent,vicon_pim_combined_coarse,vicon,1.0,5.0,15.5854,27.3798,316.557
20260504T020331353Z,evalPimNoiseCalibration,V202/quadrature,vicon_pim_combined_coarse,vicon,1.0,5.0,12.9503,27.3798,316.557
20260504T020331353Z,evalPimNoiseCalibration,V202/tangent,vicon_pim_combined_coarse,vicon,1.0,5.0,35.7534,27.3798,316.557
20260504T020331353Z,evalPimNoiseCalibration,V203/quadrature,vicon_pim_combined_coarse,vicon,1.0,5.0,76.6087,27.3798,316.557
20260504T020331353Z,evalPimNoiseCalibration,V203/tangent,vicon_pim_combined_coarse,vicon,1.0,5.0,53.856,27.3798,316.557
20260504T020331353Z,evalPimNoiseCalibration,V101/quadrature,vicon_pim_combined_coarse,vicon,1.0,7.0,30.3379,25.4435,293.322
20260504T020331353Z,evalPimNoiseCalibration,V101/tangent,vicon_pim_combined_coarse,vicon,1.0,7.0,37.2661,25.4435,293.322
20260504T020331353Z,evalPimNoiseCalibration,V102/quadrature,vicon_pim_combined_coarse,vicon,1.0,7.0,5.16355,25.4435,293.322
20260504T020331353Z,evalPimNoiseCalibration,V102/tangent,vicon_pim_combined_coarse,vicon,1.0,7.0,11.5765,25.4435,293.322
20260504T020331353Z,evalPimNoiseCalibration,V103/quadrature,vicon_pim_combined_coarse,vicon,1.0,7.0,8.17349,25.4435,293.322
20260504T020331353Z,evalPimNoiseCalibration,V103/tangent,vicon_pim_combined_coarse,vicon,1.0,7.0,22.2544,25.4435,293.322
20260504T020331353Z,evalPimNoiseCalibration,V201/quadrature,vicon_pim_combined_coarse,vicon,1.0,7.0,7.09999,25.4435,293.322
20260504T020331353Z,evalPimNoiseCalibration,V201/tangent,vicon_pim_combined_coarse,vicon,1.0,7.0,13.7755,25.4435,293.322
20260504T020331353Z,evalPimNoiseCalibration,V202/quadrature,vicon_pim_combined_coarse,vicon,1.0,7.0,10.659,25.4435,293.322
20260504T020331353Z,evalPimNoiseCalibration,V202/tangent,vicon_pim_combined_coarse,vicon,1.0,7.0,33.0854,25.4435,293.322
20260504T020331353Z,evalPimNoiseCalibration,V203/quadrature,vicon_pim_combined_coarse,vicon,1.0,7.0,75.1416,25.4435,293.322
20260504T020331353Z,evalPimNoiseCalibration,V203/tangent,vicon_pim_combined_coarse,vicon,1.0,7.0,50.7885,25.4435,293.322
20260504T020331353Z,evalPimNoiseCalibration,V101/quadrature,vicon_pim_combined_coarse,vicon,1.0,10.0,29.4794,24.3878,280.654
20260504T020331353Z,evalPimNoiseCalibration,V101/tangent,vicon_pim_combined_coarse,vicon,1.0,10.0,36.2269,24.3878,280.654
20260504T020331353Z,evalPimNoiseCalibration,V102/quadrature,vicon_pim_combined_coarse,vicon,1.0,10.0,4.38003,24.3878,280.654
20260504T020331353Z,evalPimNoiseCalibration,V102/tangent,vicon_pim_combined_coarse,vicon,1.0,10.0,10.9102,24.3878,280.654
20260504T020331353Z,evalPimNoiseCalibration,V103/quadrature,vicon_pim_combined_coarse,vicon,1.0,10.0,6.89273,24.3878,280.654
20260504T020331353Z,evalPimNoiseCalibration,V103/tangent,vicon_pim_combined_coarse,vicon,1.0,10.0,20.7055,24.3878,280.654
20260504T020331353Z,evalPimNoiseCalibration,V201/quadrature,vicon_pim_combined_coarse,vicon,1.0,10.0,6.20129,24.3878,280.654
20260504T020331353Z,evalPimNoiseCalibration,V201/tangent,vicon_pim_combined_coarse,vicon,1.0,10.0,12.7942,24.3878,280.654
20260504T020331353Z,evalPimNoiseCalibration,V202/quadrature,vicon_pim_combined_coarse,vicon,1.0,10.0,9.31835,24.3878,280.654
20260504T020331353Z,evalPimNoiseCalibration,V202/tangent,vicon_pim_combined_coarse,vicon,1.0,10.0,31.9788,24.3878,280.654
20260504T020331353Z,evalPimNoiseCalibration,V203/quadrature,vicon_pim_combined_coarse,vicon,1.0,10.0,74.3407,24.3878,280.654
20260504T020331353Z,evalPimNoiseCalibration,V203/tangent,vicon_pim_combined_coarse,vicon,1.0,10.0,49.4257,24.3878,280.654
20260504T020331353Z,evalPimNoiseCalibration,V101/quadrature,vicon_pim_combined_coarse,vicon,1.0,13.0,29.1483,23.938,275.256
20260504T020331353Z,evalPimNoiseCalibration,V101/tangent,vicon_pim_combined_coarse,vicon,1.0,13.0,35.9158,23.938,275.256
20260504T020331353Z,evalPimNoiseCalibration,V102/quadrature,vicon_pim_combined_coarse,vicon,1.0,13.0,4.21237,23.938,275.256
20260504T020331353Z,evalPimNoiseCalibration,V102/tangent,vicon_pim_combined_coarse,vicon,1.0,13.0,10.6548,23.938,275.256
20260504T020331353Z,evalPimNoiseCalibration,V103/quadrature,vicon_pim_combined_coarse,vicon,1.0,13.0,6.34584,23.938,275.256
20260504T020331353Z,evalPimNoiseCalibration,V103/tangent,vicon_pim_combined_coarse,vicon,1.0,13.0,20.1448,23.938,275.256
20260504T020331353Z,evalPimNoiseCalibration,V201/quadrature,vicon_pim_combined_coarse,vicon,1.0,13.0,5.83729,23.938,275.256
20260504T020331353Z,evalPimNoiseCalibration,V201/tangent,vicon_pim_combined_coarse,vicon,1.0,13.0,12.3177,23.938,275.256
20260504T020331353Z,evalPimNoiseCalibration,V202/quadrature,vicon_pim_combined_coarse,vicon,1.0,13.0,8.77642,23.938,275.256
20260504T020331353Z,evalPimNoiseCalibration,V202/tangent,vicon_pim_combined_coarse,vicon,1.0,13.0,31.6884,23.938,275.256
20260504T020331353Z,evalPimNoiseCalibration,V203/quadrature,vicon_pim_combined_coarse,vicon,1.0,13.0,73.9218,23.938,275.256
20260504T020331353Z,evalPimNoiseCalibration,V203/tangent,vicon_pim_combined_coarse,vicon,1.0,13.0,48.2922,23.938,275.256
20260504T020331353Z,evalPimNoiseCalibration,V101/quadrature,vicon_pim_combined_coarse,vicon,2.0,0.5,194.42,233.304,2787.64
20260504T020331353Z,evalPimNoiseCalibration,V101/tangent,vicon_pim_combined_coarse,vicon,2.0,0.5,191.503,233.304,2787.64
20260504T020331353Z,evalPimNoiseCalibration,V102/quadrature,vicon_pim_combined_coarse,vicon,2.0,0.5,115.277,233.304,2787.64
20260504T020331353Z,evalPimNoiseCalibration,V102/tangent,vicon_pim_combined_coarse,vicon,2.0,0.5,113.217,233.304,2787.64
20260504T020331353Z,evalPimNoiseCalibration,V103/quadrature,vicon_pim_combined_coarse,vicon,2.0,0.5,185.148,233.304,2787.64
20260504T020331353Z,evalPimNoiseCalibration,V103/tangent,vicon_pim_combined_coarse,vicon,2.0,0.5,181.505,233.304,2787.64
20260504T020331353Z,evalPimNoiseCalibration,V201/quadrature,vicon_pim_combined_coarse,vicon,2.0,0.5,240.057,233.304,2787.64
20260504T020331353Z,evalPimNoiseCalibration,V201/tangent,vicon_pim_combined_coarse,vicon,2.0,0.5,235.074,233.304,2787.64
20260504T020331353Z,evalPimNoiseCalibration,V202/quadrature,vicon_pim_combined_coarse,vicon,2.0,0.5,279.055,233.304,2787.64
20260504T020331353Z,evalPimNoiseCalibration,V202/tangent,vicon_pim_combined_coarse,vicon,2.0,0.5,288.431,233.304,2787.64
20260504T020331353Z,evalPimNoiseCalibration,V203/quadrature,vicon_pim_combined_coarse,vicon,2.0,0.5,394.007,233.304,2787.64
20260504T020331353Z,evalPimNoiseCalibration,V203/tangent,vicon_pim_combined_coarse,vicon,2.0,0.5,381.949,233.304,2787.64
20260504T020331353Z,evalPimNoiseCalibration,V101/quadrature,vicon_pim_combined_coarse,vicon,2.0,1.0,66.0328,76.2955,903.546
20260504T020331353Z,evalPimNoiseCalibration,V101/tangent,vicon_pim_combined_coarse,vicon,2.0,1.0,65.7701,76.2955,903.546
20260504T020331353Z,evalPimNoiseCalibration,V102/quadrature,vicon_pim_combined_coarse,vicon,2.0,1.0,37.9067,76.2955,903.546
20260504T020331353Z,evalPimNoiseCalibration,V102/tangent,vicon_pim_combined_coarse,vicon,2.0,1.0,40.0793,76.2955,903.546
20260504T020331353Z,evalPimNoiseCalibration,V103/quadrature,vicon_pim_combined_coarse,vicon,2.0,1.0,62.4185,76.2955,903.546
20260504T020331353Z,evalPimNoiseCalibration,V103/tangent,vicon_pim_combined_coarse,vicon,2.0,1.0,65.4484,76.2955,903.546
20260504T020331353Z,evalPimNoiseCalibration,V201/quadrature,vicon_pim_combined_coarse,vicon,2.0,1.0,67.8361,76.2955,903.546
20260504T020331353Z,evalPimNoiseCalibration,V201/tangent,vicon_pim_combined_coarse,vicon,2.0,1.0,71.4516,76.2955,903.546
20260504T020331353Z,evalPimNoiseCalibration,V202/quadrature,vicon_pim_combined_coarse,vicon,2.0,1.0,82.8379,76.2955,903.546
20260504T020331353Z,evalPimNoiseCalibration,V202/tangent,vicon_pim_combined_coarse,vicon,2.0,1.0,94.7297,76.2955,903.546
20260504T020331353Z,evalPimNoiseCalibration,V203/quadrature,vicon_pim_combined_coarse,vicon,2.0,1.0,133.192,76.2955,903.546
20260504T020331353Z,evalPimNoiseCalibration,V203/tangent,vicon_pim_combined_coarse,vicon,2.0,1.0,127.843,76.2955,903.546
20260504T020331353Z,evalPimNoiseCalibration,V101/quadrature,vicon_pim_combined_coarse,vicon,2.0,2.0,26.2681,27.2431,314.917
20260504T020331353Z,evalPimNoiseCalibration,V101/tangent,vicon_pim_combined_coarse,vicon,2.0,2.0,26.7661,27.2431,314.917
20260504T020331353Z,evalPimNoiseCalibration,V102/quadrature,vicon_pim_combined_coarse,vicon,2.0,2.0,12.1145,27.2431,314.917
20260504T020331353Z,evalPimNoiseCalibration,V102/tangent,vicon_pim_combined_coarse,vicon,2.0,2.0,14.8016,27.2431,314.917
20260504T020331353Z,evalPimNoiseCalibration,V103/quadrature,vicon_pim_combined_coarse,vicon,2.0,2.0,20.0958,27.2431,314.917
20260504T020331353Z,evalPimNoiseCalibration,V103/tangent,vicon_pim_combined_coarse,vicon,2.0,2.0,25.118,27.2431,314.917
20260504T020331353Z,evalPimNoiseCalibration,V201/quadrature,vicon_pim_combined_coarse,vicon,2.0,2.0,19.7428,27.2431,314.917
20260504T020331353Z,evalPimNoiseCalibration,V201/tangent,vicon_pim_combined_coarse,vicon,2.0,2.0,22.1925,27.2431,314.917
20260504T020331353Z,evalPimNoiseCalibration,V202/quadrature,vicon_pim_combined_coarse,vicon,2.0,2.0,25.0059,27.2431,314.917
20260504T020331353Z,evalPimNoiseCalibration,V202/tangent,vicon_pim_combined_coarse,vicon,2.0,2.0,33.8703,27.2431,314.917
20260504T020331353Z,evalPimNoiseCalibration,V203/quadrature,vicon_pim_combined_coarse,vicon,2.0,2.0,53.1199,27.2431,314.917
20260504T020331353Z,evalPimNoiseCalibration,V203/tangent,vicon_pim_combined_coarse,vicon,2.0,2.0,47.8219,27.2431,314.917
20260504T020331353Z,evalPimNoiseCalibration,V101/quadrature,vicon_pim_combined_coarse,vicon,2.0,3.0,16.255,16.0534,180.64
20260504T020331353Z,evalPimNoiseCalibration,V101/tangent,vicon_pim_combined_coarse,vicon,2.0,3.0,17.6676,16.0534,180.64
20260504T020331353Z,evalPimNoiseCalibration,V102/quadrature,vicon_pim_combined_coarse,vicon,2.0,3.0,6.27483,16.0534,180.64
20260504T020331353Z,evalPimNoiseCalibration,V102/tangent,vicon_pim_combined_coarse,vicon,2.0,3.0,8.85601,16.0534,180.64
20260504T020331353Z,evalPimNoiseCalibration,V103/quadrature,vicon_pim_combined_coarse,vicon,2.0,3.0,10.8043,16.0534,180.64
20260504T020331353Z,evalPimNoiseCalibration,V103/tangent,vicon_pim_combined_coarse,vicon,2.0,3.0,15.3052,16.0534,180.64
20260504T020331353Z,evalPimNoiseCalibration,V201/quadrature,vicon_pim_combined_coarse,vicon,2.0,3.0,9.8083,16.0534,180.64
20260504T020331353Z,evalPimNoiseCalibration,V201/tangent,vicon_pim_combined_coarse,vicon,2.0,3.0,12.2846,16.0534,180.64
20260504T020331353Z,evalPimNoiseCalibration,V202/quadrature,vicon_pim_combined_coarse,vicon,2.0,3.0,13.1821,16.0534,180.64
20260504T020331353Z,evalPimNoiseCalibration,V202/tangent,vicon_pim_combined_coarse,vicon,2.0,3.0,20.1742,16.0534,180.64
20260504T020331353Z,evalPimNoiseCalibration,V203/quadrature,vicon_pim_combined_coarse,vicon,2.0,3.0,32.8857,16.0534,180.64
20260504T020331353Z,evalPimNoiseCalibration,V203/tangent,vicon_pim_combined_coarse,vicon,2.0,3.0,29.1425,16.0534,180.64
20260504T020331353Z,evalPimNoiseCalibration,V101/quadrature,vicon_pim_combined_coarse,vicon,2.0,5.0,10.5465,9.76321,105.159
20260504T020331353Z,evalPimNoiseCalibration,V101/tangent,vicon_pim_combined_coarse,vicon,2.0,5.0,12.2596,9.76321,105.159
20260504T020331353Z,evalPimNoiseCalibration,V102/quadrature,vicon_pim_combined_coarse,vicon,2.0,5.0,3.22666,9.76321,105.159
20260504T020331353Z,evalPimNoiseCalibration,V102/tangent,vicon_pim_combined_coarse,vicon,2.0,5.0,4.9557,9.76321,105.159
20260504T020331353Z,evalPimNoiseCalibration,V103/quadrature,vicon_pim_combined_coarse,vicon,2.0,5.0,5.25968,9.76321,105.159
20260504T020331353Z,evalPimNoiseCalibration,V103/tangent,vicon_pim_combined_coarse,vicon,2.0,5.0,9.22853,9.76321,105.159
20260504T020331353Z,evalPimNoiseCalibration,V201/quadrature,vicon_pim_combined_coarse,vicon,2.0,5.0,4.71152,9.76321,105.159
20260504T020331353Z,evalPimNoiseCalibration,V201/tangent,vicon_pim_combined_coarse,vicon,2.0,5.0,6.53684,9.76321,105.159
20260504T020331353Z,evalPimNoiseCalibration,V202/quadrature,vicon_pim_combined_coarse,vicon,2.0,5.0,6.4525,9.76321,105.159
20260504T020331353Z,evalPimNoiseCalibration,V202/tangent,vicon_pim_combined_coarse,vicon,2.0,5.0,12.31,9.76321,105.159
20260504T020331353Z,evalPimNoiseCalibration,V203/quadrature,vicon_pim_combined_coarse,vicon,2.0,5.0,22.8268,9.76321,105.159
20260504T020331353Z,evalPimNoiseCalibration,V203/tangent,vicon_pim_combined_coarse,vicon,2.0,5.0,18.8442,9.76321,105.159
20260504T020331353Z,evalPimNoiseCalibration,V101/quadrature,vicon_pim_combined_coarse,vicon,2.0,7.0,8.85486,7.87404,82.4884
20260504T020331353Z,evalPimNoiseCalibration,V101/tangent,vicon_pim_combined_coarse,vicon,2.0,7.0,10.7041,7.87404,82.4884
20260504T020331353Z,evalPimNoiseCalibration,V102/quadrature,vicon_pim_combined_coarse,vicon,2.0,7.0,2.20842,7.87404,82.4884
20260504T020331353Z,evalPimNoiseCalibration,V102/tangent,vicon_pim_combined_coarse,vicon,2.0,7.0,3.72926,7.87404,82.4884
20260504T020331353Z,evalPimNoiseCalibration,V103/quadrature,vicon_pim_combined_coarse,vicon,2.0,7.0,3.60236,7.87404,82.4884
20260504T020331353Z,evalPimNoiseCalibration,V103/tangent,vicon_pim_combined_coarse,vicon,2.0,7.0,7.35138,7.87404,82.4884
20260504T020331353Z,evalPimNoiseCalibration,V201/quadrature,vicon_pim_combined_coarse,vicon,2.0,7.0,3.11069,7.87404,82.4884
20260504T020331353Z,evalPimNoiseCalibration,V201/tangent,vicon_pim_combined_coarse,vicon,2.0,7.0,4.75939,7.87404,82.4884
20260504T020331353Z,evalPimNoiseCalibration,V202/quadrature,vicon_pim_combined_coarse,vicon,2.0,7.0,4.42306,7.87404,82.4884
20260504T020331353Z,evalPimNoiseCalibration,V202/tangent,vicon_pim_combined_coarse,vicon,2.0,7.0,10.073,7.87404,82.4884
20260504T020331353Z,evalPimNoiseCalibration,V203/quadrature,vicon_pim_combined_coarse,vicon,2.0,7.0,20.1332,7.87404,82.4884
20260504T020331353Z,evalPimNoiseCalibration,V203/tangent,vicon_pim_combined_coarse,vicon,2.0,7.0,15.5387,7.87404,82.4884
20260504T020331353Z,evalPimNoiseCalibration,V101/quadrature,vicon_pim_combined_coarse,vicon,2.0,10.0,8.03403,6.85212,70.2254
20260504T020331353Z,evalPimNoiseCalibration,V101/tangent,vicon_pim_combined_coarse,vicon,2.0,10.0,9.82827,6.85212,70.2254
20260504T020331353Z,evalPimNoiseCalibration,V102/quadrature,vicon_pim_combined_coarse,vicon,2.0,10.0,1.65229,6.85212,70.2254
20260504T020331353Z,evalPimNoiseCalibration,V102/tangent,vicon_pim_combined_coarse,vicon,2.0,10.0,3.11858,6.85212,70.2254
20260504T020331353Z,evalPimNoiseCalibration,V103/quadrature,vicon_pim_combined_coarse,vicon,2.0,10.0,2.58481,6.85212,70.2254
20260504T020331353Z,evalPimNoiseCalibration,V103/tangent,vicon_pim_combined_coarse,vicon,2.0,10.0,6.0599,6.85212,70.2254
20260504T020331353Z,evalPimNoiseCalibration,V201/quadrature,vicon_pim_combined_coarse,vicon,2.0,10.0,2.23347,6.85212,70.2254
20260504T020331353Z,evalPimNoiseCalibration,V201/tangent,vicon_pim_combined_coarse,vicon,2.0,10.0,3.89983,6.85212,70.2254
20260504T020331353Z,evalPimNoiseCalibration,V202/quadrature,vicon_pim_combined_coarse,vicon,2.0,10.0,3.23841,6.85212,70.2254
20260504T020331353Z,evalPimNoiseCalibration,V202/tangent,vicon_pim_combined_coarse,vicon,2.0,10.0,8.9463,6.85212,70.2254
20260504T020331353Z,evalPimNoiseCalibration,V203/quadrature,vicon_pim_combined_coarse,vicon,2.0,10.0,19.1598,6.85212,70.2254
20260504T020331353Z,evalPimNoiseCalibration,V203/tangent,vicon_pim_combined_coarse,vicon,2.0,10.0,13.4697,6.85212,70.2254
20260504T020331353Z,evalPimNoiseCalibration,V101/quadrature,vicon_pim_combined_coarse,vicon,2.0,13.0,7.69833,6.45516,65.4619
20260504T020331353Z,evalPimNoiseCalibration,V101/tangent,vicon_pim_combined_coarse,vicon,2.0,13.0,9.48003,6.45516,65.4619
20260504T020331353Z,evalPimNoiseCalibration,V102/quadrature,vicon_pim_combined_coarse,vicon,2.0,13.0,1.35058,6.45516,65.4619
20260504T020331353Z,evalPimNoiseCalibration,V102/tangent,vicon_pim_combined_coarse,vicon,2.0,13.0,2.93759,6.45516,65.4619
20260504T020331353Z,evalPimNoiseCalibration,V103/quadrature,vicon_pim_combined_coarse,vicon,2.0,13.0,2.16805,6.45516,65.4619
20260504T020331353Z,evalPimNoiseCalibration,V103/tangent,vicon_pim_combined_coarse,vicon,2.0,13.0,5.71095,6.45516,65.4619
20260504T020331353Z,evalPimNoiseCalibration,V201/quadrature,vicon_pim_combined_coarse,vicon,2.0,13.0,1.84997,6.45516,65.4619
20260504T020331353Z,evalPimNoiseCalibration,V201/tangent,vicon_pim_combined_coarse,vicon,2.0,13.0,3.51518,6.45516,65.4619
20260504T020331353Z,evalPimNoiseCalibration,V202/quadrature,vicon_pim_combined_coarse,vicon,2.0,13.0,2.76414,6.45516,65.4619
20260504T020331353Z,evalPimNoiseCalibration,V202/tangent,vicon_pim_combined_coarse,vicon,2.0,13.0,8.3617,6.45516,65.4619
20260504T020331353Z,evalPimNoiseCalibration,V203/quadrature,vicon_pim_combined_coarse,vicon,2.0,13.0,18.8418,6.45516,65.4619
20260504T020331353Z,evalPimNoiseCalibration,V203/tangent,vicon_pim_combined_coarse,vicon,2.0,13.0,12.7835,6.45516,65.4619
20260504T020331353Z,evalPimNoiseCalibration,V101/quadrature,vicon_pim_combined_coarse,vicon,3.0,0.5,179.14,218.537,2610.44
20260504T020331353Z,evalPimNoiseCalibration,V101/tangent,vicon_pim_combined_coarse,vicon,3.0,0.5,173.31,218.537,2610.44
20260504T020331353Z,evalPimNoiseCalibration,V102/quadrature,vicon_pim_combined_coarse,vicon,3.0,0.5,111.142,218.537,2610.44
20260504T020331353Z,evalPimNoiseCalibration,V102/tangent,vicon_pim_combined_coarse,vicon,3.0,0.5,106.945,218.537,2610.44
20260504T020331353Z,evalPimNoiseCalibration,V103/quadrature,vicon_pim_combined_coarse,vicon,3.0,0.5,181.524,218.537,2610.44
20260504T020331353Z,evalPimNoiseCalibration,V103/tangent,vicon_pim_combined_coarse,vicon,3.0,0.5,173.692,218.537,2610.44
20260504T020331353Z,evalPimNoiseCalibration,V201/quadrature,vicon_pim_combined_coarse,vicon,3.0,0.5,230.166,218.537,2610.44
20260504T020331353Z,evalPimNoiseCalibration,V201/tangent,vicon_pim_combined_coarse,vicon,3.0,0.5,224.027,218.537,2610.44
20260504T020331353Z,evalPimNoiseCalibration,V202/quadrature,vicon_pim_combined_coarse,vicon,3.0,0.5,267.669,218.537,2610.44
20260504T020331353Z,evalPimNoiseCalibration,V202/tangent,vicon_pim_combined_coarse,vicon,3.0,0.5,273.545,218.537,2610.44
20260504T020331353Z,evalPimNoiseCalibration,V203/quadrature,vicon_pim_combined_coarse,vicon,3.0,0.5,350.174,218.537,2610.44
20260504T020331353Z,evalPimNoiseCalibration,V203/tangent,vicon_pim_combined_coarse,vicon,3.0,0.5,351.105,218.537,2610.44
20260504T020331353Z,evalPimNoiseCalibration,V101/quadrature,vicon_pim_combined_coarse,vicon,3.0,1.0,58.0071,69.5799,822.959
20260504T020331353Z,evalPimNoiseCalibration,V101/tangent,vicon_pim_combined_coarse,vicon,3.0,1.0,56.3528,69.5799,822.959
20260504T020331353Z,evalPimNoiseCalibration,V102/quadrature,vicon_pim_combined_coarse,vicon,3.0,1.0,36.5111,69.5799,822.959
20260504T020331353Z,evalPimNoiseCalibration,V102/tangent,vicon_pim_combined_coarse,vicon,3.0,1.0,37.3165,69.5799,822.959
20260504T020331353Z,evalPimNoiseCalibration,V103/quadrature,vicon_pim_combined_coarse,vicon,3.0,1.0,60.7959,69.5799,822.959
20260504T020331353Z,evalPimNoiseCalibration,V103/tangent,vicon_pim_combined_coarse,vicon,3.0,1.0,60.6022,69.5799,822.959
20260504T020331353Z,evalPimNoiseCalibration,V201/quadrature,vicon_pim_combined_coarse,vicon,3.0,1.0,66.441,69.5799,822.959
20260504T020331353Z,evalPimNoiseCalibration,V201/tangent,vicon_pim_combined_coarse,vicon,3.0,1.0,67.5571,69.5799,822.959
20260504T020331353Z,evalPimNoiseCalibration,V202/quadrature,vicon_pim_combined_coarse,vicon,3.0,1.0,80.0535,69.5799,822.959
20260504T020331353Z,evalPimNoiseCalibration,V202/tangent,vicon_pim_combined_coarse,vicon,3.0,1.0,85.2378,69.5799,822.959
20260504T020331353Z,evalPimNoiseCalibration,V203/quadrature,vicon_pim_combined_coarse,vicon,3.0,1.0,116.303,69.5799,822.959
20260504T020331353Z,evalPimNoiseCalibration,V203/tangent,vicon_pim_combined_coarse,vicon,3.0,1.0,109.781,69.5799,822.959
20260504T020331353Z,evalPimNoiseCalibration,V101/quadrature,vicon_pim_combined_coarse,vicon,3.0,2.0,20.3423,22.5733,258.88
20260504T020331353Z,evalPimNoiseCalibration,V101/tangent,vicon_pim_combined_coarse,vicon,3.0,2.0,20.2924,22.5733,258.88
20260504T020331353Z,evalPimNoiseCalibration,V102/quadrature,vicon_pim_combined_coarse,vicon,3.0,2.0,11.4232,22.5733,258.88
20260504T020331353Z,evalPimNoiseCalibration,V102/tangent,vicon_pim_combined_coarse,vicon,3.0,2.0,12.4928,22.5733,258.88
20260504T020331353Z,evalPimNoiseCalibration,V103/quadrature,vicon_pim_combined_coarse,vicon,3.0,2.0,18.752,22.5733,258.88
20260504T020331353Z,evalPimNoiseCalibration,V103/tangent,vicon_pim_combined_coarse,vicon,3.0,2.0,21.0285,22.5733,258.88
20260504T020331353Z,evalPimNoiseCalibration,V201/quadrature,vicon_pim_combined_coarse,vicon,3.0,2.0,18.585,22.5733,258.88
20260504T020331353Z,evalPimNoiseCalibration,V201/tangent,vicon_pim_combined_coarse,vicon,3.0,2.0,19.8428,22.5733,258.88
20260504T020331353Z,evalPimNoiseCalibration,V202/quadrature,vicon_pim_combined_coarse,vicon,3.0,2.0,23.1168,22.5733,258.88
20260504T020331353Z,evalPimNoiseCalibration,V202/tangent,vicon_pim_combined_coarse,vicon,3.0,2.0,27.2209,22.5733,258.88
20260504T020331353Z,evalPimNoiseCalibration,V203/quadrature,vicon_pim_combined_coarse,vicon,3.0,2.0,39.6418,22.5733,258.88
20260504T020331353Z,evalPimNoiseCalibration,V203/tangent,vicon_pim_combined_coarse,vicon,3.0,2.0,38.1416,22.5733,258.88
20260504T020331353Z,evalPimNoiseCalibration,V101/quadrature,vicon_pim_combined_coarse,vicon,3.0,3.0,11.9117,12.3698,136.438
20260504T020331353Z,evalPimNoiseCalibration,V101/tangent,vicon_pim_combined_coarse,vicon,3.0,3.0,12.2179,12.3698,136.438
20260504T020331353Z,evalPimNoiseCalibration,V102/quadrature,vicon_pim_combined_coarse,vicon,3.0,3.0,5.59255,12.3698,136.438
20260504T020331353Z,evalPimNoiseCalibration,V102/tangent,vicon_pim_combined_coarse,vicon,3.0,3.0,6.76314,12.3698,136.438
20260504T020331353Z,evalPimNoiseCalibration,V103/quadrature,vicon_pim_combined_coarse,vicon,3.0,3.0,9.37361,12.3698,136.438
20260504T020331353Z,evalPimNoiseCalibration,V103/tangent,vicon_pim_combined_coarse,vicon,3.0,3.0,11.6824,12.3698,136.438
20260504T020331353Z,evalPimNoiseCalibration,V201/quadrature,vicon_pim_combined_coarse,vicon,3.0,3.0,8.94296,12.3698,136.438
20260504T020331353Z,evalPimNoiseCalibration,V201/tangent,vicon_pim_combined_coarse,vicon,3.0,3.0,10.0014,12.3698,136.438
20260504T020331353Z,evalPimNoiseCalibration,V202/quadrature,vicon_pim_combined_coarse,vicon,3.0,3.0,11.3431,12.3698,136.438
20260504T020331353Z,evalPimNoiseCalibration,V202/tangent,vicon_pim_combined_coarse,vicon,3.0,3.0,15.2253,12.3698,136.438
20260504T020331353Z,evalPimNoiseCalibration,V203/quadrature,vicon_pim_combined_coarse,vicon,3.0,3.0,23.8437,12.3698,136.438
20260504T020331353Z,evalPimNoiseCalibration,V203/tangent,vicon_pim_combined_coarse,vicon,3.0,3.0,21.5403,12.3698,136.438
20260504T020331353Z,evalPimNoiseCalibration,V101/quadrature,vicon_pim_combined_coarse,vicon,3.0,5.0,6.54316,6.386,64.632
20260504T020331353Z,evalPimNoiseCalibration,V101/tangent,vicon_pim_combined_coarse,vicon,3.0,5.0,7.13434,6.386,64.632
20260504T020331353Z,evalPimNoiseCalibration,V102/quadrature,vicon_pim_combined_coarse,vicon,3.0,5.0,2.50721,6.386,64.632
20260504T020331353Z,evalPimNoiseCalibration,V102/tangent,vicon_pim_combined_coarse,vicon,3.0,5.0,3.44174,6.386,64.632
20260504T020331353Z,evalPimNoiseCalibration,V103/quadrature,vicon_pim_combined_coarse,vicon,3.0,5.0,4.16129,6.386,64.632
20260504T020331353Z,evalPimNoiseCalibration,V103/tangent,vicon_pim_combined_coarse,vicon,3.0,5.0,6.16245,6.386,64.632
20260504T020331353Z,evalPimNoiseCalibration,V201/quadrature,vicon_pim_combined_coarse,vicon,3.0,5.0,3.7954,6.386,64.632
20260504T020331353Z,evalPimNoiseCalibration,V201/tangent,vicon_pim_combined_coarse,vicon,3.0,5.0,4.74534,6.386,64.632
20260504T020331353Z,evalPimNoiseCalibration,V202/quadrature,vicon_pim_combined_coarse,vicon,3.0,5.0,5.02402,6.386,64.632
20260504T020331353Z,evalPimNoiseCalibration,V202/tangent,vicon_pim_combined_coarse,vicon,3.0,5.0,8.16169,6.386,64.632
20260504T020331353Z,evalPimNoiseCalibration,V203/quadrature,vicon_pim_combined_coarse,vicon,3.0,5.0,13.2638,6.386,64.632
20260504T020331353Z,evalPimNoiseCalibration,V203/tangent,vicon_pim_combined_coarse,vicon,3.0,5.0,11.6916,6.386,64.632
20260504T020331353Z,evalPimNoiseCalibration,V101/quadrature,vicon_pim_combined_coarse,vicon,3.0,7.0,4.95101,4.61976,43.4371
20260504T020331353Z,evalPimNoiseCalibration,V101/tangent,vicon_pim_combined_coarse,vicon,3.0,7.0,5.67179,4.61976,43.4371
20260504T020331353Z,evalPimNoiseCalibration,V102/quadrature,vicon_pim_combined_coarse,vicon,3.0,7.0,1.59928,4.61976,43.4371
20260504T020331353Z,evalPimNoiseCalibration,V102/tangent,vicon_pim_combined_coarse,vicon,3.0,7.0,2.40105,4.61976,43.4371
20260504T020331353Z,evalPimNoiseCalibration,V103/quadrature,vicon_pim_combined_coarse,vicon,3.0,7.0,2.59546,4.61976,43.4371
20260504T020331353Z,evalPimNoiseCalibration,V103/tangent,vicon_pim_combined_coarse,vicon,3.0,7.0,4.38162,4.61976,43.4371
20260504T020331353Z,evalPimNoiseCalibration,V201/quadrature,vicon_pim_combined_coarse,vicon,3.0,7.0,2.31334,4.61976,43.4371
20260504T020331353Z,evalPimNoiseCalibration,V201/tangent,vicon_pim_combined_coarse,vicon,3.0,7.0,3.17329,4.61976,43.4371
20260504T020331353Z,evalPimNoiseCalibration,V202/quadrature,vicon_pim_combined_coarse,vicon,3.0,7.0,3.13133,4.61976,43.4371
20260504T020331353Z,evalPimNoiseCalibration,V202/tangent,vicon_pim_combined_coarse,vicon,3.0,7.0,5.74688,4.61976,43.4371
20260504T020331353Z,evalPimNoiseCalibration,V203/quadrature,vicon_pim_combined_coarse,vicon,3.0,7.0,10.5217,4.61976,43.4371
20260504T020331353Z,evalPimNoiseCalibration,V203/tangent,vicon_pim_combined_coarse,vicon,3.0,7.0,8.9504,4.61976,43.4371
20260504T020331353Z,evalPimNoiseCalibration,V101/quadrature,vicon_pim_combined_coarse,vicon,3.0,10.0,3.99644,3.60639,31.2767
20260504T020331353Z,evalPimNoiseCalibration,V101/tangent,vicon_pim_combined_coarse,vicon,3.0,10.0,4.84231,3.60639,31.2767
20260504T020331353Z,evalPimNoiseCalibration,V102/quadrature,vicon_pim_combined_coarse,vicon,3.0,10.0,1.02408,3.60639,31.2767
20260504T020331353Z,evalPimNoiseCalibration,V102/tangent,vicon_pim_combined_coarse,vicon,3.0,10.0,1.73096,3.60639,31.2767
20260504T020331353Z,evalPimNoiseCalibration,V103/quadrature,vicon_pim_combined_coarse,vicon,3.0,10.0,1.68823,3.60639,31.2767
20260504T020331353Z,evalPimNoiseCalibration,V103/tangent,vicon_pim_combined_coarse,vicon,3.0,10.0,3.39956,3.60639,31.2767
20260504T020331353Z,evalPimNoiseCalibration,V201/quadrature,vicon_pim_combined_coarse,vicon,3.0,10.0,1.4574,3.60639,31.2767
20260504T020331353Z,evalPimNoiseCalibration,V201/tangent,vicon_pim_combined_coarse,vicon,3.0,10.0,2.20899,3.60639,31.2767
20260504T020331353Z,evalPimNoiseCalibration,V202/quadrature,vicon_pim_combined_coarse,vicon,3.0,10.0,2.0647,3.60639,31.2767
20260504T020331353Z,evalPimNoiseCalibration,V202/tangent,vicon_pim_combined_coarse,vicon,3.0,10.0,4.57249,3.60639,31.2767
20260504T020331353Z,evalPimNoiseCalibration,V203/quadrature,vicon_pim_combined_coarse,vicon,3.0,10.0,9.17254,3.60639,31.2767
20260504T020331353Z,evalPimNoiseCalibration,V203/tangent,vicon_pim_combined_coarse,vicon,3.0,10.0,7.11899,3.60639,31.2767
20260504T020331353Z,evalPimNoiseCalibration,V101/quadrature,vicon_pim_combined_coarse,vicon,3.0,13.0,3.70143,3.19387,26.6976
20260504T020331353Z,evalPimNoiseCalibration,V101/tangent,vicon_pim_combined_coarse,vicon,3.0,13.0,4.48883,3.19387,26.6976
20260504T020331353Z,evalPimNoiseCalibration,V102/quadrature,vicon_pim_combined_coarse,vicon,3.0,13.0,0.814389,3.19387,26.6976
20260504T020331353Z,evalPimNoiseCalibration,V102/tangent,vicon_pim_combined_coarse,vicon,3.0,13.0,1.46033,3.19387,26.6976
20260504T020331353Z,evalPimNoiseCalibration,V103/quadrature,vicon_pim_combined_coarse,vicon,3.0,13.0,1.29312,3.19387,26.6976
20260504T020331353Z,evalPimNoiseCalibration,V103/tangent,vicon_pim_combined_coarse,vicon,3.0,13.0,2.84801,3.19387,26.6976
20260504T020331353Z,evalPimNoiseCalibration,V201/quadrature,vicon_pim_combined_coarse,vicon,3.0,13.0,1.13715,3.19387,26.6976
20260504T020331353Z,evalPimNoiseCalibration,V201/tangent,vicon_pim_combined_coarse,vicon,3.0,13.0,1.85243,3.19387,26.6976
20260504T020331353Z,evalPimNoiseCalibration,V202/quadrature,vicon_pim_combined_coarse,vicon,3.0,13.0,1.63057,3.19387,26.6976
20260504T020331353Z,evalPimNoiseCalibration,V202/tangent,vicon_pim_combined_coarse,vicon,3.0,13.0,4.08813,3.19387,26.6976
20260504T020331353Z,evalPimNoiseCalibration,V203/quadrature,vicon_pim_combined_coarse,vicon,3.0,13.0,8.60855,3.19387,26.6976
20260504T020331353Z,evalPimNoiseCalibration,V203/tangent,vicon_pim_combined_coarse,vicon,3.0,13.0,6.40345,3.19387,26.6976
20260504T020331353Z,evalPimNoiseCalibration,V101/quadrature,vicon_pim_combined_coarse,vicon,5.0,0.5,159.869,196.742,2348.9
20260504T020331353Z,evalPimNoiseCalibration,V101/tangent,vicon_pim_combined_coarse,vicon,5.0,0.5,155.992,196.742,2348.9
20260504T020331353Z,evalPimNoiseCalibration,V102/quadrature,vicon_pim_combined_coarse,vicon,5.0,0.5,101.066,196.742,2348.9
20260504T020331353Z,evalPimNoiseCalibration,V102/tangent,vicon_pim_combined_coarse,vicon,5.0,0.5,100.783,196.742,2348.9
20260504T020331353Z,evalPimNoiseCalibration,V103/quadrature,vicon_pim_combined_coarse,vicon,5.0,0.5,171.236,196.742,2348.9
20260504T020331353Z,evalPimNoiseCalibration,V103/tangent,vicon_pim_combined_coarse,vicon,5.0,0.5,162.423,196.742,2348.9
20260504T020331353Z,evalPimNoiseCalibration,V201/quadrature,vicon_pim_combined_coarse,vicon,5.0,0.5,208.153,196.742,2348.9
20260504T020331353Z,evalPimNoiseCalibration,V201/tangent,vicon_pim_combined_coarse,vicon,5.0,0.5,202.992,196.742,2348.9
20260504T020331353Z,evalPimNoiseCalibration,V202/quadrature,vicon_pim_combined_coarse,vicon,5.0,0.5,241.701,196.742,2348.9
20260504T020331353Z,evalPimNoiseCalibration,V202/tangent,vicon_pim_combined_coarse,vicon,5.0,0.5,243.853,196.742,2348.9
20260504T020331353Z,evalPimNoiseCalibration,V203/quadrature,vicon_pim_combined_coarse,vicon,5.0,0.5,305.503,196.742,2348.9
20260504T020331353Z,evalPimNoiseCalibration,V203/tangent,vicon_pim_combined_coarse,vicon,5.0,0.5,307.335,196.742,2348.9
20260504T020331353Z,evalPimNoiseCalibration,V101/quadrature,vicon_pim_combined_coarse,vicon,5.0,1.0,52.813,64.4621,761.545
20260504T020331353Z,evalPimNoiseCalibration,V101/tangent,vicon_pim_combined_coarse,vicon,5.0,1.0,50.389,64.4621,761.545
20260504T020331353Z,evalPimNoiseCalibration,V102/quadrature,vicon_pim_combined_coarse,vicon,5.0,1.0,35.9409,64.4621,761.545
20260504T020331353Z,evalPimNoiseCalibration,V102/tangent,vicon_pim_combined_coarse,vicon,5.0,1.0,35.1664,64.4621,761.545
20260504T020331353Z,evalPimNoiseCalibration,V103/quadrature,vicon_pim_combined_coarse,vicon,5.0,1.0,58.6379,64.4621,761.545
20260504T020331353Z,evalPimNoiseCalibration,V103/tangent,vicon_pim_combined_coarse,vicon,5.0,1.0,57.4167,64.4621,761.545
20260504T020331353Z,evalPimNoiseCalibration,V201/quadrature,vicon_pim_combined_coarse,vicon,5.0,1.0,64.0224,64.4621,761.545
20260504T020331353Z,evalPimNoiseCalibration,V201/tangent,vicon_pim_combined_coarse,vicon,5.0,1.0,64.6853,64.4621,761.545
20260504T020331353Z,evalPimNoiseCalibration,V202/quadrature,vicon_pim_combined_coarse,vicon,5.0,1.0,77.4075,64.4621,761.545
20260504T020331353Z,evalPimNoiseCalibration,V202/tangent,vicon_pim_combined_coarse,vicon,5.0,1.0,78.4933,64.4621,761.545
20260504T020331353Z,evalPimNoiseCalibration,V203/quadrature,vicon_pim_combined_coarse,vicon,5.0,1.0,101.976,64.4621,761.545
20260504T020331353Z,evalPimNoiseCalibration,V203/tangent,vicon_pim_combined_coarse,vicon,5.0,1.0,96.5968,64.4621,761.545
20260504T020331353Z,evalPimNoiseCalibration,V101/quadrature,vicon_pim_combined_coarse,vicon,5.0,2.0,16.3473,19.7063,224.476
20260504T020331353Z,evalPimNoiseCalibration,V101/tangent,vicon_pim_combined_coarse,vicon,5.0,2.0,15.8824,19.7063,224.476
20260504T020331353Z,evalPimNoiseCalibration,V102/quadrature,vicon_pim_combined_coarse,vicon,5.0,2.0,10.8218,19.7063,224.476
20260504T020331353Z,evalPimNoiseCalibration,V102/tangent,vicon_pim_combined_coarse,vicon,5.0,2.0,11.0898,19.7063,224.476
20260504T020331353Z,evalPimNoiseCalibration,V103/quadrature,vicon_pim_combined_coarse,vicon,5.0,2.0,18.1393,19.7063,224.476
20260504T020331353Z,evalPimNoiseCalibration,V103/tangent,vicon_pim_combined_coarse,vicon,5.0,2.0,17.9524,19.7063,224.476
20260504T020331353Z,evalPimNoiseCalibration,V201/quadrature,vicon_pim_combined_coarse,vicon,5.0,2.0,17.8879,19.7063,224.476
20260504T020331353Z,evalPimNoiseCalibration,V201/tangent,vicon_pim_combined_coarse,vicon,5.0,2.0,18.717,19.7063,224.476
20260504T020331353Z,evalPimNoiseCalibration,V202/quadrature,vicon_pim_combined_coarse,vicon,5.0,2.0,22.0304,19.7063,224.476
20260504T020331353Z,evalPimNoiseCalibration,V202/tangent,vicon_pim_combined_coarse,vicon,5.0,2.0,23.7858,19.7063,224.476
20260504T020331353Z,evalPimNoiseCalibration,V203/quadrature,vicon_pim_combined_coarse,vicon,5.0,2.0,33.1899,19.7063,224.476
20260504T020331353Z,evalPimNoiseCalibration,V203/tangent,vicon_pim_combined_coarse,vicon,5.0,2.0,30.6322,19.7063,224.476
20260504T020331353Z,evalPimNoiseCalibration,V101/quadrature,vicon_pim_combined_coarse,vicon,5.0,3.0,8.74866,9.88951,106.674
20260504T020331353Z,evalPimNoiseCalibration,V101/tangent,vicon_pim_combined_coarse,vicon,5.0,3.0,8.50841,9.88951,106.674
20260504T020331353Z,evalPimNoiseCalibration,V102/quadrature,vicon_pim_combined_coarse,vicon,5.0,3.0,5.18563,9.88951,106.674
20260504T020331353Z,evalPimNoiseCalibration,V102/tangent,vicon_pim_combined_coarse,vicon,5.0,3.0,5.55984,9.88951,106.674
20260504T020331353Z,evalPimNoiseCalibration,V103/quadrature,vicon_pim_combined_coarse,vicon,5.0,3.0,8.69894,9.88951,106.674
20260504T020331353Z,evalPimNoiseCalibration,V103/tangent,vicon_pim_combined_coarse,vicon,5.0,3.0,9.14648,9.88951,106.674
20260504T020331353Z,evalPimNoiseCalibration,V201/quadrature,vicon_pim_combined_coarse,vicon,5.0,3.0,8.33562,9.88951,106.674
20260504T020331353Z,evalPimNoiseCalibration,V201/tangent,vicon_pim_combined_coarse,vicon,5.0,3.0,8.89006,9.88951,106.674
20260504T020331353Z,evalPimNoiseCalibration,V202/quadrature,vicon_pim_combined_coarse,vicon,5.0,3.0,10.3329,9.88951,106.674
20260504T020331353Z,evalPimNoiseCalibration,V202/tangent,vicon_pim_combined_coarse,vicon,5.0,3.0,11.898,9.88951,106.674
20260504T020331353Z,evalPimNoiseCalibration,V203/quadrature,vicon_pim_combined_coarse,vicon,5.0,3.0,17.0132,9.88951,106.674
20260504T020331353Z,evalPimNoiseCalibration,V203/tangent,vicon_pim_combined_coarse,vicon,5.0,3.0,16.3562,9.88951,106.674
20260504T020331353Z,evalPimNoiseCalibration,V101/quadrature,vicon_pim_combined_coarse,vicon,5.0,5.0,4.31222,4.49866,41.9839
20260504T020331353Z,evalPimNoiseCalibration,V101/tangent,vicon_pim_combined_coarse,vicon,5.0,5.0,4.44465,4.49866,41.9839
20260504T020331353Z,evalPimNoiseCalibration,V102/quadrature,vicon_pim_combined_coarse,vicon,5.0,5.0,2.06749,4.49866,41.9839
20260504T020331353Z,evalPimNoiseCalibration,V102/tangent,vicon_pim_combined_coarse,vicon,5.0,5.0,2.47189,4.49866,41.9839
20260504T020331353Z,evalPimNoiseCalibration,V103/quadrature,vicon_pim_combined_coarse,vicon,5.0,5.0,3.42969,4.49866,41.9839
20260504T020331353Z,evalPimNoiseCalibration,V103/tangent,vicon_pim_combined_coarse,vicon,5.0,5.0,4.27467,4.49866,41.9839
20260504T020331353Z,evalPimNoiseCalibration,V201/quadrature,vicon_pim_combined_coarse,vicon,5.0,5.0,3.22825,4.49866,41.9839
20260504T020331353Z,evalPimNoiseCalibration,V201/tangent,vicon_pim_combined_coarse,vicon,5.0,5.0,3.62969,4.49866,41.9839
20260504T020331353Z,evalPimNoiseCalibration,V202/quadrature,vicon_pim_combined_coarse,vicon,5.0,5.0,4.13728,4.49866,41.9839
20260504T020331353Z,evalPimNoiseCalibration,V202/tangent,vicon_pim_combined_coarse,vicon,5.0,5.0,5.5452,4.49866,41.9839
20260504T020331353Z,evalPimNoiseCalibration,V203/quadrature,vicon_pim_combined_coarse,vicon,5.0,5.0,8.63356,4.49866,41.9839
20260504T020331353Z,evalPimNoiseCalibration,V203/tangent,vicon_pim_combined_coarse,vicon,5.0,5.0,7.80927,4.49866,41.9839
20260504T020331353Z,evalPimNoiseCalibration,V101/quadrature,vicon_pim_combined_coarse,vicon,5.0,7.0,2.83149,2.83083,21.97
20260504T020331353Z,evalPimNoiseCalibration,V101/tangent,vicon_pim_combined_coarse,vicon,5.0,7.0,3.05687,2.83083,21.97
20260504T020331353Z,evalPimNoiseCalibration,V102/quadrature,vicon_pim_combined_coarse,vicon,5.0,7.0,1.15727,2.83083,21.97
20260504T020331353Z,evalPimNoiseCalibration,V102/tangent,vicon_pim_combined_coarse,vicon,5.0,7.0,1.56831,2.83083,21.97
20260504T020331353Z,evalPimNoiseCalibration,V103/quadrature,vicon_pim_combined_coarse,vicon,5.0,7.0,1.97059,2.83083,21.97
20260504T020331353Z,evalPimNoiseCalibration,V103/tangent,vicon_pim_combined_coarse,vicon,5.0,7.0,2.73429,2.83083,21.97
20260504T020331353Z,evalPimNoiseCalibration,V201/quadrature,vicon_pim_combined_coarse,vicon,5.0,7.0,1.79639,2.83083,21.97
20260504T020331353Z,evalPimNoiseCalibration,V201/tangent,vicon_pim_combined_coarse,vicon,5.0,7.0,2.19622,2.83083,21.97
20260504T020331353Z,evalPimNoiseCalibration,V202/quadrature,vicon_pim_combined_coarse,vicon,5.0,7.0,2.37035,2.83083,21.97
20260504T020331353Z,evalPimNoiseCalibration,V202/tangent,vicon_pim_combined_coarse,vicon,5.0,7.0,3.50958,2.83083,21.97
20260504T020331353Z,evalPimNoiseCalibration,V203/quadrature,vicon_pim_combined_coarse,vicon,5.0,7.0,5.63473,2.83083,21.97
20260504T020331353Z,evalPimNoiseCalibration,V203/tangent,vicon_pim_combined_coarse,vicon,5.0,7.0,5.1439,2.83083,21.97
20260504T020331353Z,evalPimNoiseCalibration,V101/quadrature,vicon_pim_combined_coarse,vicon,5.0,10.0,1.99716,1.90773,11.4658
20260504T020331353Z,evalPimNoiseCalibration,V101/tangent,vicon_pim_combined_coarse,vicon,5.0,10.0,2.22959,1.90773,11.4658
20260504T020331353Z,evalPimNoiseCalibration,V102/quadrature,vicon_pim_combined_coarse,vicon,5.0,10.0,0.713517,1.90773,11.4658
20260504T020331353Z,evalPimNoiseCalibration,V102/tangent,vicon_pim_combined_coarse,vicon,5.0,10.0,1.00682,1.90773,11.4658
20260504T020331353Z,evalPimNoiseCalibration,V103/quadrature,vicon_pim_combined_coarse,vicon,5.0,10.0,1.16541,1.90773,11.4658
20260504T020331353Z,evalPimNoiseCalibration,V103/tangent,vicon_pim_combined_coarse,vicon,5.0,10.0,1.80754,1.90773,11.4658
20260504T020331353Z,evalPimNoiseCalibration,V201/quadrature,vicon_pim_combined_coarse,vicon,5.0,10.0,1.03798,1.90773,11.4658
20260504T020331353Z,evalPimNoiseCalibration,V201/tangent,vicon_pim_combined_coarse,vicon,5.0,10.0,1.36861,1.90773,11.4658
20260504T020331353Z,evalPimNoiseCalibration,V202/quadrature,vicon_pim_combined_coarse,vicon,5.0,10.0,1.38146,1.90773,11.4658
20260504T020331353Z,evalPimNoiseCalibration,V202/tangent,vicon_pim_combined_coarse,vicon,5.0,10.0,2.42492,1.90773,11.4658
20260504T020331353Z,evalPimNoiseCalibration,V203/quadrature,vicon_pim_combined_coarse,vicon,5.0,10.0,4.18325,1.90773,11.4658
20260504T020331353Z,evalPimNoiseCalibration,V203/tangent,vicon_pim_combined_coarse,vicon,5.0,10.0,3.57653,1.90773,11.4658
20260504T020331353Z,evalPimNoiseCalibration,V101/quadrature,vicon_pim_combined_coarse,vicon,5.0,13.0,1.64354,1.52825,8.742
20260504T020331353Z,evalPimNoiseCalibration,V101/tangent,vicon_pim_combined_coarse,vicon,5.0,13.0,1.91784,1.52825,8.742
20260504T020331353Z,evalPimNoiseCalibration,V102/quadrature,vicon_pim_combined_coarse,vicon,5.0,13.0,0.496926,1.52825,8.742
20260504T020331353Z,evalPimNoiseCalibration,V102/tangent,vicon_pim_combined_coarse,vicon,5.0,13.0,0.766101,1.52825,8.742
20260504T020331353Z,evalPimNoiseCalibration,V103/quadrature,vicon_pim_combined_coarse,vicon,5.0,13.0,0.815463,1.52825,8.742
20260504T020331353Z,evalPimNoiseCalibration,V103/tangent,vicon_pim_combined_coarse,vicon,5.0,13.0,1.43814,1.52825,8.742
20260504T020331353Z,evalPimNoiseCalibration,V201/quadrature,vicon_pim_combined_coarse,vicon,5.0,13.0,0.728469,1.52825,8.742
20260504T020331353Z,evalPimNoiseCalibration,V201/tangent,vicon_pim_combined_coarse,vicon,5.0,13.0,1.00315,1.52825,8.742
20260504T020331353Z,evalPimNoiseCalibration,V202/quadrature,vicon_pim_combined_coarse,vicon,5.0,13.0,0.991537,1.52825,8.742
20260504T020331353Z,evalPimNoiseCalibration,V202/tangent,vicon_pim_combined_coarse,vicon,5.0,13.0,1.92947,1.52825,8.742
20260504T020331353Z,evalPimNoiseCalibration,V203/quadrature,vicon_pim_combined_coarse,vicon,5.0,13.0,3.61952,1.52825,8.742
20260504T020331353Z,evalPimNoiseCalibration,V203/tangent,vicon_pim_combined_coarse,vicon,5.0,13.0,2.98884,1.52825,8.742
20260504T020331353Z,evalPimNoiseCalibration,V101/quadrature,vicon_pim_combined_coarse,vicon,7.0,0.5,145.055,176.376,2104.51
20260504T020331353Z,evalPimNoiseCalibration,V101/tangent,vicon_pim_combined_coarse,vicon,7.0,0.5,140.017,176.376,2104.51
20260504T020331353Z,evalPimNoiseCalibration,V102/quadrature,vicon_pim_combined_coarse,vicon,7.0,0.5,94.3697,176.376,2104.51
20260504T020331353Z,evalPimNoiseCalibration,V102/tangent,vicon_pim_combined_coarse,vicon,7.0,0.5,94.2302,176.376,2104.51
20260504T020331353Z,evalPimNoiseCalibration,V103/quadrature,vicon_pim_combined_coarse,vicon,7.0,0.5,161.468,176.376,2104.51
20260504T020331353Z,evalPimNoiseCalibration,V103/tangent,vicon_pim_combined_coarse,vicon,7.0,0.5,150.642,176.376,2104.51
20260504T020331353Z,evalPimNoiseCalibration,V201/quadrature,vicon_pim_combined_coarse,vicon,7.0,0.5,183.95,176.376,2104.51
20260504T020331353Z,evalPimNoiseCalibration,V201/tangent,vicon_pim_combined_coarse,vicon,7.0,0.5,179.842,176.376,2104.51
20260504T020331353Z,evalPimNoiseCalibration,V202/quadrature,vicon_pim_combined_coarse,vicon,7.0,0.5,214.244,176.376,2104.51
20260504T020331353Z,evalPimNoiseCalibration,V202/tangent,vicon_pim_combined_coarse,vicon,7.0,0.5,216.117,176.376,2104.51
20260504T020331353Z,evalPimNoiseCalibration,V203/quadrature,vicon_pim_combined_coarse,vicon,7.0,0.5,264.187,176.376,2104.51
20260504T020331353Z,evalPimNoiseCalibration,V203/tangent,vicon_pim_combined_coarse,vicon,7.0,0.5,272.388,176.376,2104.51
20260504T020331353Z,evalPimNoiseCalibration,V101/quadrature,vicon_pim_combined_coarse,vicon,7.0,1.0,50.1364,61.2772,723.327
20260504T020331353Z,evalPimNoiseCalibration,V101/tangent,vicon_pim_combined_coarse,vicon,7.0,1.0,47.7859,61.2772,723.327
20260504T020331353Z,evalPimNoiseCalibration,V102/quadrature,vicon_pim_combined_coarse,vicon,7.0,1.0,35.1719,61.2772,723.327
20260504T020331353Z,evalPimNoiseCalibration,V102/tangent,vicon_pim_combined_coarse,vicon,7.0,1.0,34.0946,61.2772,723.327
20260504T020331353Z,evalPimNoiseCalibration,V103/quadrature,vicon_pim_combined_coarse,vicon,7.0,1.0,57.0364,61.2772,723.327
20260504T020331353Z,evalPimNoiseCalibration,V103/tangent,vicon_pim_combined_coarse,vicon,7.0,1.0,55.9009,61.2772,723.327
20260504T020331353Z,evalPimNoiseCalibration,V201/quadrature,vicon_pim_combined_coarse,vicon,7.0,1.0,61.2656,61.2772,723.327
20260504T020331353Z,evalPimNoiseCalibration,V201/tangent,vicon_pim_combined_coarse,vicon,7.0,1.0,62.0351,61.2772,723.327
20260504T020331353Z,evalPimNoiseCalibration,V202/quadrature,vicon_pim_combined_coarse,vicon,7.0,1.0,74.3141,61.2772,723.327
20260504T020331353Z,evalPimNoiseCalibration,V202/tangent,vicon_pim_combined_coarse,vicon,7.0,1.0,74.0726,61.2772,723.327
20260504T020331353Z,evalPimNoiseCalibration,V203/quadrature,vicon_pim_combined_coarse,vicon,7.0,1.0,93.1321,61.2772,723.327
20260504T020331353Z,evalPimNoiseCalibration,V203/tangent,vicon_pim_combined_coarse,vicon,7.0,1.0,90.3812,61.2772,723.327
20260504T020331353Z,evalPimNoiseCalibration,V101/quadrature,vicon_pim_combined_coarse,vicon,7.0,2.0,15.2315,18.4994,209.992
20260504T020331353Z,evalPimNoiseCalibration,V101/tangent,vicon_pim_combined_coarse,vicon,7.0,2.0,14.6302,18.4994,209.992
20260504T020331353Z,evalPimNoiseCalibration,V102/quadrature,vicon_pim_combined_coarse,vicon,7.0,2.0,10.6161,18.4994,209.992
20260504T020331353Z,evalPimNoiseCalibration,V102/tangent,vicon_pim_combined_coarse,vicon,7.0,2.0,10.574,18.4994,209.992
20260504T020331353Z,evalPimNoiseCalibration,V103/quadrature,vicon_pim_combined_coarse,vicon,7.0,2.0,17.8178,18.4994,209.992
20260504T020331353Z,evalPimNoiseCalibration,V103/tangent,vicon_pim_combined_coarse,vicon,7.0,2.0,17.192,18.4994,209.992
20260504T020331353Z,evalPimNoiseCalibration,V201/quadrature,vicon_pim_combined_coarse,vicon,7.0,2.0,17.524,18.4994,209.992
20260504T020331353Z,evalPimNoiseCalibration,V201/tangent,vicon_pim_combined_coarse,vicon,7.0,2.0,18.1852,18.4994,209.992
20260504T020331353Z,evalPimNoiseCalibration,V202/quadrature,vicon_pim_combined_coarse,vicon,7.0,2.0,21.4603,18.4994,209.992
20260504T020331353Z,evalPimNoiseCalibration,V202/tangent,vicon_pim_combined_coarse,vicon,7.0,2.0,22.0358,18.4994,209.992
20260504T020331353Z,evalPimNoiseCalibration,V203/quadrature,vicon_pim_combined_coarse,vicon,7.0,2.0,29.1477,18.4994,209.992
20260504T020331353Z,evalPimNoiseCalibration,V203/tangent,vicon_pim_combined_coarse,vicon,7.0,2.0,27.5778,18.4994,209.992
20260504T020331353Z,evalPimNoiseCalibration,V101/quadrature,vicon_pim_combined_coarse,vicon,7.0,3.0,7.59717,9.10275,97.233
20260504T020331353Z,evalPimNoiseCalibration,V101/tangent,vicon_pim_combined_coarse,vicon,7.0,3.0,7.42948,9.10275,97.233
20260504T020331353Z,evalPimNoiseCalibration,V102/quadrature,vicon_pim_combined_coarse,vicon,7.0,3.0,5.04165,9.10275,97.233
20260504T020331353Z,evalPimNoiseCalibration,V102/tangent,vicon_pim_combined_coarse,vicon,7.0,3.0,5.17305,9.10275,97.233
20260504T020331353Z,evalPimNoiseCalibration,V103/quadrature,vicon_pim_combined_coarse,vicon,7.0,3.0,8.54919,9.10275,97.233
20260504T020331353Z,evalPimNoiseCalibration,V103/tangent,vicon_pim_combined_coarse,vicon,7.0,3.0,8.44394,9.10275,97.233
20260504T020331353Z,evalPimNoiseCalibration,V201/quadrature,vicon_pim_combined_coarse,vicon,7.0,3.0,8.09075,9.10275,97.233
20260504T020331353Z,evalPimNoiseCalibration,V201/tangent,vicon_pim_combined_coarse,vicon,7.0,3.0,8.58431,9.10275,97.233
20260504T020331353Z,evalPimNoiseCalibration,V202/quadrature,vicon_pim_combined_coarse,vicon,7.0,3.0,10.1128,9.10275,97.233
20260504T020331353Z,evalPimNoiseCalibration,V202/tangent,vicon_pim_combined_coarse,vicon,7.0,3.0,10.9885,9.10275,97.233
20260504T020331353Z,evalPimNoiseCalibration,V203/quadrature,vicon_pim_combined_coarse,vicon,7.0,3.0,15.1669,9.10275,97.233
20260504T020331353Z,evalPimNoiseCalibration,V203/tangent,vicon_pim_combined_coarse,vicon,7.0,3.0,14.0554,9.10275,97.233
20260504T020331353Z,evalPimNoiseCalibration,V101/quadrature,vicon_pim_combined_coarse,vicon,7.0,5.0,3.47539,3.86068,34.3281
20260504T020331353Z,evalPimNoiseCalibration,V101/tangent,vicon_pim_combined_coarse,vicon,7.0,5.0,3.51904,3.86068,34.3281
20260504T020331353Z,evalPimNoiseCalibration,V102/quadrature,vicon_pim_combined_coarse,vicon,7.0,5.0,1.96837,3.86068,34.3281
20260504T020331353Z,evalPimNoiseCalibration,V102/tangent,vicon_pim_combined_coarse,vicon,7.0,5.0,2.16618,3.86068,34.3281
20260504T020331353Z,evalPimNoiseCalibration,V103/quadrature,vicon_pim_combined_coarse,vicon,7.0,5.0,3.25622,3.86068,34.3281
20260504T020331353Z,evalPimNoiseCalibration,V103/tangent,vicon_pim_combined_coarse,vicon,7.0,5.0,3.67065,3.86068,34.3281
20260504T020331353Z,evalPimNoiseCalibration,V201/quadrature,vicon_pim_combined_coarse,vicon,7.0,5.0,3.06955,3.86068,34.3281
20260504T020331353Z,evalPimNoiseCalibration,V201/tangent,vicon_pim_combined_coarse,vicon,7.0,5.0,3.3069,3.86068,34.3281
20260504T020331353Z,evalPimNoiseCalibration,V202/quadrature,vicon_pim_combined_coarse,vicon,7.0,5.0,3.89421,3.86068,34.3281
20260504T020331353Z,evalPimNoiseCalibration,V202/tangent,vicon_pim_combined_coarse,vicon,7.0,5.0,4.68088,3.86068,34.3281
20260504T020331353Z,evalPimNoiseCalibration,V203/quadrature,vicon_pim_combined_coarse,vicon,7.0,5.0,6.81532,3.86068,34.3281
20260504T020331353Z,evalPimNoiseCalibration,V203/tangent,vicon_pim_combined_coarse,vicon,7.0,5.0,6.50539,3.86068,34.3281
20260504T020331353Z,evalPimNoiseCalibration,V101/quadrature,vicon_pim_combined_coarse,vicon,7.0,7.0,2.20271,2.30191,15.6229
20260504T020331353Z,evalPimNoiseCalibration,V101/tangent,vicon_pim_combined_coarse,vicon,7.0,7.0,2.27057,2.30191,15.6229
20260504T020331353Z,evalPimNoiseCalibration,V102/quadrature,vicon_pim_combined_coarse,vicon,7.0,7.0,1.06296,2.30191,15.6229
20260504T020331353Z,evalPimNoiseCalibration,V102/tangent,vicon_pim_combined_coarse,vicon,7.0,7.0,1.26731,2.30191,15.6229
20260504T020331353Z,evalPimNoiseCalibration,V103/quadrature,vicon_pim_combined_coarse,vicon,7.0,7.0,1.75817,2.30191,15.6229
20260504T020331353Z,evalPimNoiseCalibration,V103/tangent,vicon_pim_combined_coarse,vicon,7.0,7.0,2.1914,2.30191,15.6229
20260504T020331353Z,evalPimNoiseCalibration,V201/quadrature,vicon_pim_combined_coarse,vicon,7.0,7.0,1.64796,2.30191,15.6229
20260504T020331353Z,evalPimNoiseCalibration,V201/tangent,vicon_pim_combined_coarse,vicon,7.0,7.0,1.85482,2.30191,15.6229
20260504T020331353Z,evalPimNoiseCalibration,V202/quadrature,vicon_pim_combined_coarse,vicon,7.0,7.0,2.1231,2.30191,15.6229
20260504T020331353Z,evalPimNoiseCalibration,V202/tangent,vicon_pim_combined_coarse,vicon,7.0,7.0,2.83319,2.30191,15.6229
20260504T020331353Z,evalPimNoiseCalibration,V203/quadrature,vicon_pim_combined_coarse,vicon,7.0,7.0,4.41477,2.30191,15.6229
20260504T020331353Z,evalPimNoiseCalibration,V203/tangent,vicon_pim_combined_coarse,vicon,7.0,7.0,3.99591,2.30191,15.6229
20260504T020331353Z,evalPimNoiseCalibration,V101/quadrature,vicon_pim_combined_coarse,vicon,7.0,10.0,1.41813,1.40991,6.47769
20260504T020331353Z,evalPimNoiseCalibration,V101/tangent,vicon_pim_combined_coarse,vicon,7.0,10.0,1.52379,1.40991,6.47769
20260504T020331353Z,evalPimNoiseCalibration,V102/quadrature,vicon_pim_combined_coarse,vicon,7.0,10.0,0.570987,1.40991,6.47769
20260504T020331353Z,evalPimNoiseCalibration,V102/tangent,vicon_pim_combined_coarse,vicon,7.0,10.0,0.782653,1.40991,6.47769
20260504T020331353Z,evalPimNoiseCalibration,V103/quadrature,vicon_pim_combined_coarse,vicon,7.0,10.0,0.975485,1.40991,6.47769
20260504T020331353Z,evalPimNoiseCalibration,V103/tangent,vicon_pim_combined_coarse,vicon,7.0,10.0,1.36132,1.40991,6.47769
20260504T020331353Z,evalPimNoiseCalibration,V201/quadrature,vicon_pim_combined_coarse,vicon,7.0,10.0,0.891467,1.40991,6.47769
20260504T020331353Z,evalPimNoiseCalibration,V201/tangent,vicon_pim_combined_coarse,vicon,7.0,10.0,1.08547,1.40991,6.47769
20260504T020331353Z,evalPimNoiseCalibration,V202/quadrature,vicon_pim_combined_coarse,vicon,7.0,10.0,1.17898,1.40991,6.47769
20260504T020331353Z,evalPimNoiseCalibration,V202/tangent,vicon_pim_combined_coarse,vicon,7.0,10.0,1.76389,1.40991,6.47769
20260504T020331353Z,evalPimNoiseCalibration,V203/quadrature,vicon_pim_combined_coarse,vicon,7.0,10.0,2.8236,1.40991,6.47769
20260504T020331353Z,evalPimNoiseCalibration,V203/tangent,vicon_pim_combined_coarse,vicon,7.0,10.0,2.5431,1.40991,6.47769
20260504T020331353Z,evalPimNoiseCalibration,V101/quadrature,vicon_pim_combined_coarse,vicon,7.0,13.0,1.08665,1.0473,5.04301
20260504T020331353Z,evalPimNoiseCalibration,V101/tangent,vicon_pim_combined_coarse,vicon,7.0,13.0,1.20711,1.0473,5.04301
20260504T020331353Z,evalPimNoiseCalibration,V102/quadrature,vicon_pim_combined_coarse,vicon,7.0,13.0,0.403815,1.0473,5.04301
20260504T020331353Z,evalPimNoiseCalibration,V102/tangent,vicon_pim_combined_coarse,vicon,7.0,13.0,0.557403,1.0473,5.04301
20260504T020331353Z,evalPimNoiseCalibration,V103/quadrature,vicon_pim_combined_coarse,vicon,7.0,13.0,0.659042,1.0473,5.04301
20260504T020331353Z,evalPimNoiseCalibration,V103/tangent,vicon_pim_combined_coarse,vicon,7.0,13.0,1.00073,1.0473,5.04301
20260504T020331353Z,evalPimNoiseCalibration,V201/quadrature,vicon_pim_combined_coarse,vicon,7.0,13.0,0.588887,1.0473,5.04301
20260504T020331353Z,evalPimNoiseCalibration,V201/tangent,vicon_pim_combined_coarse,vicon,7.0,13.0,0.764985,1.0473,5.04301
20260504T020331353Z,evalPimNoiseCalibration,V202/quadrature,vicon_pim_combined_coarse,vicon,7.0,13.0,0.788135,1.0473,5.04301
20260504T020331353Z,evalPimNoiseCalibration,V202/tangent,vicon_pim_combined_coarse,vicon,7.0,13.0,1.32164,1.0473,5.04301
20260504T020331353Z,evalPimNoiseCalibration,V203/quadrature,vicon_pim_combined_coarse,vicon,7.0,13.0,2.24148,1.0473,5.04301
20260504T020331353Z,evalPimNoiseCalibration,V203/tangent,vicon_pim_combined_coarse,vicon,7.0,13.0,1.94768,1.0473,5.04301
20260504T020331353Z,evalPimNoiseCalibration,V101/quadrature,vicon_pim_combined_coarse,vicon,10.0,0.5,121.219,148.259,1767.11
20260504T020331353Z,evalPimNoiseCalibration,V101/tangent,vicon_pim_combined_coarse,vicon,10.0,0.5,115.044,148.259,1767.11
20260504T020331353Z,evalPimNoiseCalibration,V102/quadrature,vicon_pim_combined_coarse,vicon,10.0,0.5,84.7496,148.259,1767.11
20260504T020331353Z,evalPimNoiseCalibration,V102/tangent,vicon_pim_combined_coarse,vicon,10.0,0.5,82.4451,148.259,1767.11
20260504T020331353Z,evalPimNoiseCalibration,V103/quadrature,vicon_pim_combined_coarse,vicon,10.0,0.5,144.321,148.259,1767.11
20260504T020331353Z,evalPimNoiseCalibration,V103/tangent,vicon_pim_combined_coarse,vicon,10.0,0.5,133.808,148.259,1767.11
20260504T020331353Z,evalPimNoiseCalibration,V201/quadrature,vicon_pim_combined_coarse,vicon,10.0,0.5,149.821,148.259,1767.11
20260504T020331353Z,evalPimNoiseCalibration,V201/tangent,vicon_pim_combined_coarse,vicon,10.0,0.5,149.815,148.259,1767.11
20260504T020331353Z,evalPimNoiseCalibration,V202/quadrature,vicon_pim_combined_coarse,vicon,10.0,0.5,178.906,148.259,1767.11
20260504T020331353Z,evalPimNoiseCalibration,V202/tangent,vicon_pim_combined_coarse,vicon,10.0,0.5,179.973,148.259,1767.11
20260504T020331353Z,evalPimNoiseCalibration,V203/quadrature,vicon_pim_combined_coarse,vicon,10.0,0.5,216.405,148.259,1767.11
20260504T020331353Z,evalPimNoiseCalibration,V203/tangent,vicon_pim_combined_coarse,vicon,10.0,0.5,222.6,148.259,1767.11
20260504T020331353Z,evalPimNoiseCalibration,V101/quadrature,vicon_pim_combined_coarse,vicon,10.0,1.0,46.2306,57.1525,673.83
20260504T020331353Z,evalPimNoiseCalibration,V101/tangent,vicon_pim_combined_coarse,vicon,10.0,1.0,44.4767,57.1525,673.83
20260504T020331353Z,evalPimNoiseCalibration,V102/quadrature,vicon_pim_combined_coarse,vicon,10.0,1.0,33.8125,57.1525,673.83
20260504T020331353Z,evalPimNoiseCalibration,V102/tangent,vicon_pim_combined_coarse,vicon,10.0,1.0,32.7402,57.1525,673.83
20260504T020331353Z,evalPimNoiseCalibration,V103/quadrature,vicon_pim_combined_coarse,vicon,10.0,1.0,55.2657,57.1525,673.83
20260504T020331353Z,evalPimNoiseCalibration,V103/tangent,vicon_pim_combined_coarse,vicon,10.0,1.0,53.9781,57.1525,673.83
20260504T020331353Z,evalPimNoiseCalibration,V201/quadrature,vicon_pim_combined_coarse,vicon,10.0,1.0,56.4587,57.1525,673.83
20260504T020331353Z,evalPimNoiseCalibration,V201/tangent,vicon_pim_combined_coarse,vicon,10.0,1.0,57.5666,57.1525,673.83
20260504T020331353Z,evalPimNoiseCalibration,V202/quadrature,vicon_pim_combined_coarse,vicon,10.0,1.0,68.6811,57.1525,673.83
20260504T020331353Z,evalPimNoiseCalibration,V202/tangent,vicon_pim_combined_coarse,vicon,10.0,1.0,67.8792,57.1525,673.83
20260504T020331353Z,evalPimNoiseCalibration,V203/quadrature,vicon_pim_combined_coarse,vicon,10.0,1.0,85.4341,57.1525,673.83
20260504T020331353Z,evalPimNoiseCalibration,V203/tangent,vicon_pim_combined_coarse,vicon,10.0,1.0,83.3066,57.1525,673.83
20260504T020331353Z,evalPimNoiseCalibration,V101/quadrature,vicon_pim_combined_coarse,vicon,10.0,2.0,14.3977,17.6976,200.371
20260504T020331353Z,evalPimNoiseCalibration,V101/tangent,vicon_pim_combined_coarse,vicon,10.0,2.0,13.857,17.6976,200.371
20260504T020331353Z,evalPimNoiseCalibration,V102/quadrature,vicon_pim_combined_coarse,vicon,10.0,2.0,10.4315,17.6976,200.371
20260504T020331353Z,evalPimNoiseCalibration,V102/tangent,vicon_pim_combined_coarse,vicon,10.0,2.0,10.3003,17.6976,200.371
20260504T020331353Z,evalPimNoiseCalibration,V103/quadrature,vicon_pim_combined_coarse,vicon,10.0,2.0,17.5634,17.6976,200.371
20260504T020331353Z,evalPimNoiseCalibration,V103/tangent,vicon_pim_combined_coarse,vicon,10.0,2.0,16.6569,17.6976,200.371
20260504T020331353Z,evalPimNoiseCalibration,V201/quadrature,vicon_pim_combined_coarse,vicon,10.0,2.0,17.0695,17.6976,200.371
20260504T020331353Z,evalPimNoiseCalibration,V201/tangent,vicon_pim_combined_coarse,vicon,10.0,2.0,17.4874,17.6976,200.371
20260504T020331353Z,evalPimNoiseCalibration,V202/quadrature,vicon_pim_combined_coarse,vicon,10.0,2.0,20.8794,17.6976,200.371
20260504T020331353Z,evalPimNoiseCalibration,V202/tangent,vicon_pim_combined_coarse,vicon,10.0,2.0,21.1746,17.6976,200.371
20260504T020331353Z,evalPimNoiseCalibration,V203/quadrature,vicon_pim_combined_coarse,vicon,10.0,2.0,26.9949,17.6976,200.371
20260504T020331353Z,evalPimNoiseCalibration,V203/tangent,vicon_pim_combined_coarse,vicon,10.0,2.0,25.5583,17.6976,200.371
20260504T020331353Z,evalPimNoiseCalibration,V101/quadrature,vicon_pim_combined_coarse,vicon,10.0,3.0,6.88741,8.52515,90.3018
20260504T020331353Z,evalPimNoiseCalibration,V101/tangent,vicon_pim_combined_coarse,vicon,10.0,3.0,6.70384,8.52515,90.3018
20260504T020331353Z,evalPimNoiseCalibration,V102/quadrature,vicon_pim_combined_coarse,vicon,10.0,3.0,4.92512,8.52515,90.3018
20260504T020331353Z,evalPimNoiseCalibration,V102/tangent,vicon_pim_combined_coarse,vicon,10.0,3.0,4.95428,8.52515,90.3018
20260504T020331353Z,evalPimNoiseCalibration,V103/quadrature,vicon_pim_combined_coarse,vicon,10.0,3.0,8.41859,8.52515,90.3018
20260504T020331353Z,evalPimNoiseCalibration,V103/tangent,vicon_pim_combined_coarse,vicon,10.0,3.0,8.0456,8.52515,90.3018
20260504T020331353Z,evalPimNoiseCalibration,V201/quadrature,vicon_pim_combined_coarse,vicon,10.0,3.0,7.92628,8.52515,90.3018
20260504T020331353Z,evalPimNoiseCalibration,V201/tangent,vicon_pim_combined_coarse,vicon,10.0,3.0,8.30008,8.52515,90.3018
20260504T020331353Z,evalPimNoiseCalibration,V202/quadrature,vicon_pim_combined_coarse,vicon,10.0,3.0,9.79885,8.52515,90.3018
20260504T020331353Z,evalPimNoiseCalibration,V202/tangent,vicon_pim_combined_coarse,vicon,10.0,3.0,10.0351,8.52515,90.3018
20260504T020331353Z,evalPimNoiseCalibration,V203/quadrature,vicon_pim_combined_coarse,vicon,10.0,3.0,13.4762,8.52515,90.3018
20260504T020331353Z,evalPimNoiseCalibration,V203/tangent,vicon_pim_combined_coarse,vicon,10.0,3.0,12.8305,8.52515,90.3018
20260504T020331353Z,evalPimNoiseCalibration,V101/quadrature,vicon_pim_combined_coarse,vicon,10.0,5.0,2.95798,3.4486,29.3832
20260504T020331353Z,evalPimNoiseCalibration,V101/tangent,vicon_pim_combined_coarse,vicon,10.0,5.0,2.85222,3.4486,29.3832
20260504T020331353Z,evalPimNoiseCalibration,V102/quadrature,vicon_pim_combined_coarse,vicon,10.0,5.0,1.87666,3.4486,29.3832
20260504T020331353Z,evalPimNoiseCalibration,V102/tangent,vicon_pim_combined_coarse,vicon,10.0,5.0,1.97154,3.4486,29.3832
20260504T020331353Z,evalPimNoiseCalibration,V103/quadrature,vicon_pim_combined_coarse,vicon,10.0,5.0,3.17377,3.4486,29.3832
20260504T020331353Z,evalPimNoiseCalibration,V103/tangent,vicon_pim_combined_coarse,vicon,10.0,5.0,3.2173,3.4486,29.3832
20260504T020331353Z,evalPimNoiseCalibration,V201/quadrature,vicon_pim_combined_coarse,vicon,10.0,5.0,2.97514,3.4486,29.3832
20260504T020331353Z,evalPimNoiseCalibration,V201/tangent,vicon_pim_combined_coarse,vicon,10.0,5.0,3.17622,3.4486,29.3832
20260504T020331353Z,evalPimNoiseCalibration,V202/quadrature,vicon_pim_combined_coarse,vicon,10.0,5.0,3.73105,3.4486,29.3832
20260504T020331353Z,evalPimNoiseCalibration,V202/tangent,vicon_pim_combined_coarse,vicon,10.0,5.0,4.14253,3.4486,29.3832
20260504T020331353Z,evalPimNoiseCalibration,V203/quadrature,vicon_pim_combined_coarse,vicon,10.0,5.0,5.82036,3.4486,29.3832
20260504T020331353Z,evalPimNoiseCalibration,V203/tangent,vicon_pim_combined_coarse,vicon,10.0,5.0,5.48844,3.4486,29.3832
20260504T020331353Z,evalPimNoiseCalibration,V101/quadrature,vicon_pim_combined_coarse,vicon,10.0,7.0,1.75329,1.95676,11.4811
20260504T020331353Z,evalPimNoiseCalibration,V101/tangent,vicon_pim_combined_coarse,vicon,10.0,7.0,1.75424,1.95676,11.4811
20260504T020331353Z,evalPimNoiseCalibration,V102/quadrature,vicon_pim_combined_coarse,vicon,10.0,7.0,1.00806,1.95676,11.4811
20260504T020331353Z,evalPimNoiseCalibration,V102/tangent,vicon_pim_combined_coarse,vicon,10.0,7.0,1.10523,1.95676,11.4811
20260504T020331353Z,evalPimNoiseCalibration,V103/quadrature,vicon_pim_combined_coarse,vicon,10.0,7.0,1.66782,1.95676,11.4811
20260504T020331353Z,evalPimNoiseCalibration,V103/tangent,vicon_pim_combined_coarse,vicon,10.0,7.0,1.87696,1.95676,11.4811
20260504T020331353Z,evalPimNoiseCalibration,V201/quadrature,vicon_pim_combined_coarse,vicon,10.0,7.0,1.56714,1.95676,11.4811
20260504T020331353Z,evalPimNoiseCalibration,V201/tangent,vicon_pim_combined_coarse,vicon,10.0,7.0,1.68535,1.95676,11.4811
20260504T020331353Z,evalPimNoiseCalibration,V202/quadrature,vicon_pim_combined_coarse,vicon,10.0,7.0,1.98502,1.95676,11.4811
20260504T020331353Z,evalPimNoiseCalibration,V202/tangent,vicon_pim_combined_coarse,vicon,10.0,7.0,2.3671,1.95676,11.4811
20260504T020331353Z,evalPimNoiseCalibration,V203/quadrature,vicon_pim_combined_coarse,vicon,10.0,7.0,3.41765,1.95676,11.4811
20260504T020331353Z,evalPimNoiseCalibration,V203/tangent,vicon_pim_combined_coarse,vicon,10.0,7.0,3.29325,1.95676,11.4811
20260504T020331353Z,evalPimNoiseCalibration,V101/quadrature,vicon_pim_combined_coarse,vicon,10.0,10.0,1.08044,1.12967,4.10262
20260504T020331353Z,evalPimNoiseCalibration,V101/tangent,vicon_pim_combined_coarse,vicon,10.0,10.0,1.11335,1.12967,4.10262
20260504T020331353Z,evalPimNoiseCalibration,V102/quadrature,vicon_pim_combined_coarse,vicon,10.0,10.0,0.52301,1.12967,4.10262
20260504T020331353Z,evalPimNoiseCalibration,V102/tangent,vicon_pim_combined_coarse,vicon,10.0,10.0,0.622618,1.12967,4.10262
20260504T020331353Z,evalPimNoiseCalibration,V103/quadrature,vicon_pim_combined_coarse,vicon,10.0,10.0,0.863718,1.12967,4.10262
20260504T020331353Z,evalPimNoiseCalibration,V103/tangent,vicon_pim_combined_coarse,vicon,10.0,10.0,1.07716,1.12967,4.10262
20260504T020331353Z,evalPimNoiseCalibration,V201/quadrature,vicon_pim_combined_coarse,vicon,10.0,10.0,0.807741,1.12967,4.10262
20260504T020331353Z,evalPimNoiseCalibration,V201/tangent,vicon_pim_combined_coarse,vicon,10.0,10.0,0.909647,1.12967,4.10262
20260504T020331353Z,evalPimNoiseCalibration,V202/quadrature,vicon_pim_combined_coarse,vicon,10.0,10.0,1.04137,1.12967,4.10262
20260504T020331353Z,evalPimNoiseCalibration,V202/tangent,vicon_pim_combined_coarse,vicon,10.0,10.0,1.38933,1.12967,4.10262
20260504T020331353Z,evalPimNoiseCalibration,V203/quadrature,vicon_pim_combined_coarse,vicon,10.0,10.0,2.16878,1.12967,4.10262
20260504T020331353Z,evalPimNoiseCalibration,V203/tangent,vicon_pim_combined_coarse,vicon,10.0,10.0,1.95892,1.12967,4.10262
20260504T020331353Z,evalPimNoiseCalibration,V101/quadrature,vicon_pim_combined_coarse,vicon,10.0,13.0,0.761908,0.779799,4.55334
20260504T020331353Z,evalPimNoiseCalibration,V101/tangent,vicon_pim_combined_coarse,vicon,10.0,13.0,0.821714,0.779799,4.55334
20260504T020331353Z,evalPimNoiseCalibration,V102/quadrature,vicon_pim_combined_coarse,vicon,10.0,13.0,0.331772,0.779799,4.55334
20260504T020331353Z,evalPimNoiseCalibration,V102/tangent,vicon_pim_combined_coarse,vicon,10.0,13.0,0.431019,0.779799,4.55334
20260504T020331353Z,evalPimNoiseCalibration,V103/quadrature,vicon_pim_combined_coarse,vicon,10.0,13.0,0.554786,0.779799,4.55334
20260504T020331353Z,evalPimNoiseCalibration,V103/tangent,vicon_pim_combined_coarse,vicon,10.0,13.0,0.758168,0.779799,4.55334
20260504T020331353Z,evalPimNoiseCalibration,V201/quadrature,vicon_pim_combined_coarse,vicon,10.0,13.0,0.506881,0.779799,4.55334
20260504T020331353Z,evalPimNoiseCalibration,V201/tangent,vicon_pim_combined_coarse,vicon,10.0,13.0,0.613184,0.779799,4.55334
20260504T020331353Z,evalPimNoiseCalibration,V202/quadrature,vicon_pim_combined_coarse,vicon,10.0,13.0,0.664826,0.779799,4.55334
20260504T020331353Z,evalPimNoiseCalibration,V202/tangent,vicon_pim_combined_coarse,vicon,10.0,13.0,0.957862,0.779799,4.55334
20260504T020331353Z,evalPimNoiseCalibration,V203/quadrature,vicon_pim_combined_coarse,vicon,10.0,13.0,1.56598,0.779799,4.55334
20260504T020331353Z,evalPimNoiseCalibration,V203/tangent,vicon_pim_combined_coarse,vicon,10.0,13.0,1.38949,0.779799,4.55334
20260504T020331353Z,evalPimNoiseCalibration,V101/quadrature,vicon_pim_combined_coarse,vicon,13.0,0.5,101.827,127.197,1514.37
20260504T020331353Z,evalPimNoiseCalibration,V101/tangent,vicon_pim_combined_coarse,vicon,13.0,0.5,97.5381,127.197,1514.37
20260504T020331353Z,evalPimNoiseCalibration,V102/quadrature,vicon_pim_combined_coarse,vicon,13.0,0.5,75.7476,127.197,1514.37
20260504T020331353Z,evalPimNoiseCalibration,V102/tangent,vicon_pim_combined_coarse,vicon,13.0,0.5,73.1065,127.197,1514.37
20260504T020331353Z,evalPimNoiseCalibration,V103/quadrature,vicon_pim_combined_coarse,vicon,13.0,0.5,134.006,127.197,1514.37
20260504T020331353Z,evalPimNoiseCalibration,V103/tangent,vicon_pim_combined_coarse,vicon,13.0,0.5,121.32,127.197,1514.37
20260504T020331353Z,evalPimNoiseCalibration,V201/quadrature,vicon_pim_combined_coarse,vicon,13.0,0.5,124.322,127.197,1514.37
20260504T020331353Z,evalPimNoiseCalibration,V201/tangent,vicon_pim_combined_coarse,vicon,13.0,0.5,126.156,127.197,1514.37
20260504T020331353Z,evalPimNoiseCalibration,V202/quadrature,vicon_pim_combined_coarse,vicon,13.0,0.5,150.132,127.197,1514.37
20260504T020331353Z,evalPimNoiseCalibration,V202/tangent,vicon_pim_combined_coarse,vicon,13.0,0.5,153.795,127.197,1514.37
20260504T020331353Z,evalPimNoiseCalibration,V203/quadrature,vicon_pim_combined_coarse,vicon,13.0,0.5,182.806,127.197,1514.37
20260504T020331353Z,evalPimNoiseCalibration,V203/tangent,vicon_pim_combined_coarse,vicon,13.0,0.5,185.611,127.197,1514.37
20260504T020331353Z,evalPimNoiseCalibration,V101/quadrature,vicon_pim_combined_coarse,vicon,13.0,1.0,42.6641,53.3046,627.655
20260504T020331353Z,evalPimNoiseCalibration,V101/tangent,vicon_pim_combined_coarse,vicon,13.0,1.0,40.7242,53.3046,627.655
20260504T020331353Z,evalPimNoiseCalibration,V102/quadrature,vicon_pim_combined_coarse,vicon,13.0,1.0,32.0083,53.3046,627.655
20260504T020331353Z,evalPimNoiseCalibration,V102/tangent,vicon_pim_combined_coarse,vicon,13.0,1.0,31.3143,53.3046,627.655
20260504T020331353Z,evalPimNoiseCalibration,V103/quadrature,vicon_pim_combined_coarse,vicon,13.0,1.0,52.7571,53.3046,627.655
20260504T020331353Z,evalPimNoiseCalibration,V103/tangent,vicon_pim_combined_coarse,vicon,13.0,1.0,52.255,53.3046,627.655
20260504T020331353Z,evalPimNoiseCalibration,V201/quadrature,vicon_pim_combined_coarse,vicon,13.0,1.0,52.2999,53.3046,627.655
20260504T020331353Z,evalPimNoiseCalibration,V201/tangent,vicon_pim_combined_coarse,vicon,13.0,1.0,53.2098,53.3046,627.655
20260504T020331353Z,evalPimNoiseCalibration,V202/quadrature,vicon_pim_combined_coarse,vicon,13.0,1.0,64.2971,53.3046,627.655
20260504T020331353Z,evalPimNoiseCalibration,V202/tangent,vicon_pim_combined_coarse,vicon,13.0,1.0,62.7535,53.3046,627.655
20260504T020331353Z,evalPimNoiseCalibration,V203/quadrature,vicon_pim_combined_coarse,vicon,13.0,1.0,78.3505,53.3046,627.655
20260504T020331353Z,evalPimNoiseCalibration,V203/tangent,vicon_pim_combined_coarse,vicon,13.0,1.0,77.021,53.3046,627.655
20260504T020331353Z,evalPimNoiseCalibration,V101/quadrature,vicon_pim_combined_coarse,vicon,13.0,2.0,13.8152,17.0983,193.18
20260504T020331353Z,evalPimNoiseCalibration,V101/tangent,vicon_pim_combined_coarse,vicon,13.0,2.0,13.2112,17.0983,193.18
20260504T020331353Z,evalPimNoiseCalibration,V102/quadrature,vicon_pim_combined_coarse,vicon,13.0,2.0,10.2644,17.0983,193.18
20260504T020331353Z,evalPimNoiseCalibration,V102/tangent,vicon_pim_combined_coarse,vicon,13.0,2.0,10.1377,17.0983,193.18
20260504T020331353Z,evalPimNoiseCalibration,V103/quadrature,vicon_pim_combined_coarse,vicon,13.0,2.0,17.4439,17.0983,193.18
20260504T020331353Z,evalPimNoiseCalibration,V103/tangent,vicon_pim_combined_coarse,vicon,13.0,2.0,16.2927,17.0983,193.18
20260504T020331353Z,evalPimNoiseCalibration,V201/quadrature,vicon_pim_combined_coarse,vicon,13.0,2.0,16.7528,17.0983,193.18
20260504T020331353Z,evalPimNoiseCalibration,V201/tangent,vicon_pim_combined_coarse,vicon,13.0,2.0,16.9761,17.0983,193.18
20260504T020331353Z,evalPimNoiseCalibration,V202/quadrature,vicon_pim_combined_coarse,vicon,13.0,2.0,20.5223,17.0983,193.18
20260504T020331353Z,evalPimNoiseCalibration,V202/tangent,vicon_pim_combined_coarse,vicon,13.0,2.0,20.3581,17.0983,193.18
20260504T020331353Z,evalPimNoiseCalibration,V203/quadrature,vicon_pim_combined_coarse,vicon,13.0,2.0,25.2826,17.0983,193.18
20260504T020331353Z,evalPimNoiseCalibration,V203/tangent,vicon_pim_combined_coarse,vicon,13.0,2.0,24.1229,17.0983,193.18
20260504T020331353Z,evalPimNoiseCalibration,V101/quadrature,vicon_pim_combined_coarse,vicon,13.0,3.0,6.68987,8.21057,86.5269
20260504T020331353Z,evalPimNoiseCalibration,V101/tangent,vicon_pim_combined_coarse,vicon,13.0,3.0,6.38686,8.21057,86.5269
20260504T020331353Z,evalPimNoiseCalibration,V102/quadrature,vicon_pim_combined_coarse,vicon,13.0,3.0,4.86824,8.21057,86.5269
20260504T020331353Z,evalPimNoiseCalibration,V102/tangent,vicon_pim_combined_coarse,vicon,13.0,3.0,4.83639,8.21057,86.5269
20260504T020331353Z,evalPimNoiseCalibration,V103/quadrature,vicon_pim_combined_coarse,vicon,13.0,3.0,8.33537,8.21057,86.5269
20260504T020331353Z,evalPimNoiseCalibration,V103/tangent,vicon_pim_combined_coarse,vicon,13.0,3.0,7.76079,8.21057,86.5269
20260504T020331353Z,evalPimNoiseCalibration,V201/quadrature,vicon_pim_combined_coarse,vicon,13.0,3.0,7.78643,8.21057,86.5269
20260504T020331353Z,evalPimNoiseCalibration,V201/tangent,vicon_pim_combined_coarse,vicon,13.0,3.0,8.09115,8.21057,86.5269
20260504T020331353Z,evalPimNoiseCalibration,V202/quadrature,vicon_pim_combined_coarse,vicon,13.0,3.0,9.68442,8.21057,86.5269
20260504T020331353Z,evalPimNoiseCalibration,V202/tangent,vicon_pim_combined_coarse,vicon,13.0,3.0,9.71543,8.21057,86.5269
20260504T020331353Z,evalPimNoiseCalibration,V203/quadrature,vicon_pim_combined_coarse,vicon,13.0,3.0,12.4806,8.21057,86.5269
20260504T020331353Z,evalPimNoiseCalibration,V203/tangent,vicon_pim_combined_coarse,vicon,13.0,3.0,11.8913,8.21057,86.5269
20260504T020331353Z,evalPimNoiseCalibration,V101/quadrature,vicon_pim_combined_coarse,vicon,13.0,5.0,2.67541,3.24466,26.9359
20260504T020331353Z,evalPimNoiseCalibration,V101/tangent,vicon_pim_combined_coarse,vicon,13.0,5.0,2.5907,3.24466,26.9359
20260504T020331353Z,evalPimNoiseCalibration,V102/quadrature,vicon_pim_combined_coarse,vicon,13.0,5.0,1.84049,3.24466,26.9359
20260504T020331353Z,evalPimNoiseCalibration,V102/tangent,vicon_pim_combined_coarse,vicon,13.0,5.0,1.87937,3.24466,26.9359
20260504T020331353Z,evalPimNoiseCalibration,V103/quadrature,vicon_pim_combined_coarse,vicon,13.0,5.0,3.14387,3.24466,26.9359
20260504T020331353Z,evalPimNoiseCalibration,V103/tangent,vicon_pim_combined_coarse,vicon,13.0,5.0,3.07134,3.24466,26.9359
20260504T020331353Z,evalPimNoiseCalibration,V201/quadrature,vicon_pim_combined_coarse,vicon,13.0,5.0,2.92821,3.24466,26.9359
20260504T020331353Z,evalPimNoiseCalibration,V201/tangent,vicon_pim_combined_coarse,vicon,13.0,5.0,3.09661,3.24466,26.9359
20260504T020331353Z,evalPimNoiseCalibration,V202/quadrature,vicon_pim_combined_coarse,vicon,13.0,5.0,3.65598,3.24466,26.9359
20260504T020331353Z,evalPimNoiseCalibration,V202/tangent,vicon_pim_combined_coarse,vicon,13.0,5.0,3.87054,3.24466,26.9359
20260504T020331353Z,evalPimNoiseCalibration,V203/quadrature,vicon_pim_combined_coarse,vicon,13.0,5.0,5.32957,3.24466,26.9359
20260504T020331353Z,evalPimNoiseCalibration,V203/tangent,vicon_pim_combined_coarse,vicon,13.0,5.0,4.85383,3.24466,26.9359
20260504T020331353Z,evalPimNoiseCalibration,V101/quadrature,vicon_pim_combined_coarse,vicon,13.0,7.0,1.55871,1.79894,9.64422
20260504T020331353Z,evalPimNoiseCalibration,V101/tangent,vicon_pim_combined_coarse,vicon,13.0,7.0,1.52094,1.79894,9.64422
20260504T020331353Z,evalPimNoiseCalibration,V102/quadrature,vicon_pim_combined_coarse,vicon,13.0,7.0,0.971555,1.79894,9.64422
20260504T020331353Z,evalPimNoiseCalibration,V102/tangent,vicon_pim_combined_coarse,vicon,13.0,7.0,1.02548,1.79894,9.64422
20260504T020331353Z,evalPimNoiseCalibration,V103/quadrature,vicon_pim_combined_coarse,vicon,13.0,7.0,1.64137,1.79894,9.64422
20260504T020331353Z,evalPimNoiseCalibration,V103/tangent,vicon_pim_combined_coarse,vicon,13.0,7.0,1.68498,1.79894,9.64422
20260504T020331353Z,evalPimNoiseCalibration,V201/quadrature,vicon_pim_combined_coarse,vicon,13.0,7.0,1.53095,1.79894,9.64422
20260504T020331353Z,evalPimNoiseCalibration,V201/tangent,vicon_pim_combined_coarse,vicon,13.0,7.0,1.63433,1.79894,9.64422
20260504T020331353Z,evalPimNoiseCalibration,V202/quadrature,vicon_pim_combined_coarse,vicon,13.0,7.0,1.91691,1.79894,9.64422
20260504T020331353Z,evalPimNoiseCalibration,V202/tangent,vicon_pim_combined_coarse,vicon,13.0,7.0,2.15858,1.79894,9.64422
20260504T020331353Z,evalPimNoiseCalibration,V203/quadrature,vicon_pim_combined_coarse,vicon,13.0,7.0,3.05591,1.79894,9.64422
20260504T020331353Z,evalPimNoiseCalibration,V203/tangent,vicon_pim_combined_coarse,vicon,13.0,7.0,2.88761,1.79894,9.64422
20260504T020331353Z,evalPimNoiseCalibration,V101/quadrature,vicon_pim_combined_coarse,vicon,13.0,10.0,0.906778,0.998951,3.43909
20260504T020331353Z,evalPimNoiseCalibration,V101/tangent,vicon_pim_combined_coarse,vicon,13.0,10.0,0.917853,0.998951,3.43909
20260504T020331353Z,evalPimNoiseCalibration,V102/quadrature,vicon_pim_combined_coarse,vicon,13.0,10.0,0.501168,0.998951,3.43909
20260504T020331353Z,evalPimNoiseCalibration,V102/tangent,vicon_pim_combined_coarse,vicon,13.0,10.0,0.564421,0.998951,3.43909
20260504T020331353Z,evalPimNoiseCalibration,V103/quadrature,vicon_pim_combined_coarse,vicon,13.0,10.0,0.82675,0.998951,3.43909
20260504T020331353Z,evalPimNoiseCalibration,V103/tangent,vicon_pim_combined_coarse,vicon,13.0,10.0,0.945111,0.998951,3.43909
20260504T020331353Z,evalPimNoiseCalibration,V201/quadrature,vicon_pim_combined_coarse,vicon,13.0,10.0,0.777774,0.998951,3.43909
20260504T020331353Z,evalPimNoiseCalibration,V201/tangent,vicon_pim_combined_coarse,vicon,13.0,10.0,0.843524,0.998951,3.43909
20260504T020331353Z,evalPimNoiseCalibration,V202/quadrature,vicon_pim_combined_coarse,vicon,13.0,10.0,0.990784,0.998951,3.43909
20260504T020331353Z,evalPimNoiseCalibration,V202/tangent,vicon_pim_combined_coarse,vicon,13.0,10.0,1.21847,0.998951,3.43909
20260504T020331353Z,evalPimNoiseCalibration,V203/quadrature,vicon_pim_combined_coarse,vicon,13.0,10.0,1.81361,0.998951,3.43909
20260504T020331353Z,evalPimNoiseCalibration,V203/tangent,vicon_pim_combined_coarse,vicon,13.0,10.0,1.68118,0.998951,3.43909
20260504T020331353Z,evalPimNoiseCalibration,V101/quadrature,vicon_pim_combined_coarse,vicon,13.0,13.0,0.639577,0.66888,4.86133
20260504T020331353Z,evalPimNoiseCalibration,V101/tangent,vicon_pim_combined_coarse,vicon,13.0,13.0,0.658966,0.66888,4.86133
20260504T020331353Z,evalPimNoiseCalibration,V102/quadrature,vicon_pim_combined_coarse,vicon,13.0,13.0,0.309986,0.66888,4.86133
20260504T020331353Z,evalPimNoiseCalibration,V102/tangent,vicon_pim_combined_coarse,vicon,13.0,13.0,0.368797,0.66888,4.86133
20260504T020331353Z,evalPimNoiseCalibration,V103/quadrature,vicon_pim_combined_coarse,vicon,13.0,13.0,0.511596,0.66888,4.86133
20260504T020331353Z,evalPimNoiseCalibration,V103/tangent,vicon_pim_combined_coarse,vicon,13.0,13.0,0.638469,0.66888,4.86133
20260504T020331353Z,evalPimNoiseCalibration,V201/quadrature,vicon_pim_combined_coarse,vicon,13.0,13.0,0.478009,0.66888,4.86133
20260504T020331353Z,evalPimNoiseCalibration,V201/tangent,vicon_pim_combined_coarse,vicon,13.0,13.0,0.538436,0.66888,4.86133
20260504T020331353Z,evalPimNoiseCalibration,V202/quadrature,vicon_pim_combined_coarse,vicon,13.0,13.0,0.616445,0.66888,4.86133
20260504T020331353Z,evalPimNoiseCalibration,V202/tangent,vicon_pim_combined_coarse,vicon,13.0,13.0,0.822338,0.66888,4.86133
20260504T020331353Z,evalPimNoiseCalibration,V203/quadrature,vicon_pim_combined_coarse,vicon,13.0,13.0,1.28461,0.66888,4.86133
20260504T020331353Z,evalPimNoiseCalibration,V203/tangent,vicon_pim_combined_coarse,vicon,13.0,13.0,1.15934,0.66888,4.86133
20260504T020331353Z,evalPimNoiseCalibration,V101,vicon_pim_quadrature_coarse,vicon,0.5,0.5,361.979,352.72,2110.32
20260504T020331353Z,evalPimNoiseCalibration,V102,vicon_pim_quadrature_coarse,vicon,0.5,0.5,139.054,352.72,2110.32
20260504T020331353Z,evalPimNoiseCalibration,V103,vicon_pim_quadrature_coarse,vicon,0.5,0.5,224.696,352.72,2110.32
20260504T020331353Z,evalPimNoiseCalibration,V201,vicon_pim_quadrature_coarse,vicon,0.5,0.5,271.387,352.72,2110.32
20260504T020331353Z,evalPimNoiseCalibration,V202,vicon_pim_quadrature_coarse,vicon,0.5,0.5,335.038,352.72,2110.32
20260504T020331353Z,evalPimNoiseCalibration,V203,vicon_pim_quadrature_coarse,vicon,0.5,0.5,784.169,352.72,2110.32
20260504T020331353Z,evalPimNoiseCalibration,V101,vicon_pim_quadrature_coarse,vicon,0.5,1.0,191.262,162.791,970.747
20260504T020331353Z,evalPimNoiseCalibration,V102,vicon_pim_quadrature_coarse,vicon,0.5,1.0,60.5347,162.791,970.747
20260504T020331353Z,evalPimNoiseCalibration,V103,vicon_pim_quadrature_coarse,vicon,0.5,1.0,96.3492,162.791,970.747
20260504T020331353Z,evalPimNoiseCalibration,V201,vicon_pim_quadrature_coarse,vicon,0.5,1.0,95.0326,162.791,970.747
20260504T020331353Z,evalPimNoiseCalibration,V202,vicon_pim_quadrature_coarse,vicon,0.5,1.0,128.909,162.791,970.747
20260504T020331353Z,evalPimNoiseCalibration,V203,vicon_pim_quadrature_coarse,vicon,0.5,1.0,404.659,162.791,970.747
20260504T020331353Z,evalPimNoiseCalibration,V101,vicon_pim_quadrature_coarse,vicon,0.5,2.0,135.322,105.305,625.831
20260504T020331353Z,evalPimNoiseCalibration,V102,vicon_pim_quadrature_coarse,vicon,0.5,2.0,30.4441,105.305,625.831
20260504T020331353Z,evalPimNoiseCalibration,V103,vicon_pim_quadrature_coarse,vicon,0.5,2.0,48.4377,105.305,625.831
20260504T020331353Z,evalPimNoiseCalibration,V201,vicon_pim_quadrature_coarse,vicon,0.5,2.0,43.4428,105.305,625.831
20260504T020331353Z,evalPimNoiseCalibration,V202,vicon_pim_quadrature_coarse,vicon,0.5,2.0,61.8286,105.305,625.831
20260504T020331353Z,evalPimNoiseCalibration,V203,vicon_pim_quadrature_coarse,vicon,0.5,2.0,312.356,105.305,625.831
20260504T020331353Z,evalPimNoiseCalibration,V101,vicon_pim_quadrature_coarse,vicon,0.5,3.0,124.298,93.5174,555.105
20260504T020331353Z,evalPimNoiseCalibration,V102,vicon_pim_quadrature_coarse,vicon,0.5,3.0,22.2734,93.5174,555.105
20260504T020331353Z,evalPimNoiseCalibration,V103,vicon_pim_quadrature_coarse,vicon,0.5,3.0,36.1101,93.5174,555.105
20260504T020331353Z,evalPimNoiseCalibration,V201,vicon_pim_quadrature_coarse,vicon,0.5,3.0,30.8046,93.5174,555.105
20260504T020331353Z,evalPimNoiseCalibration,V202,vicon_pim_quadrature_coarse,vicon,0.5,3.0,45.3645,93.5174,555.105
20260504T020331353Z,evalPimNoiseCalibration,V203,vicon_pim_quadrature_coarse,vicon,0.5,3.0,302.254,93.5174,555.105
20260504T020331353Z,evalPimNoiseCalibration,V101,vicon_pim_quadrature_coarse,vicon,0.5,5.0,117.837,86.9975,515.985
20260504T020331353Z,evalPimNoiseCalibration,V102,vicon_pim_quadrature_coarse,vicon,0.5,5.0,17.4903,86.9975,515.985
20260504T020331353Z,evalPimNoiseCalibration,V103,vicon_pim_quadrature_coarse,vicon,0.5,5.0,27.5125,86.9975,515.985
20260504T020331353Z,evalPimNoiseCalibration,V201,vicon_pim_quadrature_coarse,vicon,0.5,5.0,24.7681,86.9975,515.985
20260504T020331353Z,evalPimNoiseCalibration,V202,vicon_pim_quadrature_coarse,vicon,0.5,5.0,37.1854,86.9975,515.985
20260504T020331353Z,evalPimNoiseCalibration,V203,vicon_pim_quadrature_coarse,vicon,0.5,5.0,297.192,86.9975,515.985
20260504T020331353Z,evalPimNoiseCalibration,V101,vicon_pim_quadrature_coarse,vicon,0.5,7.0,116.265,85.1162,504.697
20260504T020331353Z,evalPimNoiseCalibration,V102,vicon_pim_quadrature_coarse,vicon,0.5,7.0,16.5619,85.1162,504.697
20260504T020331353Z,evalPimNoiseCalibration,V103,vicon_pim_quadrature_coarse,vicon,0.5,7.0,24.8877,85.1162,504.697
20260504T020331353Z,evalPimNoiseCalibration,V201,vicon_pim_quadrature_coarse,vicon,0.5,7.0,22.8627,85.1162,504.697
20260504T020331353Z,evalPimNoiseCalibration,V202,vicon_pim_quadrature_coarse,vicon,0.5,7.0,34.9234,85.1162,504.697
20260504T020331353Z,evalPimNoiseCalibration,V203,vicon_pim_quadrature_coarse,vicon,0.5,7.0,295.197,85.1162,504.697
20260504T020331353Z,evalPimNoiseCalibration,V101,vicon_pim_quadrature_coarse,vicon,0.5,10.0,115.693,84.1106,498.664
20260504T020331353Z,evalPimNoiseCalibration,V102,vicon_pim_quadrature_coarse,vicon,0.5,10.0,15.9494,84.1106,498.664
20260504T020331353Z,evalPimNoiseCalibration,V103,vicon_pim_quadrature_coarse,vicon,0.5,10.0,23.6401,84.1106,498.664
20260504T020331353Z,evalPimNoiseCalibration,V201,vicon_pim_quadrature_coarse,vicon,0.5,10.0,21.6421,84.1106,498.664
20260504T020331353Z,evalPimNoiseCalibration,V202,vicon_pim_quadrature_coarse,vicon,0.5,10.0,33.6077,84.1106,498.664
20260504T020331353Z,evalPimNoiseCalibration,V203,vicon_pim_quadrature_coarse,vicon,0.5,10.0,294.131,84.1106,498.664
20260504T020331353Z,evalPimNoiseCalibration,V101,vicon_pim_quadrature_coarse,vicon,0.5,13.0,115.583,83.7855,496.713
20260504T020331353Z,evalPimNoiseCalibration,V102,vicon_pim_quadrature_coarse,vicon,0.5,13.0,15.6577,83.7855,496.713
20260504T020331353Z,evalPimNoiseCalibration,V103,vicon_pim_quadrature_coarse,vicon,0.5,13.0,23.2369,83.7855,496.713
20260504T020331353Z,evalPimNoiseCalibration,V201,vicon_pim_quadrature_coarse,vicon,0.5,13.0,21.3858,83.7855,496.713
20260504T020331353Z,evalPimNoiseCalibration,V202,vicon_pim_quadrature_coarse,vicon,0.5,13.0,33.1367,83.7855,496.713
20260504T020331353Z,evalPimNoiseCalibration,V203,vicon_pim_quadrature_coarse,vicon,0.5,13.0,293.712,83.7855,496.713
20260504T020331353Z,evalPimNoiseCalibration,V101,vicon_pim_quadrature_coarse,vicon,1.0,0.5,241.866,266.188,1591.13
20260504T020331353Z,evalPimNoiseCalibration,V102,vicon_pim_quadrature_coarse,vicon,1.0,0.5,119.29,266.188,1591.13
20260504T020331353Z,evalPimNoiseCalibration,V103,vicon_pim_quadrature_coarse,vicon,1.0,0.5,193.893,266.188,1591.13
20260504T020331353Z,evalPimNoiseCalibration,V201,vicon_pim_quadrature_coarse,vicon,1.0,0.5,249.966,266.188,1591.13
20260504T020331353Z,evalPimNoiseCalibration,V202,vicon_pim_quadrature_coarse,vicon,1.0,0.5,294.744,266.188,1591.13
20260504T020331353Z,evalPimNoiseCalibration,V203,vicon_pim_quadrature_coarse,vicon,1.0,0.5,497.367,266.188,1591.13
20260504T020331353Z,evalPimNoiseCalibration,V101,vicon_pim_quadrature_coarse,vicon,1.0,1.0,98.3216,96.9395,575.637
20260504T020331353Z,evalPimNoiseCalibration,V102,vicon_pim_quadrature_coarse,vicon,1.0,1.0,42.2927,96.9395,575.637
20260504T020331353Z,evalPimNoiseCalibration,V103,vicon_pim_quadrature_coarse,vicon,1.0,1.0,70.8218,96.9395,575.637
20260504T020331353Z,evalPimNoiseCalibration,V201,vicon_pim_quadrature_coarse,vicon,1.0,1.0,74.804,96.9395,575.637
20260504T020331353Z,evalPimNoiseCalibration,V202,vicon_pim_quadrature_coarse,vicon,1.0,1.0,91.9994,96.9395,575.637
20260504T020331353Z,evalPimNoiseCalibration,V203,vicon_pim_quadrature_coarse,vicon,1.0,1.0,203.398,96.9395,575.637
20260504T020331353Z,evalPimNoiseCalibration,V101,vicon_pim_quadrature_coarse,vicon,1.0,2.0,49.2909,42.5317,249.19
20260504T020331353Z,evalPimNoiseCalibration,V102,vicon_pim_quadrature_coarse,vicon,1.0,2.0,16.8068,42.5317,249.19
20260504T020331353Z,evalPimNoiseCalibration,V103,vicon_pim_quadrature_coarse,vicon,1.0,2.0,27.3657,42.5317,249.19
20260504T020331353Z,evalPimNoiseCalibration,V201,vicon_pim_quadrature_coarse,vicon,1.0,2.0,25.1506,42.5317,249.19
20260504T020331353Z,evalPimNoiseCalibration,V202,vicon_pim_quadrature_coarse,vicon,1.0,2.0,33.4468,42.5317,249.19
20260504T020331353Z,evalPimNoiseCalibration,V203,vicon_pim_quadrature_coarse,vicon,1.0,2.0,103.13,42.5317,249.19
20260504T020331353Z,evalPimNoiseCalibration,V101,vicon_pim_quadrature_coarse,vicon,1.0,3.0,37.4463,31.1071,180.642
20260504T020331353Z,evalPimNoiseCalibration,V102,vicon_pim_quadrature_coarse,vicon,1.0,3.0,10.1425,31.1071,180.642
20260504T020331353Z,evalPimNoiseCalibration,V103,vicon_pim_quadrature_coarse,vicon,1.0,3.0,16.8221,31.1071,180.642
20260504T020331353Z,evalPimNoiseCalibration,V201,vicon_pim_quadrature_coarse,vicon,1.0,3.0,14.932,31.1071,180.642
20260504T020331353Z,evalPimNoiseCalibration,V202,vicon_pim_quadrature_coarse,vicon,1.0,3.0,20.6786,31.1071,180.642
20260504T020331353Z,evalPimNoiseCalibration,V203,vicon_pim_quadrature_coarse,vicon,1.0,3.0,86.621,31.1071,180.642
20260504T020331353Z,evalPimNoiseCalibration,V101,vicon_pim_quadrature_coarse,vicon,1.0,5.0,32.0949,24.5782,141.469
20260504T020331353Z,evalPimNoiseCalibration,V102,vicon_pim_quadrature_coarse,vicon,1.0,5.0,6.60228,24.5782,141.469
20260504T020331353Z,evalPimNoiseCalibration,V103,vicon_pim_quadrature_coarse,vicon,1.0,5.0,10.2986,24.5782,141.469
20260504T020331353Z,evalPimNoiseCalibration,V201,vicon_pim_quadrature_coarse,vicon,1.0,5.0,8.91461,24.5782,141.469
20260504T020331353Z,evalPimNoiseCalibration,V202,vicon_pim_quadrature_coarse,vicon,1.0,5.0,12.9503,24.5782,141.469
20260504T020331353Z,evalPimNoiseCalibration,V203,vicon_pim_quadrature_coarse,vicon,1.0,5.0,76.6087,24.5782,141.469
20260504T020331353Z,evalPimNoiseCalibration,V101,vicon_pim_quadrature_coarse,vicon,1.0,7.0,30.3379,22.7626,130.575
20260504T020331353Z,evalPimNoiseCalibration,V102,vicon_pim_quadrature_coarse,vicon,1.0,7.0,5.16355,22.7626,130.575
20260504T020331353Z,evalPimNoiseCalibration,V103,vicon_pim_quadrature_coarse,vicon,1.0,7.0,8.17349,22.7626,130.575
20260504T020331353Z,evalPimNoiseCalibration,V201,vicon_pim_quadrature_coarse,vicon,1.0,7.0,7.09999,22.7626,130.575
20260504T020331353Z,evalPimNoiseCalibration,V202,vicon_pim_quadrature_coarse,vicon,1.0,7.0,10.659,22.7626,130.575
20260504T020331353Z,evalPimNoiseCalibration,V203,vicon_pim_quadrature_coarse,vicon,1.0,7.0,75.1416,22.7626,130.575
20260504T020331353Z,evalPimNoiseCalibration,V101,vicon_pim_quadrature_coarse,vicon,1.0,10.0,29.4794,21.7687,124.612
20260504T020331353Z,evalPimNoiseCalibration,V102,vicon_pim_quadrature_coarse,vicon,1.0,10.0,4.38003,21.7687,124.612
20260504T020331353Z,evalPimNoiseCalibration,V103,vicon_pim_quadrature_coarse,vicon,1.0,10.0,6.89273,21.7687,124.612
20260504T020331353Z,evalPimNoiseCalibration,V201,vicon_pim_quadrature_coarse,vicon,1.0,10.0,6.20129,21.7687,124.612
20260504T020331353Z,evalPimNoiseCalibration,V202,vicon_pim_quadrature_coarse,vicon,1.0,10.0,9.31835,21.7687,124.612
20260504T020331353Z,evalPimNoiseCalibration,V203,vicon_pim_quadrature_coarse,vicon,1.0,10.0,74.3407,21.7687,124.612
20260504T020331353Z,evalPimNoiseCalibration,V101,vicon_pim_quadrature_coarse,vicon,1.0,13.0,29.1483,21.3737,122.242
20260504T020331353Z,evalPimNoiseCalibration,V102,vicon_pim_quadrature_coarse,vicon,1.0,13.0,4.21237,21.3737,122.242
20260504T020331353Z,evalPimNoiseCalibration,V103,vicon_pim_quadrature_coarse,vicon,1.0,13.0,6.34584,21.3737,122.242
20260504T020331353Z,evalPimNoiseCalibration,V201,vicon_pim_quadrature_coarse,vicon,1.0,13.0,5.83729,21.3737,122.242
20260504T020331353Z,evalPimNoiseCalibration,V202,vicon_pim_quadrature_coarse,vicon,1.0,13.0,8.77642,21.3737,122.242
20260504T020331353Z,evalPimNoiseCalibration,V203,vicon_pim_quadrature_coarse,vicon,1.0,13.0,73.9218,21.3737,122.242
20260504T020331353Z,evalPimNoiseCalibration,V101,vicon_pim_quadrature_coarse,vicon,2.0,0.5,194.42,234.661,1401.96
20260504T020331353Z,evalPimNoiseCalibration,V102,vicon_pim_quadrature_coarse,vicon,2.0,0.5,115.277,234.661,1401.96
20260504T020331353Z,evalPimNoiseCalibration,V103,vicon_pim_quadrature_coarse,vicon,2.0,0.5,185.148,234.661,1401.96
20260504T020331353Z,evalPimNoiseCalibration,V201,vicon_pim_quadrature_coarse,vicon,2.0,0.5,240.057,234.661,1401.96
20260504T020331353Z,evalPimNoiseCalibration,V202,vicon_pim_quadrature_coarse,vicon,2.0,0.5,279.055,234.661,1401.96
20260504T020331353Z,evalPimNoiseCalibration,V203,vicon_pim_quadrature_coarse,vicon,2.0,0.5,394.007,234.661,1401.96
20260504T020331353Z,evalPimNoiseCalibration,V101,vicon_pim_quadrature_coarse,vicon,2.0,1.0,66.0328,75.0374,444.224
20260504T020331353Z,evalPimNoiseCalibration,V102,vicon_pim_quadrature_coarse,vicon,2.0,1.0,37.9067,75.0374,444.224
20260504T020331353Z,evalPimNoiseCalibration,V103,vicon_pim_quadrature_coarse,vicon,2.0,1.0,62.4185,75.0374,444.224
20260504T020331353Z,evalPimNoiseCalibration,V201,vicon_pim_quadrature_coarse,vicon,2.0,1.0,67.8361,75.0374,444.224
20260504T020331353Z,evalPimNoiseCalibration,V202,vicon_pim_quadrature_coarse,vicon,2.0,1.0,82.8379,75.0374,444.224
20260504T020331353Z,evalPimNoiseCalibration,V203,vicon_pim_quadrature_coarse,vicon,2.0,1.0,133.192,75.0374,444.224
20260504T020331353Z,evalPimNoiseCalibration,V101,vicon_pim_quadrature_coarse,vicon,2.0,2.0,26.2681,26.0578,150.347
20260504T020331353Z,evalPimNoiseCalibration,V102,vicon_pim_quadrature_coarse,vicon,2.0,2.0,12.1145,26.0578,150.347
20260504T020331353Z,evalPimNoiseCalibration,V103,vicon_pim_quadrature_coarse,vicon,2.0,2.0,20.0958,26.0578,150.347
20260504T020331353Z,evalPimNoiseCalibration,V201,vicon_pim_quadrature_coarse,vicon,2.0,2.0,19.7428,26.0578,150.347
20260504T020331353Z,evalPimNoiseCalibration,V202,vicon_pim_quadrature_coarse,vicon,2.0,2.0,25.0059,26.0578,150.347
20260504T020331353Z,evalPimNoiseCalibration,V203,vicon_pim_quadrature_coarse,vicon,2.0,2.0,53.1199,26.0578,150.347
20260504T020331353Z,evalPimNoiseCalibration,V101,vicon_pim_quadrature_coarse,vicon,2.0,3.0,16.255,14.8684,83.2101
20260504T020331353Z,evalPimNoiseCalibration,V102,vicon_pim_quadrature_coarse,vicon,2.0,3.0,6.27483,14.8684,83.2101
20260504T020331353Z,evalPimNoiseCalibration,V103,vicon_pim_quadrature_coarse,vicon,2.0,3.0,10.8043,14.8684,83.2101
20260504T020331353Z,evalPimNoiseCalibration,V201,vicon_pim_quadrature_coarse,vicon,2.0,3.0,9.8083,14.8684,83.2101
20260504T020331353Z,evalPimNoiseCalibration,V202,vicon_pim_quadrature_coarse,vicon,2.0,3.0,13.1821,14.8684,83.2101
20260504T020331353Z,evalPimNoiseCalibration,V203,vicon_pim_quadrature_coarse,vicon,2.0,3.0,32.8857,14.8684,83.2101
20260504T020331353Z,evalPimNoiseCalibration,V101,vicon_pim_quadrature_coarse,vicon,2.0,5.0,10.5465,8.83728,47.0237
20260504T020331353Z,evalPimNoiseCalibration,V102,vicon_pim_quadrature_coarse,vicon,2.0,5.0,3.22666,8.83728,47.0237
20260504T020331353Z,evalPimNoiseCalibration,V103,vicon_pim_quadrature_coarse,vicon,2.0,5.0,5.25968,8.83728,47.0237
20260504T020331353Z,evalPimNoiseCalibration,V201,vicon_pim_quadrature_coarse,vicon,2.0,5.0,4.71152,8.83728,47.0237
20260504T020331353Z,evalPimNoiseCalibration,V202,vicon_pim_quadrature_coarse,vicon,2.0,5.0,6.4525,8.83728,47.0237
20260504T020331353Z,evalPimNoiseCalibration,V203,vicon_pim_quadrature_coarse,vicon,2.0,5.0,22.8268,8.83728,47.0237
20260504T020331353Z,evalPimNoiseCalibration,V101,vicon_pim_quadrature_coarse,vicon,2.0,7.0,8.85486,7.05544,36.3326
20260504T020331353Z,evalPimNoiseCalibration,V102,vicon_pim_quadrature_coarse,vicon,2.0,7.0,2.20842,7.05544,36.3326
20260504T020331353Z,evalPimNoiseCalibration,V103,vicon_pim_quadrature_coarse,vicon,2.0,7.0,3.60236,7.05544,36.3326
20260504T020331353Z,evalPimNoiseCalibration,V201,vicon_pim_quadrature_coarse,vicon,2.0,7.0,3.11069,7.05544,36.3326
20260504T020331353Z,evalPimNoiseCalibration,V202,vicon_pim_quadrature_coarse,vicon,2.0,7.0,4.42306,7.05544,36.3326
20260504T020331353Z,evalPimNoiseCalibration,V203,vicon_pim_quadrature_coarse,vicon,2.0,7.0,20.1332,7.05544,36.3326
20260504T020331353Z,evalPimNoiseCalibration,V101,vicon_pim_quadrature_coarse,vicon,2.0,10.0,8.03403,6.15047,30.9028
20260504T020331353Z,evalPimNoiseCalibration,V102,vicon_pim_quadrature_coarse,vicon,2.0,10.0,1.65229,6.15047,30.9028
20260504T020331353Z,evalPimNoiseCalibration,V103,vicon_pim_quadrature_coarse,vicon,2.0,10.0,2.58481,6.15047,30.9028
20260504T020331353Z,evalPimNoiseCalibration,V201,vicon_pim_quadrature_coarse,vicon,2.0,10.0,2.23347,6.15047,30.9028
20260504T020331353Z,evalPimNoiseCalibration,V202,vicon_pim_quadrature_coarse,vicon,2.0,10.0,3.23841,6.15047,30.9028
20260504T020331353Z,evalPimNoiseCalibration,V203,vicon_pim_quadrature_coarse,vicon,2.0,10.0,19.1598,6.15047,30.9028
20260504T020331353Z,evalPimNoiseCalibration,V101,vicon_pim_quadrature_coarse,vicon,2.0,13.0,7.69833,5.77882,28.6729
20260504T020331353Z,evalPimNoiseCalibration,V102,vicon_pim_quadrature_coarse,vicon,2.0,13.0,1.35058,5.77882,28.6729
20260504T020331353Z,evalPimNoiseCalibration,V103,vicon_pim_quadrature_coarse,vicon,2.0,13.0,2.16805,5.77882,28.6729
20260504T020331353Z,evalPimNoiseCalibration,V201,vicon_pim_quadrature_coarse,vicon,2.0,13.0,1.84997,5.77882,28.6729
20260504T020331353Z,evalPimNoiseCalibration,V202,vicon_pim_quadrature_coarse,vicon,2.0,13.0,2.76414,5.77882,28.6729
20260504T020331353Z,evalPimNoiseCalibration,V203,vicon_pim_quadrature_coarse,vicon,2.0,13.0,18.8418,5.77882,28.6729
20260504T020331353Z,evalPimNoiseCalibration,V101,vicon_pim_quadrature_coarse,vicon,3.0,0.5,179.14,219.969,1313.82
20260504T020331353Z,evalPimNoiseCalibration,V102,vicon_pim_quadrature_coarse,vicon,3.0,0.5,111.142,219.969,1313.82
20260504T020331353Z,evalPimNoiseCalibration,V103,vicon_pim_quadrature_coarse,vicon,3.0,0.5,181.524,219.969,1313.82
20260504T020331353Z,evalPimNoiseCalibration,V201,vicon_pim_quadrature_coarse,vicon,3.0,0.5,230.166,219.969,1313.82
20260504T020331353Z,evalPimNoiseCalibration,V202,vicon_pim_quadrature_coarse,vicon,3.0,0.5,267.669,219.969,1313.82
20260504T020331353Z,evalPimNoiseCalibration,V203,vicon_pim_quadrature_coarse,vicon,3.0,0.5,350.174,219.969,1313.82
20260504T020331353Z,evalPimNoiseCalibration,V101,vicon_pim_quadrature_coarse,vicon,3.0,1.0,58.0071,69.6852,412.111
20260504T020331353Z,evalPimNoiseCalibration,V102,vicon_pim_quadrature_coarse,vicon,3.0,1.0,36.5111,69.6852,412.111
20260504T020331353Z,evalPimNoiseCalibration,V103,vicon_pim_quadrature_coarse,vicon,3.0,1.0,60.7959,69.6852,412.111
20260504T020331353Z,evalPimNoiseCalibration,V201,vicon_pim_quadrature_coarse,vicon,3.0,1.0,66.441,69.6852,412.111
20260504T020331353Z,evalPimNoiseCalibration,V202,vicon_pim_quadrature_coarse,vicon,3.0,1.0,80.0535,69.6852,412.111
20260504T020331353Z,evalPimNoiseCalibration,V203,vicon_pim_quadrature_coarse,vicon,3.0,1.0,116.303,69.6852,412.111
20260504T020331353Z,evalPimNoiseCalibration,V101,vicon_pim_quadrature_coarse,vicon,3.0,2.0,20.3423,21.9769,125.861
20260504T020331353Z,evalPimNoiseCalibration,V102,vicon_pim_quadrature_coarse,vicon,3.0,2.0,11.4232,21.9769,125.861
20260504T020331353Z,evalPimNoiseCalibration,V103,vicon_pim_quadrature_coarse,vicon,3.0,2.0,18.752,21.9769,125.861
20260504T020331353Z,evalPimNoiseCalibration,V201,vicon_pim_quadrature_coarse,vicon,3.0,2.0,18.585,21.9769,125.861
20260504T020331353Z,evalPimNoiseCalibration,V202,vicon_pim_quadrature_coarse,vicon,3.0,2.0,23.1168,21.9769,125.861
20260504T020331353Z,evalPimNoiseCalibration,V203,vicon_pim_quadrature_coarse,vicon,3.0,2.0,39.6418,21.9769,125.861
20260504T020331353Z,evalPimNoiseCalibration,V101,vicon_pim_quadrature_coarse,vicon,3.0,3.0,11.9117,11.8346,65.0076
20260504T020331353Z,evalPimNoiseCalibration,V102,vicon_pim_quadrature_coarse,vicon,3.0,3.0,5.59255,11.8346,65.0076
20260504T020331353Z,evalPimNoiseCalibration,V103,vicon_pim_quadrature_coarse,vicon,3.0,3.0,9.37361,11.8346,65.0076
20260504T020331353Z,evalPimNoiseCalibration,V201,vicon_pim_quadrature_coarse,vicon,3.0,3.0,8.94296,11.8346,65.0076
20260504T020331353Z,evalPimNoiseCalibration,V202,vicon_pim_quadrature_coarse,vicon,3.0,3.0,11.3431,11.8346,65.0076
20260504T020331353Z,evalPimNoiseCalibration,V203,vicon_pim_quadrature_coarse,vicon,3.0,3.0,23.8437,11.8346,65.0076
20260504T020331353Z,evalPimNoiseCalibration,V101,vicon_pim_quadrature_coarse,vicon,3.0,5.0,6.54316,5.88247,29.2948
20260504T020331353Z,evalPimNoiseCalibration,V102,vicon_pim_quadrature_coarse,vicon,3.0,5.0,2.50721,5.88247,29.2948
20260504T020331353Z,evalPimNoiseCalibration,V103,vicon_pim_quadrature_coarse,vicon,3.0,5.0,4.16129,5.88247,29.2948
20260504T020331353Z,evalPimNoiseCalibration,V201,vicon_pim_quadrature_coarse,vicon,3.0,5.0,3.7954,5.88247,29.2948
20260504T020331353Z,evalPimNoiseCalibration,V202,vicon_pim_quadrature_coarse,vicon,3.0,5.0,5.02402,5.88247,29.2948
20260504T020331353Z,evalPimNoiseCalibration,V203,vicon_pim_quadrature_coarse,vicon,3.0,5.0,13.2638,5.88247,29.2948
20260504T020331353Z,evalPimNoiseCalibration,V101,vicon_pim_quadrature_coarse,vicon,3.0,7.0,4.95101,4.18535,19.1121
20260504T020331353Z,evalPimNoiseCalibration,V102,vicon_pim_quadrature_coarse,vicon,3.0,7.0,1.59928,4.18535,19.1121
20260504T020331353Z,evalPimNoiseCalibration,V103,vicon_pim_quadrature_coarse,vicon,3.0,7.0,2.59546,4.18535,19.1121
20260504T020331353Z,evalPimNoiseCalibration,V201,vicon_pim_quadrature_coarse,vicon,3.0,7.0,2.31334,4.18535,19.1121
20260504T020331353Z,evalPimNoiseCalibration,V202,vicon_pim_quadrature_coarse,vicon,3.0,7.0,3.13133,4.18535,19.1121
20260504T020331353Z,evalPimNoiseCalibration,V203,vicon_pim_quadrature_coarse,vicon,3.0,7.0,10.5217,4.18535,19.1121
20260504T020331353Z,evalPimNoiseCalibration,V101,vicon_pim_quadrature_coarse,vicon,3.0,10.0,3.99644,3.2339,13.4034
20260504T020331353Z,evalPimNoiseCalibration,V102,vicon_pim_quadrature_coarse,vicon,3.0,10.0,1.02408,3.2339,13.4034
20260504T020331353Z,evalPimNoiseCalibration,V103,vicon_pim_quadrature_coarse,vicon,3.0,10.0,1.68823,3.2339,13.4034
20260504T020331353Z,evalPimNoiseCalibration,V201,vicon_pim_quadrature_coarse,vicon,3.0,10.0,1.4574,3.2339,13.4034
20260504T020331353Z,evalPimNoiseCalibration,V202,vicon_pim_quadrature_coarse,vicon,3.0,10.0,2.0647,3.2339,13.4034
20260504T020331353Z,evalPimNoiseCalibration,V203,vicon_pim_quadrature_coarse,vicon,3.0,10.0,9.17254,3.2339,13.4034
20260504T020331353Z,evalPimNoiseCalibration,V101,vicon_pim_quadrature_coarse,vicon,3.0,13.0,3.70143,2.8642,11.5564
20260504T020331353Z,evalPimNoiseCalibration,V102,vicon_pim_quadrature_coarse,vicon,3.0,13.0,0.814389,2.8642,11.5564
20260504T020331353Z,evalPimNoiseCalibration,V103,vicon_pim_quadrature_coarse,vicon,3.0,13.0,1.29312,2.8642,11.5564
20260504T020331353Z,evalPimNoiseCalibration,V201,vicon_pim_quadrature_coarse,vicon,3.0,13.0,1.13715,2.8642,11.5564
20260504T020331353Z,evalPimNoiseCalibration,V202,vicon_pim_quadrature_coarse,vicon,3.0,13.0,1.63057,2.8642,11.5564
20260504T020331353Z,evalPimNoiseCalibration,V203,vicon_pim_quadrature_coarse,vicon,3.0,13.0,8.60855,2.8642,11.5564
20260504T020331353Z,evalPimNoiseCalibration,V101,vicon_pim_quadrature_coarse,vicon,5.0,0.5,159.869,197.921,1181.53
20260504T020331353Z,evalPimNoiseCalibration,V102,vicon_pim_quadrature_coarse,vicon,5.0,0.5,101.066,197.921,1181.53
20260504T020331353Z,evalPimNoiseCalibration,V103,vicon_pim_quadrature_coarse,vicon,5.0,0.5,171.236,197.921,1181.53
20260504T020331353Z,evalPimNoiseCalibration,V201,vicon_pim_quadrature_coarse,vicon,5.0,0.5,208.153,197.921,1181.53
20260504T020331353Z,evalPimNoiseCalibration,V202,vicon_pim_quadrature_coarse,vicon,5.0,0.5,241.701,197.921,1181.53
20260504T020331353Z,evalPimNoiseCalibration,V203,vicon_pim_quadrature_coarse,vicon,5.0,0.5,305.503,197.921,1181.53
20260504T020331353Z,evalPimNoiseCalibration,V101,vicon_pim_quadrature_coarse,vicon,5.0,1.0,52.813,65.1329,384.798
20260504T020331353Z,evalPimNoiseCalibration,V102,vicon_pim_quadrature_coarse,vicon,5.0,1.0,35.9409,65.1329,384.798
20260504T020331353Z,evalPimNoiseCalibration,V103,vicon_pim_quadrature_coarse,vicon,5.0,1.0,58.6379,65.1329,384.798
20260504T020331353Z,evalPimNoiseCalibration,V201,vicon_pim_quadrature_coarse,vicon,5.0,1.0,64.0224,65.1329,384.798
20260504T020331353Z,evalPimNoiseCalibration,V202,vicon_pim_quadrature_coarse,vicon,5.0,1.0,77.4075,65.1329,384.798
20260504T020331353Z,evalPimNoiseCalibration,V203,vicon_pim_quadrature_coarse,vicon,5.0,1.0,101.976,65.1329,384.798
20260504T020331353Z,evalPimNoiseCalibration,V101,vicon_pim_quadrature_coarse,vicon,5.0,2.0,16.3473,19.7361,112.416
20260504T020331353Z,evalPimNoiseCalibration,V102,vicon_pim_quadrature_coarse,vicon,5.0,2.0,10.8218,19.7361,112.416
20260504T020331353Z,evalPimNoiseCalibration,V103,vicon_pim_quadrature_coarse,vicon,5.0,2.0,18.1393,19.7361,112.416
20260504T020331353Z,evalPimNoiseCalibration,V201,vicon_pim_quadrature_coarse,vicon,5.0,2.0,17.8879,19.7361,112.416
20260504T020331353Z,evalPimNoiseCalibration,V202,vicon_pim_quadrature_coarse,vicon,5.0,2.0,22.0304,19.7361,112.416
20260504T020331353Z,evalPimNoiseCalibration,V203,vicon_pim_quadrature_coarse,vicon,5.0,2.0,33.1899,19.7361,112.416
20260504T020331353Z,evalPimNoiseCalibration,V101,vicon_pim_quadrature_coarse,vicon,5.0,3.0,8.74866,9.71917,52.315
20260504T020331353Z,evalPimNoiseCalibration,V102,vicon_pim_quadrature_coarse,vicon,5.0,3.0,5.18563,9.71917,52.315
20260504T020331353Z,evalPimNoiseCalibration,V103,vicon_pim_quadrature_coarse,vicon,5.0,3.0,8.69894,9.71917,52.315
20260504T020331353Z,evalPimNoiseCalibration,V201,vicon_pim_quadrature_coarse,vicon,5.0,3.0,8.33562,9.71917,52.315
20260504T020331353Z,evalPimNoiseCalibration,V202,vicon_pim_quadrature_coarse,vicon,5.0,3.0,10.3329,9.71917,52.315
20260504T020331353Z,evalPimNoiseCalibration,V203,vicon_pim_quadrature_coarse,vicon,5.0,3.0,17.0132,9.71917,52.315
20260504T020331353Z,evalPimNoiseCalibration,V101,vicon_pim_quadrature_coarse,vicon,5.0,5.0,4.31222,4.30142,19.8085
20260504T020331353Z,evalPimNoiseCalibration,V102,vicon_pim_quadrature_coarse,vicon,5.0,5.0,2.06749,4.30142,19.8085
20260504T020331353Z,evalPimNoiseCalibration,V103,vicon_pim_quadrature_coarse,vicon,5.0,5.0,3.42969,4.30142,19.8085
20260504T020331353Z,evalPimNoiseCalibration,V201,vicon_pim_quadrature_coarse,vicon,5.0,5.0,3.22825,4.30142,19.8085
20260504T020331353Z,evalPimNoiseCalibration,V202,vicon_pim_quadrature_coarse,vicon,5.0,5.0,4.13728,4.30142,19.8085
20260504T020331353Z,evalPimNoiseCalibration,V203,vicon_pim_quadrature_coarse,vicon,5.0,5.0,8.63356,4.30142,19.8085
20260504T020331353Z,evalPimNoiseCalibration,V101,vicon_pim_quadrature_coarse,vicon,5.0,7.0,2.83149,2.6268,9.76082
20260504T020331353Z,evalPimNoiseCalibration,V102,vicon_pim_quadrature_coarse,vicon,5.0,7.0,1.15727,2.6268,9.76082
20260504T020331353Z,evalPimNoiseCalibration,V103,vicon_pim_quadrature_coarse,vicon,5.0,7.0,1.97059,2.6268,9.76082
20260504T020331353Z,evalPimNoiseCalibration,V201,vicon_pim_quadrature_coarse,vicon,5.0,7.0,1.79639,2.6268,9.76082
20260504T020331353Z,evalPimNoiseCalibration,V202,vicon_pim_quadrature_coarse,vicon,5.0,7.0,2.37035,2.6268,9.76082
20260504T020331353Z,evalPimNoiseCalibration,V203,vicon_pim_quadrature_coarse,vicon,5.0,7.0,5.63473,2.6268,9.76082
20260504T020331353Z,evalPimNoiseCalibration,V101,vicon_pim_quadrature_coarse,vicon,5.0,10.0,1.99716,1.74646,5.05175
20260504T020331353Z,evalPimNoiseCalibration,V102,vicon_pim_quadrature_coarse,vicon,5.0,10.0,0.713517,1.74646,5.05175
20260504T020331353Z,evalPimNoiseCalibration,V103,vicon_pim_quadrature_coarse,vicon,5.0,10.0,1.16541,1.74646,5.05175
20260504T020331353Z,evalPimNoiseCalibration,V201,vicon_pim_quadrature_coarse,vicon,5.0,10.0,1.03798,1.74646,5.05175
20260504T020331353Z,evalPimNoiseCalibration,V202,vicon_pim_quadrature_coarse,vicon,5.0,10.0,1.38146,1.74646,5.05175
20260504T020331353Z,evalPimNoiseCalibration,V203,vicon_pim_quadrature_coarse,vicon,5.0,10.0,4.18325,1.74646,5.05175
20260504T020331353Z,evalPimNoiseCalibration,V101,vicon_pim_quadrature_coarse,vicon,5.0,13.0,1.64354,1.38258,4.23066
20260504T020331353Z,evalPimNoiseCalibration,V102,vicon_pim_quadrature_coarse,vicon,5.0,13.0,0.496926,1.38258,4.23066
20260504T020331353Z,evalPimNoiseCalibration,V103,vicon_pim_quadrature_coarse,vicon,5.0,13.0,0.815463,1.38258,4.23066
20260504T020331353Z,evalPimNoiseCalibration,V201,vicon_pim_quadrature_coarse,vicon,5.0,13.0,0.728469,1.38258,4.23066
20260504T020331353Z,evalPimNoiseCalibration,V202,vicon_pim_quadrature_coarse,vicon,5.0,13.0,0.991537,1.38258,4.23066
20260504T020331353Z,evalPimNoiseCalibration,V203,vicon_pim_quadrature_coarse,vicon,5.0,13.0,3.61952,1.38258,4.23066
20260504T020331353Z,evalPimNoiseCalibration,V101,vicon_pim_quadrature_coarse,vicon,7.0,0.5,145.055,177.212,1057.27
20260504T020331353Z,evalPimNoiseCalibration,V102,vicon_pim_quadrature_coarse,vicon,7.0,0.5,94.3697,177.212,1057.27
20260504T020331353Z,evalPimNoiseCalibration,V103,vicon_pim_quadrature_coarse,vicon,7.0,0.5,161.468,177.212,1057.27
20260504T020331353Z,evalPimNoiseCalibration,V201,vicon_pim_quadrature_coarse,vicon,7.0,0.5,183.95,177.212,1057.27
20260504T020331353Z,evalPimNoiseCalibration,V202,vicon_pim_quadrature_coarse,vicon,7.0,0.5,214.244,177.212,1057.27
20260504T020331353Z,evalPimNoiseCalibration,V203,vicon_pim_quadrature_coarse,vicon,7.0,0.5,264.187,177.212,1057.27
20260504T020331353Z,evalPimNoiseCalibration,V101,vicon_pim_quadrature_coarse,vicon,7.0,1.0,50.1364,61.8428,365.057
20260504T020331353Z,evalPimNoiseCalibration,V102,vicon_pim_quadrature_coarse,vicon,7.0,1.0,35.1719,61.8428,365.057
20260504T020331353Z,evalPimNoiseCalibration,V103,vicon_pim_quadrature_coarse,vicon,7.0,1.0,57.0364,61.8428,365.057
20260504T020331353Z,evalPimNoiseCalibration,V201,vicon_pim_quadrature_coarse,vicon,7.0,1.0,61.2656,61.8428,365.057
20260504T020331353Z,evalPimNoiseCalibration,V202,vicon_pim_quadrature_coarse,vicon,7.0,1.0,74.3141,61.8428,365.057
20260504T020331353Z,evalPimNoiseCalibration,V203,vicon_pim_quadrature_coarse,vicon,7.0,1.0,93.1321,61.8428,365.057
20260504T020331353Z,evalPimNoiseCalibration,V101,vicon_pim_quadrature_coarse,vicon,7.0,2.0,15.2315,18.6329,105.797
20260504T020331353Z,evalPimNoiseCalibration,V102,vicon_pim_quadrature_coarse,vicon,7.0,2.0,10.6161,18.6329,105.797
20260504T020331353Z,evalPimNoiseCalibration,V103,vicon_pim_quadrature_coarse,vicon,7.0,2.0,17.8178,18.6329,105.797
20260504T020331353Z,evalPimNoiseCalibration,V201,vicon_pim_quadrature_coarse,vicon,7.0,2.0,17.524,18.6329,105.797
20260504T020331353Z,evalPimNoiseCalibration,V202,vicon_pim_quadrature_coarse,vicon,7.0,2.0,21.4603,18.6329,105.797
20260504T020331353Z,evalPimNoiseCalibration,V203,vicon_pim_quadrature_coarse,vicon,7.0,2.0,29.1477,18.6329,105.797
20260504T020331353Z,evalPimNoiseCalibration,V101,vicon_pim_quadrature_coarse,vicon,7.0,3.0,7.59717,9.09307,48.5584
20260504T020331353Z,evalPimNoiseCalibration,V102,vicon_pim_quadrature_coarse,vicon,7.0,3.0,5.04165,9.09307,48.5584
20260504T020331353Z,evalPimNoiseCalibration,V103,vicon_pim_quadrature_coarse,vicon,7.0,3.0,8.54919,9.09307,48.5584
20260504T020331353Z,evalPimNoiseCalibration,V201,vicon_pim_quadrature_coarse,vicon,7.0,3.0,8.09075,9.09307,48.5584
20260504T020331353Z,evalPimNoiseCalibration,V202,vicon_pim_quadrature_coarse,vicon,7.0,3.0,10.1128,9.09307,48.5584
20260504T020331353Z,evalPimNoiseCalibration,V203,vicon_pim_quadrature_coarse,vicon,7.0,3.0,15.1669,9.09307,48.5584
20260504T020331353Z,evalPimNoiseCalibration,V101,vicon_pim_quadrature_coarse,vicon,7.0,5.0,3.47539,3.74651,16.4791
20260504T020331353Z,evalPimNoiseCalibration,V102,vicon_pim_quadrature_coarse,vicon,7.0,5.0,1.96837,3.74651,16.4791
20260504T020331353Z,evalPimNoiseCalibration,V103,vicon_pim_quadrature_coarse,vicon,7.0,5.0,3.25622,3.74651,16.4791
20260504T020331353Z,evalPimNoiseCalibration,V201,vicon_pim_quadrature_coarse,vicon,7.0,5.0,3.06955,3.74651,16.4791
20260504T020331353Z,evalPimNoiseCalibration,V202,vicon_pim_quadrature_coarse,vicon,7.0,5.0,3.89421,3.74651,16.4791
20260504T020331353Z,evalPimNoiseCalibration,V203,vicon_pim_quadrature_coarse,vicon,7.0,5.0,6.81532,3.74651,16.4791
20260504T020331353Z,evalPimNoiseCalibration,V101,vicon_pim_quadrature_coarse,vicon,7.0,7.0,2.20271,2.20161,7.20967
20260504T020331353Z,evalPimNoiseCalibration,V102,vicon_pim_quadrature_coarse,vicon,7.0,7.0,1.06296,2.20161,7.20967
20260504T020331353Z,evalPimNoiseCalibration,V103,vicon_pim_quadrature_coarse,vicon,7.0,7.0,1.75817,2.20161,7.20967
20260504T020331353Z,evalPimNoiseCalibration,V201,vicon_pim_quadrature_coarse,vicon,7.0,7.0,1.64796,2.20161,7.20967
20260504T020331353Z,evalPimNoiseCalibration,V202,vicon_pim_quadrature_coarse,vicon,7.0,7.0,2.1231,2.20161,7.20967
20260504T020331353Z,evalPimNoiseCalibration,V203,vicon_pim_quadrature_coarse,vicon,7.0,7.0,4.41477,2.20161,7.20967
20260504T020331353Z,evalPimNoiseCalibration,V101,vicon_pim_quadrature_coarse,vicon,7.0,10.0,1.41813,1.30978,2.98277
20260504T020331353Z,evalPimNoiseCalibration,V102,vicon_pim_quadrature_coarse,vicon,7.0,10.0,0.570987,1.30978,2.98277
20260504T020331353Z,evalPimNoiseCalibration,V103,vicon_pim_quadrature_coarse,vicon,7.0,10.0,0.975485,1.30978,2.98277
20260504T020331353Z,evalPimNoiseCalibration,V201,vicon_pim_quadrature_coarse,vicon,7.0,10.0,0.891467,1.30978,2.98277
20260504T020331353Z,evalPimNoiseCalibration,V202,vicon_pim_quadrature_coarse,vicon,7.0,10.0,1.17898,1.30978,2.98277
20260504T020331353Z,evalPimNoiseCalibration,V203,vicon_pim_quadrature_coarse,vicon,7.0,10.0,2.8236,1.30978,2.98277
20260504T020331353Z,evalPimNoiseCalibration,V101,vicon_pim_quadrature_coarse,vicon,7.0,13.0,1.08665,0.961335,2.88825
20260504T020331353Z,evalPimNoiseCalibration,V102,vicon_pim_quadrature_coarse,vicon,7.0,13.0,0.403815,0.961335,2.88825
20260504T020331353Z,evalPimNoiseCalibration,V103,vicon_pim_quadrature_coarse,vicon,7.0,13.0,0.659042,0.961335,2.88825
20260504T020331353Z,evalPimNoiseCalibration,V201,vicon_pim_quadrature_coarse,vicon,7.0,13.0,0.588887,0.961335,2.88825
20260504T020331353Z,evalPimNoiseCalibration,V202,vicon_pim_quadrature_coarse,vicon,7.0,13.0,0.788135,0.961335,2.88825
20260504T020331353Z,evalPimNoiseCalibration,V203,vicon_pim_quadrature_coarse,vicon,7.0,13.0,2.24148,0.961335,2.88825
20260504T020331353Z,evalPimNoiseCalibration,V101,vicon_pim_quadrature_coarse,vicon,10.0,0.5,121.219,149.237,889.422
20260504T020331353Z,evalPimNoiseCalibration,V102,vicon_pim_quadrature_coarse,vicon,10.0,0.5,84.7496,149.237,889.422
20260504T020331353Z,evalPimNoiseCalibration,V103,vicon_pim_quadrature_coarse,vicon,10.0,0.5,144.321,149.237,889.422
20260504T020331353Z,evalPimNoiseCalibration,V201,vicon_pim_quadrature_coarse,vicon,10.0,0.5,149.821,149.237,889.422
20260504T020331353Z,evalPimNoiseCalibration,V202,vicon_pim_quadrature_coarse,vicon,10.0,0.5,178.906,149.237,889.422
20260504T020331353Z,evalPimNoiseCalibration,V203,vicon_pim_quadrature_coarse,vicon,10.0,0.5,216.405,149.237,889.422
20260504T020331353Z,evalPimNoiseCalibration,V101,vicon_pim_quadrature_coarse,vicon,10.0,1.0,46.2306,57.6471,339.883
20260504T020331353Z,evalPimNoiseCalibration,V102,vicon_pim_quadrature_coarse,vicon,10.0,1.0,33.8125,57.6471,339.883
20260504T020331353Z,evalPimNoiseCalibration,V103,vicon_pim_quadrature_coarse,vicon,10.0,1.0,55.2657,57.6471,339.883
20260504T020331353Z,evalPimNoiseCalibration,V201,vicon_pim_quadrature_coarse,vicon,10.0,1.0,56.4587,57.6471,339.883
20260504T020331353Z,evalPimNoiseCalibration,V202,vicon_pim_quadrature_coarse,vicon,10.0,1.0,68.6811,57.6471,339.883
20260504T020331353Z,evalPimNoiseCalibration,V203,vicon_pim_quadrature_coarse,vicon,10.0,1.0,85.4341,57.6471,339.883
20260504T020331353Z,evalPimNoiseCalibration,V101,vicon_pim_quadrature_coarse,vicon,10.0,2.0,14.3977,17.8894,101.336
20260504T020331353Z,evalPimNoiseCalibration,V102,vicon_pim_quadrature_coarse,vicon,10.0,2.0,10.4315,17.8894,101.336
20260504T020331353Z,evalPimNoiseCalibration,V103,vicon_pim_quadrature_coarse,vicon,10.0,2.0,17.5634,17.8894,101.336
20260504T020331353Z,evalPimNoiseCalibration,V201,vicon_pim_quadrature_coarse,vicon,10.0,2.0,17.0695,17.8894,101.336
20260504T020331353Z,evalPimNoiseCalibration,V202,vicon_pim_quadrature_coarse,vicon,10.0,2.0,20.8794,17.8894,101.336
20260504T020331353Z,evalPimNoiseCalibration,V203,vicon_pim_quadrature_coarse,vicon,10.0,2.0,26.9949,17.8894,101.336
20260504T020331353Z,evalPimNoiseCalibration,V101,vicon_pim_quadrature_coarse,vicon,10.0,3.0,6.88741,8.57207,45.4324
20260504T020331353Z,evalPimNoiseCalibration,V102,vicon_pim_quadrature_coarse,vicon,10.0,3.0,4.92512,8.57207,45.4324
20260504T020331353Z,evalPimNoiseCalibration,V103,vicon_pim_quadrature_coarse,vicon,10.0,3.0,8.41859,8.57207,45.4324
20260504T020331353Z,evalPimNoiseCalibration,V201,vicon_pim_quadrature_coarse,vicon,10.0,3.0,7.92628,8.57207,45.4324
20260504T020331353Z,evalPimNoiseCalibration,V202,vicon_pim_quadrature_coarse,vicon,10.0,3.0,9.79885,8.57207,45.4324
20260504T020331353Z,evalPimNoiseCalibration,V203,vicon_pim_quadrature_coarse,vicon,10.0,3.0,13.4762,8.57207,45.4324
20260504T020331353Z,evalPimNoiseCalibration,V101,vicon_pim_quadrature_coarse,vicon,10.0,5.0,2.95798,3.42249,14.535
20260504T020331353Z,evalPimNoiseCalibration,V102,vicon_pim_quadrature_coarse,vicon,10.0,5.0,1.87666,3.42249,14.535
20260504T020331353Z,evalPimNoiseCalibration,V103,vicon_pim_quadrature_coarse,vicon,10.0,5.0,3.17377,3.42249,14.535
20260504T020331353Z,evalPimNoiseCalibration,V201,vicon_pim_quadrature_coarse,vicon,10.0,5.0,2.97514,3.42249,14.535
20260504T020331353Z,evalPimNoiseCalibration,V202,vicon_pim_quadrature_coarse,vicon,10.0,5.0,3.73105,3.42249,14.535
20260504T020331353Z,evalPimNoiseCalibration,V203,vicon_pim_quadrature_coarse,vicon,10.0,5.0,5.82036,3.42249,14.535
20260504T020331353Z,evalPimNoiseCalibration,V101,vicon_pim_quadrature_coarse,vicon,10.0,7.0,1.75329,1.89983,5.39897
20260504T020331353Z,evalPimNoiseCalibration,V102,vicon_pim_quadrature_coarse,vicon,10.0,7.0,1.00806,1.89983,5.39897
20260504T020331353Z,evalPimNoiseCalibration,V103,vicon_pim_quadrature_coarse,vicon,10.0,7.0,1.66782,1.89983,5.39897
20260504T020331353Z,evalPimNoiseCalibration,V201,vicon_pim_quadrature_coarse,vicon,10.0,7.0,1.56714,1.89983,5.39897
20260504T020331353Z,evalPimNoiseCalibration,V202,vicon_pim_quadrature_coarse,vicon,10.0,7.0,1.98502,1.89983,5.39897
20260504T020331353Z,evalPimNoiseCalibration,V203,vicon_pim_quadrature_coarse,vicon,10.0,7.0,3.41765,1.89983,5.39897
20260504T020331353Z,evalPimNoiseCalibration,V101,vicon_pim_quadrature_coarse,vicon,10.0,10.0,1.08044,1.08084,2.09613
20260504T020331353Z,evalPimNoiseCalibration,V102,vicon_pim_quadrature_coarse,vicon,10.0,10.0,0.52301,1.08084,2.09613
20260504T020331353Z,evalPimNoiseCalibration,V103,vicon_pim_quadrature_coarse,vicon,10.0,10.0,0.863718,1.08084,2.09613
20260504T020331353Z,evalPimNoiseCalibration,V201,vicon_pim_quadrature_coarse,vicon,10.0,10.0,0.807741,1.08084,2.09613
20260504T020331353Z,evalPimNoiseCalibration,V202,vicon_pim_quadrature_coarse,vicon,10.0,10.0,1.04137,1.08084,2.09613
20260504T020331353Z,evalPimNoiseCalibration,V203,vicon_pim_quadrature_coarse,vicon,10.0,10.0,2.16878,1.08084,2.09613
20260504T020331353Z,evalPimNoiseCalibration,V101,vicon_pim_quadrature_coarse,vicon,10.0,13.0,0.761908,0.731025,2.7458
20260504T020331353Z,evalPimNoiseCalibration,V102,vicon_pim_quadrature_coarse,vicon,10.0,13.0,0.331772,0.731025,2.7458
20260504T020331353Z,evalPimNoiseCalibration,V103,vicon_pim_quadrature_coarse,vicon,10.0,13.0,0.554786,0.731025,2.7458
20260504T020331353Z,evalPimNoiseCalibration,V201,vicon_pim_quadrature_coarse,vicon,10.0,13.0,0.506881,0.731025,2.7458
20260504T020331353Z,evalPimNoiseCalibration,V202,vicon_pim_quadrature_coarse,vicon,10.0,13.0,0.664826,0.731025,2.7458
20260504T020331353Z,evalPimNoiseCalibration,V203,vicon_pim_quadrature_coarse,vicon,10.0,13.0,1.56598,0.731025,2.7458
20260504T020331353Z,evalPimNoiseCalibration,V101,vicon_pim_quadrature_coarse,vicon,13.0,0.5,101.827,128.14,762.841
20260504T020331353Z,evalPimNoiseCalibration,V102,vicon_pim_quadrature_coarse,vicon,13.0,0.5,75.7476,128.14,762.841
20260504T020331353Z,evalPimNoiseCalibration,V103,vicon_pim_quadrature_coarse,vicon,13.0,0.5,134.006,128.14,762.841
20260504T020331353Z,evalPimNoiseCalibration,V201,vicon_pim_quadrature_coarse,vicon,13.0,0.5,124.322,128.14,762.841
20260504T020331353Z,evalPimNoiseCalibration,V202,vicon_pim_quadrature_coarse,vicon,13.0,0.5,150.132,128.14,762.841
20260504T020331353Z,evalPimNoiseCalibration,V203,vicon_pim_quadrature_coarse,vicon,13.0,0.5,182.806,128.14,762.841
20260504T020331353Z,evalPimNoiseCalibration,V101,vicon_pim_quadrature_coarse,vicon,13.0,1.0,42.6641,53.7295,316.377
20260504T020331353Z,evalPimNoiseCalibration,V102,vicon_pim_quadrature_coarse,vicon,13.0,1.0,32.0083,53.7295,316.377
20260504T020331353Z,evalPimNoiseCalibration,V103,vicon_pim_quadrature_coarse,vicon,13.0,1.0,52.7571,53.7295,316.377
20260504T020331353Z,evalPimNoiseCalibration,V201,vicon_pim_quadrature_coarse,vicon,13.0,1.0,52.2999,53.7295,316.377
20260504T020331353Z,evalPimNoiseCalibration,V202,vicon_pim_quadrature_coarse,vicon,13.0,1.0,64.2971,53.7295,316.377
20260504T020331353Z,evalPimNoiseCalibration,V203,vicon_pim_quadrature_coarse,vicon,13.0,1.0,78.3505,53.7295,316.377
20260504T020331353Z,evalPimNoiseCalibration,V101,vicon_pim_quadrature_coarse,vicon,13.0,2.0,13.8152,17.3469,98.0814
20260504T020331353Z,evalPimNoiseCalibration,V102,vicon_pim_quadrature_coarse,vicon,13.0,2.0,10.2644,17.3469,98.0814
20260504T020331353Z,evalPimNoiseCalibration,V103,vicon_pim_quadrature_coarse,vicon,13.0,2.0,17.4439,17.3469,98.0814
20260504T020331353Z,evalPimNoiseCalibration,V201,vicon_pim_quadrature_coarse,vicon,13.0,2.0,16.7528,17.3469,98.0814
20260504T020331353Z,evalPimNoiseCalibration,V202,vicon_pim_quadrature_coarse,vicon,13.0,2.0,20.5223,17.3469,98.0814
20260504T020331353Z,evalPimNoiseCalibration,V203,vicon_pim_quadrature_coarse,vicon,13.0,2.0,25.2826,17.3469,98.0814
20260504T020331353Z,evalPimNoiseCalibration,V101,vicon_pim_quadrature_coarse,vicon,13.0,3.0,6.68987,8.30749,43.8449
20260504T020331353Z,evalPimNoiseCalibration,V102,vicon_pim_quadrature_coarse,vicon,13.0,3.0,4.86824,8.30749,43.8449
20260504T020331353Z,evalPimNoiseCalibration,V103,vicon_pim_quadrature_coarse,vicon,13.0,3.0,8.33537,8.30749,43.8449
20260504T020331353Z,evalPimNoiseCalibration,V201,vicon_pim_quadrature_coarse,vicon,13.0,3.0,7.78643,8.30749,43.8449
20260504T020331353Z,evalPimNoiseCalibration,V202,vicon_pim_quadrature_coarse,vicon,13.0,3.0,9.68442,8.30749,43.8449
20260504T020331353Z,evalPimNoiseCalibration,V203,vicon_pim_quadrature_coarse,vicon,13.0,3.0,12.4806,8.30749,43.8449
20260504T020331353Z,evalPimNoiseCalibration,V101,vicon_pim_quadrature_coarse,vicon,13.0,5.0,2.67541,3.26225,13.5735
20260504T020331353Z,evalPimNoiseCalibration,V102,vicon_pim_quadrature_coarse,vicon,13.0,5.0,1.84049,3.26225,13.5735
20260504T020331353Z,evalPimNoiseCalibration,V103,vicon_pim_quadrature_coarse,vicon,13.0,5.0,3.14387,3.26225,13.5735
20260504T020331353Z,evalPimNoiseCalibration,V201,vicon_pim_quadrature_coarse,vicon,13.0,5.0,2.92821,3.26225,13.5735
20260504T020331353Z,evalPimNoiseCalibration,V202,vicon_pim_quadrature_coarse,vicon,13.0,5.0,3.65598,3.26225,13.5735
20260504T020331353Z,evalPimNoiseCalibration,V203,vicon_pim_quadrature_coarse,vicon,13.0,5.0,5.32957,3.26225,13.5735
20260504T020331353Z,evalPimNoiseCalibration,V101,vicon_pim_quadrature_coarse,vicon,13.0,7.0,1.55871,1.77923,4.73229
20260504T020331353Z,evalPimNoiseCalibration,V102,vicon_pim_quadrature_coarse,vicon,13.0,7.0,0.971555,1.77923,4.73229
20260504T020331353Z,evalPimNoiseCalibration,V103,vicon_pim_quadrature_coarse,vicon,13.0,7.0,1.64137,1.77923,4.73229
20260504T020331353Z,evalPimNoiseCalibration,V201,vicon_pim_quadrature_coarse,vicon,13.0,7.0,1.53095,1.77923,4.73229
20260504T020331353Z,evalPimNoiseCalibration,V202,vicon_pim_quadrature_coarse,vicon,13.0,7.0,1.91691,1.77923,4.73229
20260504T020331353Z,evalPimNoiseCalibration,V203,vicon_pim_quadrature_coarse,vicon,13.0,7.0,3.05591,1.77923,4.73229
20260504T020331353Z,evalPimNoiseCalibration,V101,vicon_pim_quadrature_coarse,vicon,13.0,10.0,0.906778,0.969477,1.81035
20260504T020331353Z,evalPimNoiseCalibration,V102,vicon_pim_quadrature_coarse,vicon,13.0,10.0,0.501168,0.969477,1.81035
20260504T020331353Z,evalPimNoiseCalibration,V103,vicon_pim_quadrature_coarse,vicon,13.0,10.0,0.82675,0.969477,1.81035
20260504T020331353Z,evalPimNoiseCalibration,V201,vicon_pim_quadrature_coarse,vicon,13.0,10.0,0.777774,0.969477,1.81035
20260504T020331353Z,evalPimNoiseCalibration,V202,vicon_pim_quadrature_coarse,vicon,13.0,10.0,0.990784,0.969477,1.81035
20260504T020331353Z,evalPimNoiseCalibration,V203,vicon_pim_quadrature_coarse,vicon,13.0,10.0,1.81361,0.969477,1.81035
20260504T020331353Z,evalPimNoiseCalibration,V101,vicon_pim_quadrature_coarse,vicon,13.0,13.0,0.639577,0.640036,2.72899
20260504T020331353Z,evalPimNoiseCalibration,V102,vicon_pim_quadrature_coarse,vicon,13.0,13.0,0.309986,0.640036,2.72899
20260504T020331353Z,evalPimNoiseCalibration,V103,vicon_pim_quadrature_coarse,vicon,13.0,13.0,0.511596,0.640036,2.72899
20260504T020331353Z,evalPimNoiseCalibration,V201,vicon_pim_quadrature_coarse,vicon,13.0,13.0,0.478009,0.640036,2.72899
20260504T020331353Z,evalPimNoiseCalibration,V202,vicon_pim_quadrature_coarse,vicon,13.0,13.0,0.616445,0.640036,2.72899
20260504T020331353Z,evalPimNoiseCalibration,V203,vicon_pim_quadrature_coarse,vicon,13.0,13.0,1.28461,0.640036,2.72899
20260504T020331353Z,evalPimNoiseCalibration,V101,vicon_pim_tangent_coarse,vicon,0.5,0.5,378.334,395.451,2366.71
20260504T020331353Z,evalPimNoiseCalibration,V102,vicon_pim_tangent_coarse,vicon,0.5,0.5,182.848,395.451,2366.71
20260504T020331353Z,evalPimNoiseCalibration,V103,vicon_pim_tangent_coarse,vicon,0.5,0.5,307.113,395.451,2366.71
20260504T020331353Z,evalPimNoiseCalibration,V201,vicon_pim_tangent_coarse,vicon,0.5,0.5,314.663,395.451,2366.71
20260504T020331353Z,evalPimNoiseCalibration,V202,vicon_pim_tangent_coarse,vicon,0.5,0.5,486.983,395.451,2366.71
20260504T020331353Z,evalPimNoiseCalibration,V203,vicon_pim_tangent_coarse,vicon,0.5,0.5,702.767,395.451,2366.71
20260504T020331353Z,evalPimNoiseCalibration,V101,vicon_pim_tangent_coarse,vicon,0.5,1.0,213.92,194.83,1162.98
20260504T020331353Z,evalPimNoiseCalibration,V102,vicon_pim_tangent_coarse,vicon,0.5,1.0,89.3036,194.83,1162.98
20260504T020331353Z,evalPimNoiseCalibration,V103,vicon_pim_tangent_coarse,vicon,0.5,1.0,161.988,194.83,1162.98
20260504T020331353Z,evalPimNoiseCalibration,V201,vicon_pim_tangent_coarse,vicon,0.5,1.0,128.035,194.83,1162.98
20260504T020331353Z,evalPimNoiseCalibration,V202,vicon_pim_tangent_coarse,vicon,0.5,1.0,228.479,194.83,1162.98
20260504T020331353Z,evalPimNoiseCalibration,V203,vicon_pim_tangent_coarse,vicon,0.5,1.0,347.251,194.83,1162.98
20260504T020331353Z,evalPimNoiseCalibration,V101,vicon_pim_tangent_coarse,vicon,0.5,2.0,162.808,129.128,768.768
20260504T020331353Z,evalPimNoiseCalibration,V102,vicon_pim_tangent_coarse,vicon,0.5,2.0,54.7034,129.128,768.768
20260504T020331353Z,evalPimNoiseCalibration,V103,vicon_pim_tangent_coarse,vicon,0.5,2.0,103.966,129.128,768.768
20260504T020331353Z,evalPimNoiseCalibration,V201,vicon_pim_tangent_coarse,vicon,0.5,2.0,68.6633,129.128,768.768
20260504T020331353Z,evalPimNoiseCalibration,V202,vicon_pim_tangent_coarse,vicon,0.5,2.0,150.7,129.128,768.768
20260504T020331353Z,evalPimNoiseCalibration,V203,vicon_pim_tangent_coarse,vicon,0.5,2.0,233.927,129.128,768.768
20260504T020331353Z,evalPimNoiseCalibration,V101,vicon_pim_tangent_coarse,vicon,0.5,3.0,153.58,115.613,687.679
20260504T020331353Z,evalPimNoiseCalibration,V102,vicon_pim_tangent_coarse,vicon,0.5,3.0,47.5529,115.613,687.679
20260504T020331353Z,evalPimNoiseCalibration,V103,vicon_pim_tangent_coarse,vicon,0.5,3.0,91.943,115.613,687.679
20260504T020331353Z,evalPimNoiseCalibration,V201,vicon_pim_tangent_coarse,vicon,0.5,3.0,57.7823,115.613,687.679
20260504T020331353Z,evalPimNoiseCalibration,V202,vicon_pim_tangent_coarse,vicon,0.5,3.0,135.503,115.613,687.679
20260504T020331353Z,evalPimNoiseCalibration,V203,vicon_pim_tangent_coarse,vicon,0.5,3.0,207.318,115.613,687.679
20260504T020331353Z,evalPimNoiseCalibration,V101,vicon_pim_tangent_coarse,vicon,0.5,5.0,144.81,107.949,641.695
20260504T020331353Z,evalPimNoiseCalibration,V102,vicon_pim_tangent_coarse,vicon,0.5,5.0,43.6015,107.949,641.695
20260504T020331353Z,evalPimNoiseCalibration,V103,vicon_pim_tangent_coarse,vicon,0.5,5.0,82.7065,107.949,641.695
20260504T020331353Z,evalPimNoiseCalibration,V201,vicon_pim_tangent_coarse,vicon,0.5,5.0,51.1474,107.949,641.695
20260504T020331353Z,evalPimNoiseCalibration,V202,vicon_pim_tangent_coarse,vicon,0.5,5.0,127.833,107.949,641.695
20260504T020331353Z,evalPimNoiseCalibration,V203,vicon_pim_tangent_coarse,vicon,0.5,5.0,197.596,107.949,641.695
20260504T020331353Z,evalPimNoiseCalibration,V101,vicon_pim_tangent_coarse,vicon,0.5,7.0,143.364,105.609,627.653
20260504T020331353Z,evalPimNoiseCalibration,V102,vicon_pim_tangent_coarse,vicon,0.5,7.0,42.398,105.609,627.653
20260504T020331353Z,evalPimNoiseCalibration,V103,vicon_pim_tangent_coarse,vicon,0.5,7.0,79.8388,105.609,627.653
20260504T020331353Z,evalPimNoiseCalibration,V201,vicon_pim_tangent_coarse,vicon,0.5,7.0,49.091,105.609,627.653
20260504T020331353Z,evalPimNoiseCalibration,V202,vicon_pim_tangent_coarse,vicon,0.5,7.0,126.458,105.609,627.653
20260504T020331353Z,evalPimNoiseCalibration,V203,vicon_pim_tangent_coarse,vicon,0.5,7.0,192.503,105.609,627.653
20260504T020331353Z,evalPimNoiseCalibration,V101,vicon_pim_tangent_coarse,vicon,0.5,10.0,142.659,104.739,622.433
20260504T020331353Z,evalPimNoiseCalibration,V102,vicon_pim_tangent_coarse,vicon,0.5,10.0,41.7992,104.739,622.433
20260504T020331353Z,evalPimNoiseCalibration,V103,vicon_pim_tangent_coarse,vicon,0.5,10.0,78.3806,104.739,622.433
20260504T020331353Z,evalPimNoiseCalibration,V201,vicon_pim_tangent_coarse,vicon,0.5,10.0,47.9801,104.739,622.433
20260504T020331353Z,evalPimNoiseCalibration,V202,vicon_pim_tangent_coarse,vicon,0.5,10.0,126.043,104.739,622.433
20260504T020331353Z,evalPimNoiseCalibration,V203,vicon_pim_tangent_coarse,vicon,0.5,10.0,191.57,104.739,622.433
20260504T020331353Z,evalPimNoiseCalibration,V101,vicon_pim_tangent_coarse,vicon,0.5,13.0,142.483,104.369,620.215
20260504T020331353Z,evalPimNoiseCalibration,V102,vicon_pim_tangent_coarse,vicon,0.5,13.0,41.5639,104.369,620.215
20260504T020331353Z,evalPimNoiseCalibration,V103,vicon_pim_tangent_coarse,vicon,0.5,13.0,78.0906,104.369,620.215
20260504T020331353Z,evalPimNoiseCalibration,V201,vicon_pim_tangent_coarse,vicon,0.5,13.0,47.0965,104.369,620.215
20260504T020331353Z,evalPimNoiseCalibration,V202,vicon_pim_tangent_coarse,vicon,0.5,13.0,125.688,104.369,620.215
20260504T020331353Z,evalPimNoiseCalibration,V203,vicon_pim_tangent_coarse,vicon,0.5,13.0,191.293,104.369,620.215
20260504T020331353Z,evalPimNoiseCalibration,V101,vicon_pim_tangent_coarse,vicon,1.0,0.5,239.748,276.631,1653.78
20260504T020331353Z,evalPimNoiseCalibration,V102,vicon_pim_tangent_coarse,vicon,1.0,0.5,132.229,276.631,1653.78
20260504T020331353Z,evalPimNoiseCalibration,V103,vicon_pim_tangent_coarse,vicon,1.0,0.5,207.334,276.631,1653.78
20260504T020331353Z,evalPimNoiseCalibration,V201,vicon_pim_tangent_coarse,vicon,1.0,0.5,256.936,276.631,1653.78
20260504T020331353Z,evalPimNoiseCalibration,V202,vicon_pim_tangent_coarse,vicon,1.0,0.5,350.463,276.631,1653.78
20260504T020331353Z,evalPimNoiseCalibration,V203,vicon_pim_tangent_coarse,vicon,1.0,0.5,473.073,276.631,1653.78
20260504T020331353Z,evalPimNoiseCalibration,V101,vicon_pim_tangent_coarse,vicon,1.0,1.0,101.821,107.289,637.735
20260504T020331353Z,evalPimNoiseCalibration,V102,vicon_pim_tangent_coarse,vicon,1.0,1.0,52.8952,107.289,637.735
20260504T020331353Z,evalPimNoiseCalibration,V103,vicon_pim_tangent_coarse,vicon,1.0,1.0,90.4389,107.289,637.735
20260504T020331353Z,evalPimNoiseCalibration,V201,vicon_pim_tangent_coarse,vicon,1.0,1.0,83.9165,107.289,637.735
20260504T020331353Z,evalPimNoiseCalibration,V202,vicon_pim_tangent_coarse,vicon,1.0,1.0,128.878,107.289,637.735
20260504T020331353Z,evalPimNoiseCalibration,V203,vicon_pim_tangent_coarse,vicon,1.0,1.0,185.786,107.289,637.735
20260504T020331353Z,evalPimNoiseCalibration,V101,vicon_pim_tangent_coarse,vicon,1.0,2.0,54.8999,50.7005,298.203
20260504T020331353Z,evalPimNoiseCalibration,V102,vicon_pim_tangent_coarse,vicon,1.0,2.0,24.4823,50.7005,298.203
20260504T020331353Z,evalPimNoiseCalibration,V103,vicon_pim_tangent_coarse,vicon,1.0,2.0,43.2896,50.7005,298.203
20260504T020331353Z,evalPimNoiseCalibration,V201,vicon_pim_tangent_coarse,vicon,1.0,2.0,33.3933,50.7005,298.203
20260504T020331353Z,evalPimNoiseCalibration,V202,vicon_pim_tangent_coarse,vicon,1.0,2.0,59.3598,50.7005,298.203
20260504T020331353Z,evalPimNoiseCalibration,V203,vicon_pim_tangent_coarse,vicon,1.0,2.0,88.7783,50.7005,298.203
20260504T020331353Z,evalPimNoiseCalibration,V101,vicon_pim_tangent_coarse,vicon,1.0,3.0,44.6466,37.7606,220.563
20260504T020331353Z,evalPimNoiseCalibration,V102,vicon_pim_tangent_coarse,vicon,1.0,3.0,16.7297,37.7606,220.563
20260504T020331353Z,evalPimNoiseCalibration,V103,vicon_pim_tangent_coarse,vicon,1.0,3.0,32.2356,37.7606,220.563
20260504T020331353Z,evalPimNoiseCalibration,V201,vicon_pim_tangent_coarse,vicon,1.0,3.0,21.6018,37.7606,220.563
20260504T020331353Z,evalPimNoiseCalibration,V202,vicon_pim_tangent_coarse,vicon,1.0,3.0,43.3858,37.7606,220.563
20260504T020331353Z,evalPimNoiseCalibration,V203,vicon_pim_tangent_coarse,vicon,1.0,3.0,67.9641,37.7606,220.563
20260504T020331353Z,evalPimNoiseCalibration,V101,vicon_pim_tangent_coarse,vicon,1.0,5.0,39.2756,30.1813,175.088
20260504T020331353Z,evalPimNoiseCalibration,V102,vicon_pim_tangent_coarse,vicon,1.0,5.0,12.4614,30.1813,175.088
20260504T020331353Z,evalPimNoiseCalibration,V103,vicon_pim_tangent_coarse,vicon,1.0,5.0,24.156,30.1813,175.088
20260504T020331353Z,evalPimNoiseCalibration,V201,vicon_pim_tangent_coarse,vicon,1.0,5.0,15.5854,30.1813,175.088
20260504T020331353Z,evalPimNoiseCalibration,V202,vicon_pim_tangent_coarse,vicon,1.0,5.0,35.7534,30.1813,175.088
20260504T020331353Z,evalPimNoiseCalibration,V203,vicon_pim_tangent_coarse,vicon,1.0,5.0,53.856,30.1813,175.088
20260504T020331353Z,evalPimNoiseCalibration,V101,vicon_pim_tangent_coarse,vicon,1.0,7.0,37.2661,28.1244,162.746
20260504T020331353Z,evalPimNoiseCalibration,V102,vicon_pim_tangent_coarse,vicon,1.0,7.0,11.5765,28.1244,162.746
20260504T020331353Z,evalPimNoiseCalibration,V103,vicon_pim_tangent_coarse,vicon,1.0,7.0,22.2544,28.1244,162.746
20260504T020331353Z,evalPimNoiseCalibration,V201,vicon_pim_tangent_coarse,vicon,1.0,7.0,13.7755,28.1244,162.746
20260504T020331353Z,evalPimNoiseCalibration,V202,vicon_pim_tangent_coarse,vicon,1.0,7.0,33.0854,28.1244,162.746
20260504T020331353Z,evalPimNoiseCalibration,V203,vicon_pim_tangent_coarse,vicon,1.0,7.0,50.7885,28.1244,162.746
20260504T020331353Z,evalPimNoiseCalibration,V101,vicon_pim_tangent_coarse,vicon,1.0,10.0,36.2269,27.0069,156.041
20260504T020331353Z,evalPimNoiseCalibration,V102,vicon_pim_tangent_coarse,vicon,1.0,10.0,10.9102,27.0069,156.041
20260504T020331353Z,evalPimNoiseCalibration,V103,vicon_pim_tangent_coarse,vicon,1.0,10.0,20.7055,27.0069,156.041
20260504T020331353Z,evalPimNoiseCalibration,V201,vicon_pim_tangent_coarse,vicon,1.0,10.0,12.7942,27.0069,156.041
20260504T020331353Z,evalPimNoiseCalibration,V202,vicon_pim_tangent_coarse,vicon,1.0,10.0,31.9788,27.0069,156.041
20260504T020331353Z,evalPimNoiseCalibration,V203,vicon_pim_tangent_coarse,vicon,1.0,10.0,49.4257,27.0069,156.041
20260504T020331353Z,evalPimNoiseCalibration,V101,vicon_pim_tangent_coarse,vicon,1.0,13.0,35.9158,26.5023,153.014
20260504T020331353Z,evalPimNoiseCalibration,V102,vicon_pim_tangent_coarse,vicon,1.0,13.0,10.6548,26.5023,153.014
20260504T020331353Z,evalPimNoiseCalibration,V103,vicon_pim_tangent_coarse,vicon,1.0,13.0,20.1448,26.5023,153.014
20260504T020331353Z,evalPimNoiseCalibration,V201,vicon_pim_tangent_coarse,vicon,1.0,13.0,12.3177,26.5023,153.014
20260504T020331353Z,evalPimNoiseCalibration,V202,vicon_pim_tangent_coarse,vicon,1.0,13.0,31.6884,26.5023,153.014
20260504T020331353Z,evalPimNoiseCalibration,V203,vicon_pim_tangent_coarse,vicon,1.0,13.0,48.2922,26.5023,153.014
20260504T020331353Z,evalPimNoiseCalibration,V101,vicon_pim_tangent_coarse,vicon,2.0,0.5,191.503,231.947,1385.68
20260504T020331353Z,evalPimNoiseCalibration,V102,vicon_pim_tangent_coarse,vicon,2.0,0.5,113.217,231.947,1385.68
20260504T020331353Z,evalPimNoiseCalibration,V103,vicon_pim_tangent_coarse,vicon,2.0,0.5,181.505,231.947,1385.68
20260504T020331353Z,evalPimNoiseCalibration,V201,vicon_pim_tangent_coarse,vicon,2.0,0.5,235.074,231.947,1385.68
20260504T020331353Z,evalPimNoiseCalibration,V202,vicon_pim_tangent_coarse,vicon,2.0,0.5,288.431,231.947,1385.68
20260504T020331353Z,evalPimNoiseCalibration,V203,vicon_pim_tangent_coarse,vicon,2.0,0.5,381.949,231.947,1385.68
20260504T020331353Z,evalPimNoiseCalibration,V101,vicon_pim_tangent_coarse,vicon,2.0,1.0,65.7701,77.5536,459.322
20260504T020331353Z,evalPimNoiseCalibration,V102,vicon_pim_tangent_coarse,vicon,2.0,1.0,40.0793,77.5536,459.322
20260504T020331353Z,evalPimNoiseCalibration,V103,vicon_pim_tangent_coarse,vicon,2.0,1.0,65.4484,77.5536,459.322
20260504T020331353Z,evalPimNoiseCalibration,V201,vicon_pim_tangent_coarse,vicon,2.0,1.0,71.4516,77.5536,459.322
20260504T020331353Z,evalPimNoiseCalibration,V202,vicon_pim_tangent_coarse,vicon,2.0,1.0,94.7297,77.5536,459.322
20260504T020331353Z,evalPimNoiseCalibration,V203,vicon_pim_tangent_coarse,vicon,2.0,1.0,127.843,77.5536,459.322
20260504T020331353Z,evalPimNoiseCalibration,V101,vicon_pim_tangent_coarse,vicon,2.0,2.0,26.7661,28.4284,164.57
20260504T020331353Z,evalPimNoiseCalibration,V102,vicon_pim_tangent_coarse,vicon,2.0,2.0,14.8016,28.4284,164.57
20260504T020331353Z,evalPimNoiseCalibration,V103,vicon_pim_tangent_coarse,vicon,2.0,2.0,25.118,28.4284,164.57
20260504T020331353Z,evalPimNoiseCalibration,V201,vicon_pim_tangent_coarse,vicon,2.0,2.0,22.1925,28.4284,164.57
20260504T020331353Z,evalPimNoiseCalibration,V202,vicon_pim_tangent_coarse,vicon,2.0,2.0,33.8703,28.4284,164.57
20260504T020331353Z,evalPimNoiseCalibration,V203,vicon_pim_tangent_coarse,vicon,2.0,2.0,47.8219,28.4284,164.57
20260504T020331353Z,evalPimNoiseCalibration,V101,vicon_pim_tangent_coarse,vicon,2.0,3.0,17.6676,17.2384,97.4302
20260504T020331353Z,evalPimNoiseCalibration,V102,vicon_pim_tangent_coarse,vicon,2.0,3.0,8.85601,17.2384,97.4302
20260504T020331353Z,evalPimNoiseCalibration,V103,vicon_pim_tangent_coarse,vicon,2.0,3.0,15.3052,17.2384,97.4302
20260504T020331353Z,evalPimNoiseCalibration,V201,vicon_pim_tangent_coarse,vicon,2.0,3.0,12.2846,17.2384,97.4302
20260504T020331353Z,evalPimNoiseCalibration,V202,vicon_pim_tangent_coarse,vicon,2.0,3.0,20.1742,17.2384,97.4302
20260504T020331353Z,evalPimNoiseCalibration,V203,vicon_pim_tangent_coarse,vicon,2.0,3.0,29.1425,17.2384,97.4302
20260504T020331353Z,evalPimNoiseCalibration,V101,vicon_pim_tangent_coarse,vicon,2.0,5.0,12.2596,10.6891,58.1349
20260504T020331353Z,evalPimNoiseCalibration,V102,vicon_pim_tangent_coarse,vicon,2.0,5.0,4.9557,10.6891,58.1349
20260504T020331353Z,evalPimNoiseCalibration,V103,vicon_pim_tangent_coarse,vicon,2.0,5.0,9.22853,10.6891,58.1349
20260504T020331353Z,evalPimNoiseCalibration,V201,vicon_pim_tangent_coarse,vicon,2.0,5.0,6.53684,10.6891,58.1349
20260504T020331353Z,evalPimNoiseCalibration,V202,vicon_pim_tangent_coarse,vicon,2.0,5.0,12.31,10.6891,58.1349
20260504T020331353Z,evalPimNoiseCalibration,V203,vicon_pim_tangent_coarse,vicon,2.0,5.0,18.8442,10.6891,58.1349
20260504T020331353Z,evalPimNoiseCalibration,V101,vicon_pim_tangent_coarse,vicon,2.0,7.0,10.7041,8.69263,46.1558
20260504T020331353Z,evalPimNoiseCalibration,V102,vicon_pim_tangent_coarse,vicon,2.0,7.0,3.72926,8.69263,46.1558
20260504T020331353Z,evalPimNoiseCalibration,V103,vicon_pim_tangent_coarse,vicon,2.0,7.0,7.35138,8.69263,46.1558
20260504T020331353Z,evalPimNoiseCalibration,V201,vicon_pim_tangent_coarse,vicon,2.0,7.0,4.75939,8.69263,46.1558
20260504T020331353Z,evalPimNoiseCalibration,V202,vicon_pim_tangent_coarse,vicon,2.0,7.0,10.073,8.69263,46.1558
20260504T020331353Z,evalPimNoiseCalibration,V203,vicon_pim_tangent_coarse,vicon,2.0,7.0,15.5387,8.69263,46.1558
20260504T020331353Z,evalPimNoiseCalibration,V101,vicon_pim_tangent_coarse,vicon,2.0,10.0,9.82827,7.55376,39.3226
20260504T020331353Z,evalPimNoiseCalibration,V102,vicon_pim_tangent_coarse,vicon,2.0,10.0,3.11858,7.55376,39.3226
20260504T020331353Z,evalPimNoiseCalibration,V103,vicon_pim_tangent_coarse,vicon,2.0,10.0,6.0599,7.55376,39.3226
20260504T020331353Z,evalPimNoiseCalibration,V201,vicon_pim_tangent_coarse,vicon,2.0,10.0,3.89983,7.55376,39.3226
20260504T020331353Z,evalPimNoiseCalibration,V202,vicon_pim_tangent_coarse,vicon,2.0,10.0,8.9463,7.55376,39.3226
20260504T020331353Z,evalPimNoiseCalibration,V203,vicon_pim_tangent_coarse,vicon,2.0,10.0,13.4697,7.55376,39.3226
20260504T020331353Z,evalPimNoiseCalibration,V101,vicon_pim_tangent_coarse,vicon,2.0,13.0,9.48003,7.13149,36.789
20260504T020331353Z,evalPimNoiseCalibration,V102,vicon_pim_tangent_coarse,vicon,2.0,13.0,2.93759,7.13149,36.789
20260504T020331353Z,evalPimNoiseCalibration,V103,vicon_pim_tangent_coarse,vicon,2.0,13.0,5.71095,7.13149,36.789
20260504T020331353Z,evalPimNoiseCalibration,V201,vicon_pim_tangent_coarse,vicon,2.0,13.0,3.51518,7.13149,36.789
20260504T020331353Z,evalPimNoiseCalibration,V202,vicon_pim_tangent_coarse,vicon,2.0,13.0,8.3617,7.13149,36.789
20260504T020331353Z,evalPimNoiseCalibration,V203,vicon_pim_tangent_coarse,vicon,2.0,13.0,12.7835,7.13149,36.789
20260504T020331353Z,evalPimNoiseCalibration,V101,vicon_pim_tangent_coarse,vicon,3.0,0.5,173.31,217.104,1296.62
20260504T020331353Z,evalPimNoiseCalibration,V102,vicon_pim_tangent_coarse,vicon,3.0,0.5,106.945,217.104,1296.62
20260504T020331353Z,evalPimNoiseCalibration,V103,vicon_pim_tangent_coarse,vicon,3.0,0.5,173.692,217.104,1296.62
20260504T020331353Z,evalPimNoiseCalibration,V201,vicon_pim_tangent_coarse,vicon,3.0,0.5,224.027,217.104,1296.62
20260504T020331353Z,evalPimNoiseCalibration,V202,vicon_pim_tangent_coarse,vicon,3.0,0.5,273.545,217.104,1296.62
20260504T020331353Z,evalPimNoiseCalibration,V203,vicon_pim_tangent_coarse,vicon,3.0,0.5,351.105,217.104,1296.62
20260504T020331353Z,evalPimNoiseCalibration,V101,vicon_pim_tangent_coarse,vicon,3.0,1.0,56.3528,69.4746,410.847
20260504T020331353Z,evalPimNoiseCalibration,V102,vicon_pim_tangent_coarse,vicon,3.0,1.0,37.3165,69.4746,410.847
20260504T020331353Z,evalPimNoiseCalibration,V103,vicon_pim_tangent_coarse,vicon,3.0,1.0,60.6022,69.4746,410.847
20260504T020331353Z,evalPimNoiseCalibration,V201,vicon_pim_tangent_coarse,vicon,3.0,1.0,67.5571,69.4746,410.847
20260504T020331353Z,evalPimNoiseCalibration,V202,vicon_pim_tangent_coarse,vicon,3.0,1.0,85.2378,69.4746,410.847
20260504T020331353Z,evalPimNoiseCalibration,V203,vicon_pim_tangent_coarse,vicon,3.0,1.0,109.781,69.4746,410.847
20260504T020331353Z,evalPimNoiseCalibration,V101,vicon_pim_tangent_coarse,vicon,3.0,2.0,20.2924,23.1698,133.019
20260504T020331353Z,evalPimNoiseCalibration,V102,vicon_pim_tangent_coarse,vicon,3.0,2.0,12.4928,23.1698,133.019
20260504T020331353Z,evalPimNoiseCalibration,V103,vicon_pim_tangent_coarse,vicon,3.0,2.0,21.0285,23.1698,133.019
20260504T020331353Z,evalPimNoiseCalibration,V201,vicon_pim_tangent_coarse,vicon,3.0,2.0,19.8428,23.1698,133.019
20260504T020331353Z,evalPimNoiseCalibration,V202,vicon_pim_tangent_coarse,vicon,3.0,2.0,27.2209,23.1698,133.019
20260504T020331353Z,evalPimNoiseCalibration,V203,vicon_pim_tangent_coarse,vicon,3.0,2.0,38.1416,23.1698,133.019
20260504T020331353Z,evalPimNoiseCalibration,V101,vicon_pim_tangent_coarse,vicon,3.0,3.0,12.2179,12.9051,71.4304
20260504T020331353Z,evalPimNoiseCalibration,V102,vicon_pim_tangent_coarse,vicon,3.0,3.0,6.76314,12.9051,71.4304
20260504T020331353Z,evalPimNoiseCalibration,V103,vicon_pim_tangent_coarse,vicon,3.0,3.0,11.6824,12.9051,71.4304
20260504T020331353Z,evalPimNoiseCalibration,V201,vicon_pim_tangent_coarse,vicon,3.0,3.0,10.0014,12.9051,71.4304
20260504T020331353Z,evalPimNoiseCalibration,V202,vicon_pim_tangent_coarse,vicon,3.0,3.0,15.2253,12.9051,71.4304
20260504T020331353Z,evalPimNoiseCalibration,V203,vicon_pim_tangent_coarse,vicon,3.0,3.0,21.5403,12.9051,71.4304
20260504T020331353Z,evalPimNoiseCalibration,V101,vicon_pim_tangent_coarse,vicon,3.0,5.0,7.13434,6.88953,35.3372
20260504T020331353Z,evalPimNoiseCalibration,V102,vicon_pim_tangent_coarse,vicon,3.0,5.0,3.44174,6.88953,35.3372
20260504T020331353Z,evalPimNoiseCalibration,V103,vicon_pim_tangent_coarse,vicon,3.0,5.0,6.16245,6.88953,35.3372
20260504T020331353Z,evalPimNoiseCalibration,V201,vicon_pim_tangent_coarse,vicon,3.0,5.0,4.74534,6.88953,35.3372
20260504T020331353Z,evalPimNoiseCalibration,V202,vicon_pim_tangent_coarse,vicon,3.0,5.0,8.16169,6.88953,35.3372
20260504T020331353Z,evalPimNoiseCalibration,V203,vicon_pim_tangent_coarse,vicon,3.0,5.0,11.6916,6.88953,35.3372
20260504T020331353Z,evalPimNoiseCalibration,V101,vicon_pim_tangent_coarse,vicon,3.0,7.0,5.67179,5.05417,24.325
20260504T020331353Z,evalPimNoiseCalibration,V102,vicon_pim_tangent_coarse,vicon,3.0,7.0,2.40105,5.05417,24.325
20260504T020331353Z,evalPimNoiseCalibration,V103,vicon_pim_tangent_coarse,vicon,3.0,7.0,4.38162,5.05417,24.325
20260504T020331353Z,evalPimNoiseCalibration,V201,vicon_pim_tangent_coarse,vicon,3.0,7.0,3.17329,5.05417,24.325
20260504T020331353Z,evalPimNoiseCalibration,V202,vicon_pim_tangent_coarse,vicon,3.0,7.0,5.74688,5.05417,24.325
20260504T020331353Z,evalPimNoiseCalibration,V203,vicon_pim_tangent_coarse,vicon,3.0,7.0,8.9504,5.05417,24.325
20260504T020331353Z,evalPimNoiseCalibration,V101,vicon_pim_tangent_coarse,vicon,3.0,10.0,4.84231,3.97888,17.8733
20260504T020331353Z,evalPimNoiseCalibration,V102,vicon_pim_tangent_coarse,vicon,3.0,10.0,1.73096,3.97888,17.8733
20260504T020331353Z,evalPimNoiseCalibration,V103,vicon_pim_tangent_coarse,vicon,3.0,10.0,3.39956,3.97888,17.8733
20260504T020331353Z,evalPimNoiseCalibration,V201,vicon_pim_tangent_coarse,vicon,3.0,10.0,2.20899,3.97888,17.8733
20260504T020331353Z,evalPimNoiseCalibration,V202,vicon_pim_tangent_coarse,vicon,3.0,10.0,4.57249,3.97888,17.8733
20260504T020331353Z,evalPimNoiseCalibration,V203,vicon_pim_tangent_coarse,vicon,3.0,10.0,7.11899,3.97888,17.8733
20260504T020331353Z,evalPimNoiseCalibration,V101,vicon_pim_tangent_coarse,vicon,3.0,13.0,4.48883,3.52353,15.1412
20260504T020331353Z,evalPimNoiseCalibration,V102,vicon_pim_tangent_coarse,vicon,3.0,13.0,1.46033,3.52353,15.1412
20260504T020331353Z,evalPimNoiseCalibration,V103,vicon_pim_tangent_coarse,vicon,3.0,13.0,2.84801,3.52353,15.1412
20260504T020331353Z,evalPimNoiseCalibration,V201,vicon_pim_tangent_coarse,vicon,3.0,13.0,1.85243,3.52353,15.1412
20260504T020331353Z,evalPimNoiseCalibration,V202,vicon_pim_tangent_coarse,vicon,3.0,13.0,4.08813,3.52353,15.1412
20260504T020331353Z,evalPimNoiseCalibration,V203,vicon_pim_tangent_coarse,vicon,3.0,13.0,6.40345,3.52353,15.1412
20260504T020331353Z,evalPimNoiseCalibration,V101,vicon_pim_tangent_coarse,vicon,5.0,0.5,155.992,195.563,1167.38
20260504T020331353Z,evalPimNoiseCalibration,V102,vicon_pim_tangent_coarse,vicon,5.0,0.5,100.783,195.563,1167.38
20260504T020331353Z,evalPimNoiseCalibration,V103,vicon_pim_tangent_coarse,vicon,5.0,0.5,162.423,195.563,1167.38
20260504T020331353Z,evalPimNoiseCalibration,V201,vicon_pim_tangent_coarse,vicon,5.0,0.5,202.992,195.563,1167.38
20260504T020331353Z,evalPimNoiseCalibration,V202,vicon_pim_tangent_coarse,vicon,5.0,0.5,243.853,195.563,1167.38
20260504T020331353Z,evalPimNoiseCalibration,V203,vicon_pim_tangent_coarse,vicon,5.0,0.5,307.335,195.563,1167.38
20260504T020331353Z,evalPimNoiseCalibration,V101,vicon_pim_tangent_coarse,vicon,5.0,1.0,50.389,63.7913,376.748
20260504T020331353Z,evalPimNoiseCalibration,V102,vicon_pim_tangent_coarse,vicon,5.0,1.0,35.1664,63.7913,376.748
20260504T020331353Z,evalPimNoiseCalibration,V103,vicon_pim_tangent_coarse,vicon,5.0,1.0,57.4167,63.7913,376.748
20260504T020331353Z,evalPimNoiseCalibration,V201,vicon_pim_tangent_coarse,vicon,5.0,1.0,64.6853,63.7913,376.748
20260504T020331353Z,evalPimNoiseCalibration,V202,vicon_pim_tangent_coarse,vicon,5.0,1.0,78.4933,63.7913,376.748
20260504T020331353Z,evalPimNoiseCalibration,V203,vicon_pim_tangent_coarse,vicon,5.0,1.0,96.5968,63.7913,376.748
20260504T020331353Z,evalPimNoiseCalibration,V101,vicon_pim_tangent_coarse,vicon,5.0,2.0,15.8824,19.6766,112.06
20260504T020331353Z,evalPimNoiseCalibration,V102,vicon_pim_tangent_coarse,vicon,5.0,2.0,11.0898,19.6766,112.06
20260504T020331353Z,evalPimNoiseCalibration,V103,vicon_pim_tangent_coarse,vicon,5.0,2.0,17.9524,19.6766,112.06
20260504T020331353Z,evalPimNoiseCalibration,V201,vicon_pim_tangent_coarse,vicon,5.0,2.0,18.717,19.6766,112.06
20260504T020331353Z,evalPimNoiseCalibration,V202,vicon_pim_tangent_coarse,vicon,5.0,2.0,23.7858,19.6766,112.06
20260504T020331353Z,evalPimNoiseCalibration,V203,vicon_pim_tangent_coarse,vicon,5.0,2.0,30.6322,19.6766,112.06
20260504T020331353Z,evalPimNoiseCalibration,V101,vicon_pim_tangent_coarse,vicon,5.0,3.0,8.50841,10.0598,54.3591
20260504T020331353Z,evalPimNoiseCalibration,V102,vicon_pim_tangent_coarse,vicon,5.0,3.0,5.55984,10.0598,54.3591
20260504T020331353Z,evalPimNoiseCalibration,V103,vicon_pim_tangent_coarse,vicon,5.0,3.0,9.14648,10.0598,54.3591
20260504T020331353Z,evalPimNoiseCalibration,V201,vicon_pim_tangent_coarse,vicon,5.0,3.0,8.89006,10.0598,54.3591
20260504T020331353Z,evalPimNoiseCalibration,V202,vicon_pim_tangent_coarse,vicon,5.0,3.0,11.898,10.0598,54.3591
20260504T020331353Z,evalPimNoiseCalibration,V203,vicon_pim_tangent_coarse,vicon,5.0,3.0,16.3562,10.0598,54.3591
20260504T020331353Z,evalPimNoiseCalibration,V101,vicon_pim_tangent_coarse,vicon,5.0,5.0,4.44465,4.6959,22.1754
20260504T020331353Z,evalPimNoiseCalibration,V102,vicon_pim_tangent_coarse,vicon,5.0,5.0,2.47189,4.6959,22.1754
20260504T020331353Z,evalPimNoiseCalibration,V103,vicon_pim_tangent_coarse,vicon,5.0,5.0,4.27467,4.6959,22.1754
20260504T020331353Z,evalPimNoiseCalibration,V201,vicon_pim_tangent_coarse,vicon,5.0,5.0,3.62969,4.6959,22.1754
20260504T020331353Z,evalPimNoiseCalibration,V202,vicon_pim_tangent_coarse,vicon,5.0,5.0,5.5452,4.6959,22.1754
20260504T020331353Z,evalPimNoiseCalibration,V203,vicon_pim_tangent_coarse,vicon,5.0,5.0,7.80927,4.6959,22.1754
20260504T020331353Z,evalPimNoiseCalibration,V101,vicon_pim_tangent_coarse,vicon,5.0,7.0,3.05687,3.03486,12.2092
20260504T020331353Z,evalPimNoiseCalibration,V102,vicon_pim_tangent_coarse,vicon,5.0,7.0,1.56831,3.03486,12.2092
20260504T020331353Z,evalPimNoiseCalibration,V103,vicon_pim_tangent_coarse,vicon,5.0,7.0,2.73429,3.03486,12.2092
20260504T020331353Z,evalPimNoiseCalibration,V201,vicon_pim_tangent_coarse,vicon,5.0,7.0,2.19622,3.03486,12.2092
20260504T020331353Z,evalPimNoiseCalibration,V202,vicon_pim_tangent_coarse,vicon,5.0,7.0,3.50958,3.03486,12.2092
20260504T020331353Z,evalPimNoiseCalibration,V203,vicon_pim_tangent_coarse,vicon,5.0,7.0,5.1439,3.03486,12.2092
20260504T020331353Z,evalPimNoiseCalibration,V101,vicon_pim_tangent_coarse,vicon,5.0,10.0,2.22959,2.069,6.41401
20260504T020331353Z,evalPimNoiseCalibration,V102,vicon_pim_tangent_coarse,vicon,5.0,10.0,1.00682,2.069,6.41401
20260504T020331353Z,evalPimNoiseCalibration,V103,vicon_pim_tangent_coarse,vicon,5.0,10.0,1.80754,2.069,6.41401
20260504T020331353Z,evalPimNoiseCalibration,V201,vicon_pim_tangent_coarse,vicon,5.0,10.0,1.36861,2.069,6.41401
20260504T020331353Z,evalPimNoiseCalibration,V202,vicon_pim_tangent_coarse,vicon,5.0,10.0,2.42492,2.069,6.41401
20260504T020331353Z,evalPimNoiseCalibration,V203,vicon_pim_tangent_coarse,vicon,5.0,10.0,3.57653,2.069,6.41401
20260504T020331353Z,evalPimNoiseCalibration,V101,vicon_pim_tangent_coarse,vicon,5.0,13.0,1.91784,1.67392,4.51134
20260504T020331353Z,evalPimNoiseCalibration,V102,vicon_pim_tangent_coarse,vicon,5.0,13.0,0.766101,1.67392,4.51134
20260504T020331353Z,evalPimNoiseCalibration,V103,vicon_pim_tangent_coarse,vicon,5.0,13.0,1.43814,1.67392,4.51134
20260504T020331353Z,evalPimNoiseCalibration,V201,vicon_pim_tangent_coarse,vicon,5.0,13.0,1.00315,1.67392,4.51134
20260504T020331353Z,evalPimNoiseCalibration,V202,vicon_pim_tangent_coarse,vicon,5.0,13.0,1.92947,1.67392,4.51134
20260504T020331353Z,evalPimNoiseCalibration,V203,vicon_pim_tangent_coarse,vicon,5.0,13.0,2.98884,1.67392,4.51134
20260504T020331353Z,evalPimNoiseCalibration,V101,vicon_pim_tangent_coarse,vicon,7.0,0.5,140.017,175.539,1047.24
20260504T020331353Z,evalPimNoiseCalibration,V102,vicon_pim_tangent_coarse,vicon,7.0,0.5,94.2302,175.539,1047.24
20260504T020331353Z,evalPimNoiseCalibration,V103,vicon_pim_tangent_coarse,vicon,7.0,0.5,150.642,175.539,1047.24
20260504T020331353Z,evalPimNoiseCalibration,V201,vicon_pim_tangent_coarse,vicon,7.0,0.5,179.842,175.539,1047.24
20260504T020331353Z,evalPimNoiseCalibration,V202,vicon_pim_tangent_coarse,vicon,7.0,0.5,216.117,175.539,1047.24
20260504T020331353Z,evalPimNoiseCalibration,V203,vicon_pim_tangent_coarse,vicon,7.0,0.5,272.388,175.539,1047.24
20260504T020331353Z,evalPimNoiseCalibration,V101,vicon_pim_tangent_coarse,vicon,7.0,1.0,47.7859,60.7117,358.27
20260504T020331353Z,evalPimNoiseCalibration,V102,vicon_pim_tangent_coarse,vicon,7.0,1.0,34.0946,60.7117,358.27
20260504T020331353Z,evalPimNoiseCalibration,V103,vicon_pim_tangent_coarse,vicon,7.0,1.0,55.9009,60.7117,358.27
20260504T020331353Z,evalPimNoiseCalibration,V201,vicon_pim_tangent_coarse,vicon,7.0,1.0,62.0351,60.7117,358.27
20260504T020331353Z,evalPimNoiseCalibration,V202,vicon_pim_tangent_coarse,vicon,7.0,1.0,74.0726,60.7117,358.27
20260504T020331353Z,evalPimNoiseCalibration,V203,vicon_pim_tangent_coarse,vicon,7.0,1.0,90.3812,60.7117,358.27
20260504T020331353Z,evalPimNoiseCalibration,V101,vicon_pim_tangent_coarse,vicon,7.0,2.0,14.6302,18.3658,104.195
20260504T020331353Z,evalPimNoiseCalibration,V102,vicon_pim_tangent_coarse,vicon,7.0,2.0,10.574,18.3658,104.195
20260504T020331353Z,evalPimNoiseCalibration,V103,vicon_pim_tangent_coarse,vicon,7.0,2.0,17.192,18.3658,104.195
20260504T020331353Z,evalPimNoiseCalibration,V201,vicon_pim_tangent_coarse,vicon,7.0,2.0,18.1852,18.3658,104.195
20260504T020331353Z,evalPimNoiseCalibration,V202,vicon_pim_tangent_coarse,vicon,7.0,2.0,22.0358,18.3658,104.195
20260504T020331353Z,evalPimNoiseCalibration,V203,vicon_pim_tangent_coarse,vicon,7.0,2.0,27.5778,18.3658,104.195
20260504T020331353Z,evalPimNoiseCalibration,V101,vicon_pim_tangent_coarse,vicon,7.0,3.0,7.42948,9.11244,48.6746
20260504T020331353Z,evalPimNoiseCalibration,V102,vicon_pim_tangent_coarse,vicon,7.0,3.0,5.17305,9.11244,48.6746
20260504T020331353Z,evalPimNoiseCalibration,V103,vicon_pim_tangent_coarse,vicon,7.0,3.0,8.44394,9.11244,48.6746
20260504T020331353Z,evalPimNoiseCalibration,V201,vicon_pim_tangent_coarse,vicon,7.0,3.0,8.58431,9.11244,48.6746
20260504T020331353Z,evalPimNoiseCalibration,V202,vicon_pim_tangent_coarse,vicon,7.0,3.0,10.9885,9.11244,48.6746
20260504T020331353Z,evalPimNoiseCalibration,V203,vicon_pim_tangent_coarse,vicon,7.0,3.0,14.0554,9.11244,48.6746
20260504T020331353Z,evalPimNoiseCalibration,V101,vicon_pim_tangent_coarse,vicon,7.0,5.0,3.51904,3.97484,17.849
20260504T020331353Z,evalPimNoiseCalibration,V102,vicon_pim_tangent_coarse,vicon,7.0,5.0,2.16618,3.97484,17.849
20260504T020331353Z,evalPimNoiseCalibration,V103,vicon_pim_tangent_coarse,vicon,7.0,5.0,3.67065,3.97484,17.849
20260504T020331353Z,evalPimNoiseCalibration,V201,vicon_pim_tangent_coarse,vicon,7.0,5.0,3.3069,3.97484,17.849
20260504T020331353Z,evalPimNoiseCalibration,V202,vicon_pim_tangent_coarse,vicon,7.0,5.0,4.68088,3.97484,17.849
20260504T020331353Z,evalPimNoiseCalibration,V203,vicon_pim_tangent_coarse,vicon,7.0,5.0,6.50539,3.97484,17.849
20260504T020331353Z,evalPimNoiseCalibration,V101,vicon_pim_tangent_coarse,vicon,7.0,7.0,2.27057,2.4022,8.41321
20260504T020331353Z,evalPimNoiseCalibration,V102,vicon_pim_tangent_coarse,vicon,7.0,7.0,1.26731,2.4022,8.41321
20260504T020331353Z,evalPimNoiseCalibration,V103,vicon_pim_tangent_coarse,vicon,7.0,7.0,2.1914,2.4022,8.41321
20260504T020331353Z,evalPimNoiseCalibration,V201,vicon_pim_tangent_coarse,vicon,7.0,7.0,1.85482,2.4022,8.41321
20260504T020331353Z,evalPimNoiseCalibration,V202,vicon_pim_tangent_coarse,vicon,7.0,7.0,2.83319,2.4022,8.41321
20260504T020331353Z,evalPimNoiseCalibration,V203,vicon_pim_tangent_coarse,vicon,7.0,7.0,3.99591,2.4022,8.41321
20260504T020331353Z,evalPimNoiseCalibration,V101,vicon_pim_tangent_coarse,vicon,7.0,10.0,1.52379,1.51004,3.49492
20260504T020331353Z,evalPimNoiseCalibration,V102,vicon_pim_tangent_coarse,vicon,7.0,10.0,0.782653,1.51004,3.49492
20260504T020331353Z,evalPimNoiseCalibration,V103,vicon_pim_tangent_coarse,vicon,7.0,10.0,1.36132,1.51004,3.49492
20260504T020331353Z,evalPimNoiseCalibration,V201,vicon_pim_tangent_coarse,vicon,7.0,10.0,1.08547,1.51004,3.49492
20260504T020331353Z,evalPimNoiseCalibration,V202,vicon_pim_tangent_coarse,vicon,7.0,10.0,1.76389,1.51004,3.49492
20260504T020331353Z,evalPimNoiseCalibration,V203,vicon_pim_tangent_coarse,vicon,7.0,10.0,2.5431,1.51004,3.49492
20260504T020331353Z,evalPimNoiseCalibration,V101,vicon_pim_tangent_coarse,vicon,7.0,13.0,1.20711,1.13326,2.15477
20260504T020331353Z,evalPimNoiseCalibration,V102,vicon_pim_tangent_coarse,vicon,7.0,13.0,0.557403,1.13326,2.15477
20260504T020331353Z,evalPimNoiseCalibration,V103,vicon_pim_tangent_coarse,vicon,7.0,13.0,1.00073,1.13326,2.15477
20260504T020331353Z,evalPimNoiseCalibration,V201,vicon_pim_tangent_coarse,vicon,7.0,13.0,0.764985,1.13326,2.15477
20260504T020331353Z,evalPimNoiseCalibration,V202,vicon_pim_tangent_coarse,vicon,7.0,13.0,1.32164,1.13326,2.15477
20260504T020331353Z,evalPimNoiseCalibration,V203,vicon_pim_tangent_coarse,vicon,7.0,13.0,1.94768,1.13326,2.15477
20260504T020331353Z,evalPimNoiseCalibration,V101,vicon_pim_tangent_coarse,vicon,10.0,0.5,115.044,147.281,877.686
20260504T020331353Z,evalPimNoiseCalibration,V102,vicon_pim_tangent_coarse,vicon,10.0,0.5,82.4451,147.281,877.686
20260504T020331353Z,evalPimNoiseCalibration,V103,vicon_pim_tangent_coarse,vicon,10.0,0.5,133.808,147.281,877.686
20260504T020331353Z,evalPimNoiseCalibration,V201,vicon_pim_tangent_coarse,vicon,10.0,0.5,149.815,147.281,877.686
20260504T020331353Z,evalPimNoiseCalibration,V202,vicon_pim_tangent_coarse,vicon,10.0,0.5,179.973,147.281,877.686
20260504T020331353Z,evalPimNoiseCalibration,V203,vicon_pim_tangent_coarse,vicon,10.0,0.5,222.6,147.281,877.686
20260504T020331353Z,evalPimNoiseCalibration,V101,vicon_pim_tangent_coarse,vicon,10.0,1.0,44.4767,56.6579,333.947
20260504T020331353Z,evalPimNoiseCalibration,V102,vicon_pim_tangent_coarse,vicon,10.0,1.0,32.7402,56.6579,333.947
20260504T020331353Z,evalPimNoiseCalibration,V103,vicon_pim_tangent_coarse,vicon,10.0,1.0,53.9781,56.6579,333.947
20260504T020331353Z,evalPimNoiseCalibration,V201,vicon_pim_tangent_coarse,vicon,10.0,1.0,57.5666,56.6579,333.947
20260504T020331353Z,evalPimNoiseCalibration,V202,vicon_pim_tangent_coarse,vicon,10.0,1.0,67.8792,56.6579,333.947
20260504T020331353Z,evalPimNoiseCalibration,V203,vicon_pim_tangent_coarse,vicon,10.0,1.0,83.3066,56.6579,333.947
20260504T020331353Z,evalPimNoiseCalibration,V101,vicon_pim_tangent_coarse,vicon,10.0,2.0,13.857,17.5057,99.0344
20260504T020331353Z,evalPimNoiseCalibration,V102,vicon_pim_tangent_coarse,vicon,10.0,2.0,10.3003,17.5057,99.0344
20260504T020331353Z,evalPimNoiseCalibration,V103,vicon_pim_tangent_coarse,vicon,10.0,2.0,16.6569,17.5057,99.0344
20260504T020331353Z,evalPimNoiseCalibration,V201,vicon_pim_tangent_coarse,vicon,10.0,2.0,17.4874,17.5057,99.0344
20260504T020331353Z,evalPimNoiseCalibration,V202,vicon_pim_tangent_coarse,vicon,10.0,2.0,21.1746,17.5057,99.0344
20260504T020331353Z,evalPimNoiseCalibration,V203,vicon_pim_tangent_coarse,vicon,10.0,2.0,25.5583,17.5057,99.0344
20260504T020331353Z,evalPimNoiseCalibration,V101,vicon_pim_tangent_coarse,vicon,10.0,3.0,6.70384,8.47824,44.8694
20260504T020331353Z,evalPimNoiseCalibration,V102,vicon_pim_tangent_coarse,vicon,10.0,3.0,4.95428,8.47824,44.8694
20260504T020331353Z,evalPimNoiseCalibration,V103,vicon_pim_tangent_coarse,vicon,10.0,3.0,8.0456,8.47824,44.8694
20260504T020331353Z,evalPimNoiseCalibration,V201,vicon_pim_tangent_coarse,vicon,10.0,3.0,8.30008,8.47824,44.8694
20260504T020331353Z,evalPimNoiseCalibration,V202,vicon_pim_tangent_coarse,vicon,10.0,3.0,10.0351,8.47824,44.8694
20260504T020331353Z,evalPimNoiseCalibration,V203,vicon_pim_tangent_coarse,vicon,10.0,3.0,12.8305,8.47824,44.8694
20260504T020331353Z,evalPimNoiseCalibration,V101,vicon_pim_tangent_coarse,vicon,10.0,5.0,2.85222,3.47471,14.8482
20260504T020331353Z,evalPimNoiseCalibration,V102,vicon_pim_tangent_coarse,vicon,10.0,5.0,1.97154,3.47471,14.8482
20260504T020331353Z,evalPimNoiseCalibration,V103,vicon_pim_tangent_coarse,vicon,10.0,5.0,3.2173,3.47471,14.8482
20260504T020331353Z,evalPimNoiseCalibration,V201,vicon_pim_tangent_coarse,vicon,10.0,5.0,3.17622,3.47471,14.8482
20260504T020331353Z,evalPimNoiseCalibration,V202,vicon_pim_tangent_coarse,vicon,10.0,5.0,4.14253,3.47471,14.8482
20260504T020331353Z,evalPimNoiseCalibration,V203,vicon_pim_tangent_coarse,vicon,10.0,5.0,5.48844,3.47471,14.8482
20260504T020331353Z,evalPimNoiseCalibration,V101,vicon_pim_tangent_coarse,vicon,10.0,7.0,1.75424,2.01369,6.08212
20260504T020331353Z,evalPimNoiseCalibration,V102,vicon_pim_tangent_coarse,vicon,10.0,7.0,1.10523,2.01369,6.08212
20260504T020331353Z,evalPimNoiseCalibration,V103,vicon_pim_tangent_coarse,vicon,10.0,7.0,1.87696,2.01369,6.08212
20260504T020331353Z,evalPimNoiseCalibration,V201,vicon_pim_tangent_coarse,vicon,10.0,7.0,1.68535,2.01369,6.08212
20260504T020331353Z,evalPimNoiseCalibration,V202,vicon_pim_tangent_coarse,vicon,10.0,7.0,2.3671,2.01369,6.08212
20260504T020331353Z,evalPimNoiseCalibration,V203,vicon_pim_tangent_coarse,vicon,10.0,7.0,3.29325,2.01369,6.08212
20260504T020331353Z,evalPimNoiseCalibration,V101,vicon_pim_tangent_coarse,vicon,10.0,10.0,1.11335,1.1785,2.00649
20260504T020331353Z,evalPimNoiseCalibration,V102,vicon_pim_tangent_coarse,vicon,10.0,10.0,0.622618,1.1785,2.00649
20260504T020331353Z,evalPimNoiseCalibration,V103,vicon_pim_tangent_coarse,vicon,10.0,10.0,1.07716,1.1785,2.00649
20260504T020331353Z,evalPimNoiseCalibration,V201,vicon_pim_tangent_coarse,vicon,10.0,10.0,0.909647,1.1785,2.00649
20260504T020331353Z,evalPimNoiseCalibration,V202,vicon_pim_tangent_coarse,vicon,10.0,10.0,1.38933,1.1785,2.00649
20260504T020331353Z,evalPimNoiseCalibration,V203,vicon_pim_tangent_coarse,vicon,10.0,10.0,1.95892,1.1785,2.00649
20260504T020331353Z,evalPimNoiseCalibration,V101,vicon_pim_tangent_coarse,vicon,10.0,13.0,0.821714,0.828572,1.80754
20260504T020331353Z,evalPimNoiseCalibration,V102,vicon_pim_tangent_coarse,vicon,10.0,13.0,0.431019,0.828572,1.80754
20260504T020331353Z,evalPimNoiseCalibration,V103,vicon_pim_tangent_coarse,vicon,10.0,13.0,0.758168,0.828572,1.80754
20260504T020331353Z,evalPimNoiseCalibration,V201,vicon_pim_tangent_coarse,vicon,10.0,13.0,0.613184,0.828572,1.80754
20260504T020331353Z,evalPimNoiseCalibration,V202,vicon_pim_tangent_coarse,vicon,10.0,13.0,0.957862,0.828572,1.80754
20260504T020331353Z,evalPimNoiseCalibration,V203,vicon_pim_tangent_coarse,vicon,10.0,13.0,1.38949,0.828572,1.80754
20260504T020331353Z,evalPimNoiseCalibration,V101,vicon_pim_tangent_coarse,vicon,13.0,0.5,97.5381,126.254,751.527
20260504T020331353Z,evalPimNoiseCalibration,V102,vicon_pim_tangent_coarse,vicon,13.0,0.5,73.1065,126.254,751.527
20260504T020331353Z,evalPimNoiseCalibration,V103,vicon_pim_tangent_coarse,vicon,13.0,0.5,121.32,126.254,751.527
20260504T020331353Z,evalPimNoiseCalibration,V201,vicon_pim_tangent_coarse,vicon,13.0,0.5,126.156,126.254,751.527
20260504T020331353Z,evalPimNoiseCalibration,V202,vicon_pim_tangent_coarse,vicon,13.0,0.5,153.795,126.254,751.527
20260504T020331353Z,evalPimNoiseCalibration,V203,vicon_pim_tangent_coarse,vicon,13.0,0.5,185.611,126.254,751.527
20260504T020331353Z,evalPimNoiseCalibration,V101,vicon_pim_tangent_coarse,vicon,13.0,1.0,40.7242,52.8796,311.278
20260504T020331353Z,evalPimNoiseCalibration,V102,vicon_pim_tangent_coarse,vicon,13.0,1.0,31.3143,52.8796,311.278
20260504T020331353Z,evalPimNoiseCalibration,V103,vicon_pim_tangent_coarse,vicon,13.0,1.0,52.255,52.8796,311.278
20260504T020331353Z,evalPimNoiseCalibration,V201,vicon_pim_tangent_coarse,vicon,13.0,1.0,53.2098,52.8796,311.278
20260504T020331353Z,evalPimNoiseCalibration,V202,vicon_pim_tangent_coarse,vicon,13.0,1.0,62.7535,52.8796,311.278
20260504T020331353Z,evalPimNoiseCalibration,V203,vicon_pim_tangent_coarse,vicon,13.0,1.0,77.021,52.8796,311.278
20260504T020331353Z,evalPimNoiseCalibration,V101,vicon_pim_tangent_coarse,vicon,13.0,2.0,13.2112,16.8498,95.0987
20260504T020331353Z,evalPimNoiseCalibration,V102,vicon_pim_tangent_coarse,vicon,13.0,2.0,10.1377,16.8498,95.0987
20260504T020331353Z,evalPimNoiseCalibration,V103,vicon_pim_tangent_coarse,vicon,13.0,2.0,16.2927,16.8498,95.0987
20260504T020331353Z,evalPimNoiseCalibration,V201,vicon_pim_tangent_coarse,vicon,13.0,2.0,16.9761,16.8498,95.0987
20260504T020331353Z,evalPimNoiseCalibration,V202,vicon_pim_tangent_coarse,vicon,13.0,2.0,20.3581,16.8498,95.0987
20260504T020331353Z,evalPimNoiseCalibration,V203,vicon_pim_tangent_coarse,vicon,13.0,2.0,24.1229,16.8498,95.0987
20260504T020331353Z,evalPimNoiseCalibration,V101,vicon_pim_tangent_coarse,vicon,13.0,3.0,6.38686,8.11366,42.6819
20260504T020331353Z,evalPimNoiseCalibration,V102,vicon_pim_tangent_coarse,vicon,13.0,3.0,4.83639,8.11366,42.6819
20260504T020331353Z,evalPimNoiseCalibration,V103,vicon_pim_tangent_coarse,vicon,13.0,3.0,7.76079,8.11366,42.6819
20260504T020331353Z,evalPimNoiseCalibration,V201,vicon_pim_tangent_coarse,vicon,13.0,3.0,8.09115,8.11366,42.6819
20260504T020331353Z,evalPimNoiseCalibration,V202,vicon_pim_tangent_coarse,vicon,13.0,3.0,9.71543,8.11366,42.6819
20260504T020331353Z,evalPimNoiseCalibration,V203,vicon_pim_tangent_coarse,vicon,13.0,3.0,11.8913,8.11366,42.6819
20260504T020331353Z,evalPimNoiseCalibration,V101,vicon_pim_tangent_coarse,vicon,13.0,5.0,2.5907,3.22707,13.3624
20260504T020331353Z,evalPimNoiseCalibration,V102,vicon_pim_tangent_coarse,vicon,13.0,5.0,1.87937,3.22707,13.3624
20260504T020331353Z,evalPimNoiseCalibration,V103,vicon_pim_tangent_coarse,vicon,13.0,5.0,3.07134,3.22707,13.3624
20260504T020331353Z,evalPimNoiseCalibration,V201,vicon_pim_tangent_coarse,vicon,13.0,5.0,3.09661,3.22707,13.3624
20260504T020331353Z,evalPimNoiseCalibration,V202,vicon_pim_tangent_coarse,vicon,13.0,5.0,3.87054,3.22707,13.3624
20260504T020331353Z,evalPimNoiseCalibration,V203,vicon_pim_tangent_coarse,vicon,13.0,5.0,4.85383,3.22707,13.3624
20260504T020331353Z,evalPimNoiseCalibration,V101,vicon_pim_tangent_coarse,vicon,13.0,7.0,1.52094,1.81866,4.91194
20260504T020331353Z,evalPimNoiseCalibration,V102,vicon_pim_tangent_coarse,vicon,13.0,7.0,1.02548,1.81866,4.91194
20260504T020331353Z,evalPimNoiseCalibration,V103,vicon_pim_tangent_coarse,vicon,13.0,7.0,1.68498,1.81866,4.91194
20260504T020331353Z,evalPimNoiseCalibration,V201,vicon_pim_tangent_coarse,vicon,13.0,7.0,1.63433,1.81866,4.91194
20260504T020331353Z,evalPimNoiseCalibration,V202,vicon_pim_tangent_coarse,vicon,13.0,7.0,2.15858,1.81866,4.91194
20260504T020331353Z,evalPimNoiseCalibration,V203,vicon_pim_tangent_coarse,vicon,13.0,7.0,2.88761,1.81866,4.91194
20260504T020331353Z,evalPimNoiseCalibration,V101,vicon_pim_tangent_coarse,vicon,13.0,10.0,0.917853,1.02843,1.62874
20260504T020331353Z,evalPimNoiseCalibration,V102,vicon_pim_tangent_coarse,vicon,13.0,10.0,0.564421,1.02843,1.62874
20260504T020331353Z,evalPimNoiseCalibration,V103,vicon_pim_tangent_coarse,vicon,13.0,10.0,0.945111,1.02843,1.62874
20260504T020331353Z,evalPimNoiseCalibration,V201,vicon_pim_tangent_coarse,vicon,13.0,10.0,0.843524,1.02843,1.62874
20260504T020331353Z,evalPimNoiseCalibration,V202,vicon_pim_tangent_coarse,vicon,13.0,10.0,1.21847,1.02843,1.62874
20260504T020331353Z,evalPimNoiseCalibration,V203,vicon_pim_tangent_coarse,vicon,13.0,10.0,1.68118,1.02843,1.62874
20260504T020331353Z,evalPimNoiseCalibration,V101,vicon_pim_tangent_coarse,vicon,13.0,13.0,0.658966,0.697724,2.13233
20260504T020331353Z,evalPimNoiseCalibration,V102,vicon_pim_tangent_coarse,vicon,13.0,13.0,0.368797,0.697724,2.13233
20260504T020331353Z,evalPimNoiseCalibration,V103,vicon_pim_tangent_coarse,vicon,13.0,13.0,0.638469,0.697724,2.13233
20260504T020331353Z,evalPimNoiseCalibration,V201,vicon_pim_tangent_coarse,vicon,13.0,13.0,0.538436,0.697724,2.13233
20260504T020331353Z,evalPimNoiseCalibration,V202,vicon_pim_tangent_coarse,vicon,13.0,13.0,0.822338,0.697724,2.13233
20260504T020331353Z,evalPimNoiseCalibration,V203,vicon_pim_tangent_coarse,vicon,13.0,13.0,1.15934,0.697724,2.13233
